pageid,title,date,primary_category,url,entity,entity_type
5796,"Brazilian President party received money from FARC, say documents",2005-03-15,Politics and conflicts,"https://en.wikinews.org/wiki/Brazilian_President_party_received_money_from_FARC,_say_documents",Brazil,GPE
5796,"Brazilian President party received money from FARC, say documents",2005-03-15,Politics and conflicts,"https://en.wikinews.org/wiki/Brazilian_President_party_received_money_from_FARC,_say_documents",the Brazilian Agency,ORG
5796,"Brazilian President party received money from FARC, say documents",2005-03-15,Politics and conflicts,"https://en.wikinews.org/wiki/Brazilian_President_party_received_money_from_FARC,_say_documents",Abin,PERSON
5796,"Brazilian President party received money from FARC, say documents",2005-03-15,Politics and conflicts,"https://en.wikinews.org/wiki/Brazilian_President_party_received_money_from_FARC,_say_documents",Party,ORG
5796,"Brazilian President party received money from FARC, say documents",2005-03-15,Politics and conflicts,"https://en.wikinews.org/wiki/Brazilian_President_party_received_money_from_FARC,_say_documents",5 million dollars,MONEY
5796,"Brazilian President party received money from FARC, say documents",2005-03-15,Politics and conflicts,"https://en.wikinews.org/wiki/Brazilian_President_party_received_money_from_FARC,_say_documents",2002,DATE
5796,"Brazilian President party received money from FARC, say documents",2005-03-15,Politics and conflicts,"https://en.wikinews.org/wiki/Brazilian_President_party_received_money_from_FARC,_say_documents",Colombian,NORP
5796,"Brazilian President party received money from FARC, say documents",2005-03-15,Politics and conflicts,"https://en.wikinews.org/wiki/Brazilian_President_party_received_money_from_FARC,_say_documents",Revolutionary Armed Forces of Colombia,ORG
5796,"Brazilian President party received money from FARC, say documents",2005-03-15,Politics and conflicts,"https://en.wikinews.org/wiki/Brazilian_President_party_received_money_from_FARC,_say_documents",Brazilian,NORP
5796,"Brazilian President party received money from FARC, say documents",2005-03-15,Politics and conflicts,"https://en.wikinews.org/wiki/Brazilian_President_party_received_money_from_FARC,_say_documents",Veja,PERSON
5796,"Brazilian President party received money from FARC, say documents",2005-03-15,Politics and conflicts,"https://en.wikinews.org/wiki/Brazilian_President_party_received_money_from_FARC,_say_documents",this week,DATE
5796,"Brazilian President party received money from FARC, say documents",2005-03-15,Politics and conflicts,"https://en.wikinews.org/wiki/Brazilian_President_party_received_money_from_FARC,_say_documents",FARC,ORG
5796,"Brazilian President party received money from FARC, say documents",2005-03-15,Politics and conflicts,"https://en.wikinews.org/wiki/Brazilian_President_party_received_money_from_FARC,_say_documents",Brazil,GPE
5796,"Brazilian President party received money from FARC, say documents",2005-03-15,Politics and conflicts,"https://en.wikinews.org/wiki/Brazilian_President_party_received_money_from_FARC,_say_documents",Abin,PERSON
5796,"Brazilian President party received money from FARC, say documents",2005-03-15,Politics and conflicts,"https://en.wikinews.org/wiki/Brazilian_President_party_received_money_from_FARC,_say_documents",Colombian,NORP
5796,"Brazilian President party received money from FARC, say documents",2005-03-15,Politics and conflicts,"https://en.wikinews.org/wiki/Brazilian_President_party_received_money_from_FARC,_say_documents",FARC,ORG
5796,"Brazilian President party received money from FARC, say documents",2005-03-15,Politics and conflicts,"https://en.wikinews.org/wiki/Brazilian_President_party_received_money_from_FARC,_say_documents",Brazilian,NORP
5796,"Brazilian President party received money from FARC, say documents",2005-03-15,Politics and conflicts,"https://en.wikinews.org/wiki/Brazilian_President_party_received_money_from_FARC,_say_documents",Luiz Inácio Lula da Silva,PERSON
5796,"Brazilian President party received money from FARC, say documents",2005-03-15,Politics and conflicts,"https://en.wikinews.org/wiki/Brazilian_President_party_received_money_from_FARC,_say_documents",Latin America,LOC
5796,"Brazilian President party received money from FARC, say documents",2005-03-15,Politics and conflicts,"https://en.wikinews.org/wiki/Brazilian_President_party_received_money_from_FARC,_say_documents",Brazil,GPE
5796,"Brazilian President party received money from FARC, say documents",2005-03-15,Politics and conflicts,"https://en.wikinews.org/wiki/Brazilian_President_party_received_money_from_FARC,_say_documents",Brazilian,NORP
5796,"Brazilian President party received money from FARC, say documents",2005-03-15,Politics and conflicts,"https://en.wikinews.org/wiki/Brazilian_President_party_received_money_from_FARC,_say_documents",Abin,PERSON
5796,"Brazilian President party received money from FARC, say documents",2005-03-15,Politics and conflicts,"https://en.wikinews.org/wiki/Brazilian_President_party_received_money_from_FARC,_say_documents",0095/3100,CARDINAL
5796,"Brazilian President party received money from FARC, say documents",2005-03-15,Politics and conflicts,"https://en.wikinews.org/wiki/Brazilian_President_party_received_money_from_FARC,_say_documents","April 25, 2002",DATE
5796,"Brazilian President party received money from FARC, say documents",2005-03-15,Politics and conflicts,"https://en.wikinews.org/wiki/Brazilian_President_party_received_money_from_FARC,_say_documents","April 13, 2002",DATE
5796,"Brazilian President party received money from FARC, say documents",2005-03-15,Politics and conflicts,"https://en.wikinews.org/wiki/Brazilian_President_party_received_money_from_FARC,_say_documents",Brasilia,GPE
5796,"Brazilian President party received money from FARC, say documents",2005-03-15,Politics and conflicts,"https://en.wikinews.org/wiki/Brazilian_President_party_received_money_from_FARC,_say_documents",about 6 hours,TIME
5796,"Brazilian President party received money from FARC, say documents",2005-03-15,Politics and conflicts,"https://en.wikinews.org/wiki/Brazilian_President_party_received_money_from_FARC,_say_documents",approximately 30,CARDINAL
5796,"Brazilian President party received money from FARC, say documents",2005-03-15,Politics and conflicts,"https://en.wikinews.org/wiki/Brazilian_President_party_received_money_from_FARC,_say_documents",Olivério Medina,ORG
5796,"Brazilian President party received money from FARC, say documents",2005-03-15,Politics and conflicts,"https://en.wikinews.org/wiki/Brazilian_President_party_received_money_from_FARC,_say_documents",one,CARDINAL
5796,"Brazilian President party received money from FARC, say documents",2005-03-15,Politics and conflicts,"https://en.wikinews.org/wiki/Brazilian_President_party_received_money_from_FARC,_say_documents",FARC,ORG
5796,"Brazilian President party received money from FARC, say documents",2005-03-15,Politics and conflicts,"https://en.wikinews.org/wiki/Brazilian_President_party_received_money_from_FARC,_say_documents",Brazil,GPE
5796,"Brazilian President party received money from FARC, say documents",2005-03-15,Politics and conflicts,"https://en.wikinews.org/wiki/Brazilian_President_party_received_money_from_FARC,_say_documents",Abin,PERSON
5796,"Brazilian President party received money from FARC, say documents",2005-03-15,Politics and conflicts,"https://en.wikinews.org/wiki/Brazilian_President_party_received_money_from_FARC,_say_documents",Medina,GPE
5796,"Brazilian President party received money from FARC, say documents",2005-03-15,Politics and conflicts,"https://en.wikinews.org/wiki/Brazilian_President_party_received_money_from_FARC,_say_documents",5 million dollars,MONEY
5796,"Brazilian President party received money from FARC, say documents",2005-03-15,Politics and conflicts,"https://en.wikinews.org/wiki/Brazilian_President_party_received_money_from_FARC,_say_documents",Abin,PERSON
5796,"Brazilian President party received money from FARC, say documents",2005-03-15,Politics and conflicts,"https://en.wikinews.org/wiki/Brazilian_President_party_received_money_from_FARC,_say_documents",six,CARDINAL
5796,"Brazilian President party received money from FARC, say documents",2005-03-15,Politics and conflicts,"https://en.wikinews.org/wiki/Brazilian_President_party_received_money_from_FARC,_say_documents",FARC,ORG
5796,"Brazilian President party received money from FARC, say documents",2005-03-15,Politics and conflicts,"https://en.wikinews.org/wiki/Brazilian_President_party_received_money_from_FARC,_say_documents",six,CARDINAL
5796,"Brazilian President party received money from FARC, say documents",2005-03-15,Politics and conflicts,"https://en.wikinews.org/wiki/Brazilian_President_party_received_money_from_FARC,_say_documents",3,CARDINAL
5796,"Brazilian President party received money from FARC, say documents",2005-03-15,Politics and conflicts,"https://en.wikinews.org/wiki/Brazilian_President_party_received_money_from_FARC,_say_documents",5 million dollars,MONEY
5796,"Brazilian President party received money from FARC, say documents",2005-03-15,Politics and conflicts,"https://en.wikinews.org/wiki/Brazilian_President_party_received_money_from_FARC,_say_documents",Trinidad,GPE
5796,"Brazilian President party received money from FARC, say documents",2005-03-15,Politics and conflicts,"https://en.wikinews.org/wiki/Brazilian_President_party_received_money_from_FARC,_say_documents",Tobago,PERSON
5796,"Brazilian President party received money from FARC, say documents",2005-03-15,Politics and conflicts,"https://en.wikinews.org/wiki/Brazilian_President_party_received_money_from_FARC,_say_documents",300,CARDINAL
5796,"Brazilian President party received money from FARC, say documents",2005-03-15,Politics and conflicts,"https://en.wikinews.org/wiki/Brazilian_President_party_received_money_from_FARC,_say_documents",Brazilian,NORP
5796,"Brazilian President party received money from FARC, say documents",2005-03-15,Politics and conflicts,"https://en.wikinews.org/wiki/Brazilian_President_party_received_money_from_FARC,_say_documents",the Brazilian Congress,ORG
5796,"Brazilian President party received money from FARC, say documents",2005-03-15,Politics and conflicts,"https://en.wikinews.org/wiki/Brazilian_President_party_received_money_from_FARC,_say_documents",the Brazilian Communist Party,ORG
5796,"Brazilian President party received money from FARC, say documents",2005-03-15,Politics and conflicts,"https://en.wikinews.org/wiki/Brazilian_President_party_received_money_from_FARC,_say_documents",Maria das Graças,ORG
5796,"Brazilian President party received money from FARC, say documents",2005-03-15,Politics and conflicts,"https://en.wikinews.org/wiki/Brazilian_President_party_received_money_from_FARC,_say_documents",FARC,ORG
5796,"Brazilian President party received money from FARC, say documents",2005-03-15,Politics and conflicts,"https://en.wikinews.org/wiki/Brazilian_President_party_received_money_from_FARC,_say_documents",FARC,ORG
5796,"Brazilian President party received money from FARC, say documents",2005-03-15,Politics and conflicts,"https://en.wikinews.org/wiki/Brazilian_President_party_received_money_from_FARC,_say_documents",Mauricio,PERSON
5796,"Brazilian President party received money from FARC, say documents",2005-03-15,Politics and conflicts,"https://en.wikinews.org/wiki/Brazilian_President_party_received_money_from_FARC,_say_documents",Maria,PERSON
5796,"Brazilian President party received money from FARC, say documents",2005-03-15,Politics and conflicts,"https://en.wikinews.org/wiki/Brazilian_President_party_received_money_from_FARC,_say_documents",Mauricio,PERSON
5796,"Brazilian President party received money from FARC, say documents",2005-03-15,Politics and conflicts,"https://en.wikinews.org/wiki/Brazilian_President_party_received_money_from_FARC,_say_documents",Antonio Viana,PERSON
5796,"Brazilian President party received money from FARC, say documents",2005-03-15,Politics and conflicts,"https://en.wikinews.org/wiki/Brazilian_President_party_received_money_from_FARC,_say_documents",The Colombian Radio Caracol,ORG
5796,"Brazilian President party received money from FARC, say documents",2005-03-15,Politics and conflicts,"https://en.wikinews.org/wiki/Brazilian_President_party_received_money_from_FARC,_say_documents",Colombian,NORP
5796,"Brazilian President party received money from FARC, say documents",2005-03-15,Politics and conflicts,"https://en.wikinews.org/wiki/Brazilian_President_party_received_money_from_FARC,_say_documents",FARC,ORG
5796,"Brazilian President party received money from FARC, say documents",2005-03-15,Politics and conflicts,"https://en.wikinews.org/wiki/Brazilian_President_party_received_money_from_FARC,_say_documents",476 million,CARDINAL
5796,"Brazilian President party received money from FARC, say documents",2005-03-15,Politics and conflicts,"https://en.wikinews.org/wiki/Brazilian_President_party_received_money_from_FARC,_say_documents",FARC,ORG
5796,"Brazilian President party received money from FARC, say documents",2005-03-15,Politics and conflicts,"https://en.wikinews.org/wiki/Brazilian_President_party_received_money_from_FARC,_say_documents",1,CARDINAL
5796,"Brazilian President party received money from FARC, say documents",2005-03-15,Politics and conflicts,"https://en.wikinews.org/wiki/Brazilian_President_party_received_money_from_FARC,_say_documents",Luis Alberto Albán,PERSON
5796,"Brazilian President party received money from FARC, say documents",2005-03-15,Politics and conflicts,"https://en.wikinews.org/wiki/Brazilian_President_party_received_money_from_FARC,_say_documents",Ovidio Salinas,GPE
5796,"Brazilian President party received money from FARC, say documents",2005-03-15,Politics and conflicts,"https://en.wikinews.org/wiki/Brazilian_President_party_received_money_from_FARC,_say_documents",Ricardo Morantes,GPE
5796,"Brazilian President party received money from FARC, say documents",2005-03-15,Politics and conflicts,"https://en.wikinews.org/wiki/Brazilian_President_party_received_money_from_FARC,_say_documents",Jairo Alfonso Lesmes,PERSON
5796,"Brazilian President party received money from FARC, say documents",2005-03-15,Politics and conflicts,"https://en.wikinews.org/wiki/Brazilian_President_party_received_money_from_FARC,_say_documents",Oliverio Medina,PERSON
5796,"Brazilian President party received money from FARC, say documents",2005-03-15,Politics and conflicts,"https://en.wikinews.org/wiki/Brazilian_President_party_received_money_from_FARC,_say_documents",Jesús Carvajalino,PERSON
5796,"Brazilian President party received money from FARC, say documents",2005-03-15,Politics and conflicts,"https://en.wikinews.org/wiki/Brazilian_President_party_received_money_from_FARC,_say_documents",Liliana López,PERSON
5796,"Brazilian President party received money from FARC, say documents",2005-03-15,Politics and conflicts,"https://en.wikinews.org/wiki/Brazilian_President_party_received_money_from_FARC,_say_documents",Medina,GPE
5796,"Brazilian President party received money from FARC, say documents",2005-03-15,Politics and conflicts,"https://en.wikinews.org/wiki/Brazilian_President_party_received_money_from_FARC,_say_documents",Brazil,GPE
5796,"Brazilian President party received money from FARC, say documents",2005-03-15,Politics and conflicts,"https://en.wikinews.org/wiki/Brazilian_President_party_received_money_from_FARC,_say_documents",FARC,ORG
5796,"Brazilian President party received money from FARC, say documents",2005-03-15,Politics and conflicts,"https://en.wikinews.org/wiki/Brazilian_President_party_received_money_from_FARC,_say_documents",Brazilian,NORP
5796,"Brazilian President party received money from FARC, say documents",2005-03-15,Politics and conflicts,"https://en.wikinews.org/wiki/Brazilian_President_party_received_money_from_FARC,_say_documents",Alberto Fraga,PERSON
5796,"Brazilian President party received money from FARC, say documents",2005-03-15,Politics and conflicts,"https://en.wikinews.org/wiki/Brazilian_President_party_received_money_from_FARC,_say_documents",PTB,ORG
5796,"Brazilian President party received money from FARC, say documents",2005-03-15,Politics and conflicts,"https://en.wikinews.org/wiki/Brazilian_President_party_received_money_from_FARC,_say_documents",Abin,PERSON
5796,"Brazilian President party received money from FARC, say documents",2005-03-15,Politics and conflicts,"https://en.wikinews.org/wiki/Brazilian_President_party_received_money_from_FARC,_say_documents",the Brazilian Congress,ORG
5796,"Brazilian President party received money from FARC, say documents",2005-03-15,Politics and conflicts,"https://en.wikinews.org/wiki/Brazilian_President_party_received_money_from_FARC,_say_documents",Luis Eduardo Grenhalg,PERSON
5796,"Brazilian President party received money from FARC, say documents",2005-03-15,Politics and conflicts,"https://en.wikinews.org/wiki/Brazilian_President_party_received_money_from_FARC,_say_documents",Fraga,PERSON
5796,"Brazilian President party received money from FARC, say documents",2005-03-15,Politics and conflicts,"https://en.wikinews.org/wiki/Brazilian_President_party_received_money_from_FARC,_say_documents",Grenhalg,PERSON
5796,"Brazilian President party received money from FARC, say documents",2005-03-15,Politics and conflicts,"https://en.wikinews.org/wiki/Brazilian_President_party_received_money_from_FARC,_say_documents",Fraga,PERSON
5796,"Brazilian President party received money from FARC, say documents",2005-03-15,Politics and conflicts,"https://en.wikinews.org/wiki/Brazilian_President_party_received_money_from_FARC,_say_documents",José Serra,PERSON
5796,"Brazilian President party received money from FARC, say documents",2005-03-15,Politics and conflicts,"https://en.wikinews.org/wiki/Brazilian_President_party_received_money_from_FARC,_say_documents",FARC,ORG
5796,"Brazilian President party received money from FARC, say documents",2005-03-15,Politics and conflicts,"https://en.wikinews.org/wiki/Brazilian_President_party_received_money_from_FARC,_say_documents",2002,DATE
5796,"Brazilian President party received money from FARC, say documents",2005-03-15,Politics and conflicts,"https://en.wikinews.org/wiki/Brazilian_President_party_received_money_from_FARC,_say_documents",the Electoral Court,ORG
5796,"Brazilian President party received money from FARC, say documents",2005-03-15,Politics and conflicts,"https://en.wikinews.org/wiki/Brazilian_President_party_received_money_from_FARC,_say_documents",National,ORG
5796,"Brazilian President party received money from FARC, say documents",2005-03-15,Politics and conflicts,"https://en.wikinews.org/wiki/Brazilian_President_party_received_money_from_FARC,_say_documents",José Genoino,PERSON
5796,"Brazilian President party received money from FARC, say documents",2005-03-15,Politics and conflicts,"https://en.wikinews.org/wiki/Brazilian_President_party_received_money_from_FARC,_say_documents",5 million dollars,MONEY
5796,"Brazilian President party received money from FARC, say documents",2005-03-15,Politics and conflicts,"https://en.wikinews.org/wiki/Brazilian_President_party_received_money_from_FARC,_say_documents",FARC,ORG
5796,"Brazilian President party received money from FARC, say documents",2005-03-15,Politics and conflicts,"https://en.wikinews.org/wiki/Brazilian_President_party_received_money_from_FARC,_say_documents",2002,DATE
5796,"Brazilian President party received money from FARC, say documents",2005-03-15,Politics and conflicts,"https://en.wikinews.org/wiki/Brazilian_President_party_received_money_from_FARC,_say_documents",José Serra,PERSON
5796,"Brazilian President party received money from FARC, say documents",2005-03-15,Politics and conflicts,"https://en.wikinews.org/wiki/Brazilian_President_party_received_money_from_FARC,_say_documents","April 25, 2002",DATE
5796,"Brazilian President party received money from FARC, say documents",2005-03-15,Politics and conflicts,"https://en.wikinews.org/wiki/Brazilian_President_party_received_money_from_FARC,_say_documents",Brazilian,NORP
5796,"Brazilian President party received money from FARC, say documents",2005-03-15,Politics and conflicts,"https://en.wikinews.org/wiki/Brazilian_President_party_received_money_from_FARC,_say_documents",Fernando Henrique Cardoso,ORG
5796,"Brazilian President party received money from FARC, say documents",2005-03-15,Politics and conflicts,"https://en.wikinews.org/wiki/Brazilian_President_party_received_money_from_FARC,_say_documents",Brazilian,NORP
5796,"Brazilian President party received money from FARC, say documents",2005-03-15,Politics and conflicts,"https://en.wikinews.org/wiki/Brazilian_President_party_received_money_from_FARC,_say_documents",the National Congress,ORG
5796,"Brazilian President party received money from FARC, say documents",2005-03-15,Politics and conflicts,"https://en.wikinews.org/wiki/Brazilian_President_party_received_money_from_FARC,_say_documents",second,ORDINAL
5796,"Brazilian President party received money from FARC, say documents",2005-03-15,Politics and conflicts,"https://en.wikinews.org/wiki/Brazilian_President_party_received_money_from_FARC,_say_documents",this year,DATE
5796,"Brazilian President party received money from FARC, say documents",2005-03-15,Politics and conflicts,"https://en.wikinews.org/wiki/Brazilian_President_party_received_money_from_FARC,_say_documents",South American,NORP
5796,"Brazilian President party received money from FARC, say documents",2005-03-15,Politics and conflicts,"https://en.wikinews.org/wiki/Brazilian_President_party_received_money_from_FARC,_say_documents",FARC,ORG
5796,"Brazilian President party received money from FARC, say documents",2005-03-15,Politics and conflicts,"https://en.wikinews.org/wiki/Brazilian_President_party_received_money_from_FARC,_say_documents",Last month,DATE
5796,"Brazilian President party received money from FARC, say documents",2005-03-15,Politics and conflicts,"https://en.wikinews.org/wiki/Brazilian_President_party_received_money_from_FARC,_say_documents",Colombia,GPE
5796,"Brazilian President party received money from FARC, say documents",2005-03-15,Politics and conflicts,"https://en.wikinews.org/wiki/Brazilian_President_party_received_money_from_FARC,_say_documents",Venezuela,GPE
5796,"Brazilian President party received money from FARC, say documents",2005-03-15,Politics and conflicts,"https://en.wikinews.org/wiki/Brazilian_President_party_received_money_from_FARC,_say_documents",FARC,ORG
5796,"Brazilian President party received money from FARC, say documents",2005-03-15,Politics and conflicts,"https://en.wikinews.org/wiki/Brazilian_President_party_received_money_from_FARC,_say_documents",Rodrigo Granda,PERSON
5796,"Brazilian President party received money from FARC, say documents",2005-03-15,Politics and conflicts,"https://en.wikinews.org/wiki/Brazilian_President_party_received_money_from_FARC,_say_documents",Colombia,GPE
5796,"Brazilian President party received money from FARC, say documents",2005-03-15,Politics and conflicts,"https://en.wikinews.org/wiki/Brazilian_President_party_received_money_from_FARC,_say_documents",Venezuela,GPE
5796,"Brazilian President party received money from FARC, say documents",2005-03-15,Politics and conflicts,"https://en.wikinews.org/wiki/Brazilian_President_party_received_money_from_FARC,_say_documents",FARC,ORG
5796,"Brazilian President party received money from FARC, say documents",2005-03-15,Politics and conflicts,"https://en.wikinews.org/wiki/Brazilian_President_party_received_money_from_FARC,_say_documents",Venezuela,GPE
5796,"Brazilian President party received money from FARC, say documents",2005-03-15,Politics and conflicts,"https://en.wikinews.org/wiki/Brazilian_President_party_received_money_from_FARC,_say_documents",Colombia,GPE
5796,"Brazilian President party received money from FARC, say documents",2005-03-15,Politics and conflicts,"https://en.wikinews.org/wiki/Brazilian_President_party_received_money_from_FARC,_say_documents",two,CARDINAL
5796,"Brazilian President party received money from FARC, say documents",2005-03-15,Politics and conflicts,"https://en.wikinews.org/wiki/Brazilian_President_party_received_money_from_FARC,_say_documents",Cuba,GPE
5796,"Brazilian President party received money from FARC, say documents",2005-03-15,Politics and conflicts,"https://en.wikinews.org/wiki/Brazilian_President_party_received_money_from_FARC,_say_documents",Fidel Castro,PERSON
5796,"Brazilian President party received money from FARC, say documents",2005-03-15,Politics and conflicts,"https://en.wikinews.org/wiki/Brazilian_President_party_received_money_from_FARC,_say_documents",second,ORDINAL
5796,"Brazilian President party received money from FARC, say documents",2005-03-15,Politics and conflicts,"https://en.wikinews.org/wiki/Brazilian_President_party_received_money_from_FARC,_say_documents",less than a month,DATE
5796,"Brazilian President party received money from FARC, say documents",2005-03-15,Politics and conflicts,"https://en.wikinews.org/wiki/Brazilian_President_party_received_money_from_FARC,_say_documents",South America,LOC
5796,"Brazilian President party received money from FARC, say documents",2005-03-15,Politics and conflicts,"https://en.wikinews.org/wiki/Brazilian_President_party_received_money_from_FARC,_say_documents",FARC,ORG
5796,"Brazilian President party received money from FARC, say documents",2005-03-15,Politics and conflicts,"https://en.wikinews.org/wiki/Brazilian_President_party_received_money_from_FARC,_say_documents",February,DATE
5796,"Brazilian President party received money from FARC, say documents",2005-03-15,Politics and conflicts,"https://en.wikinews.org/wiki/Brazilian_President_party_received_money_from_FARC,_say_documents",Paraguayan,NORP
5796,"Brazilian President party received money from FARC, say documents",2005-03-15,Politics and conflicts,"https://en.wikinews.org/wiki/Brazilian_President_party_received_money_from_FARC,_say_documents",Cecilia,GPE
5796,"Brazilian President party received money from FARC, say documents",2005-03-15,Politics and conflicts,"https://en.wikinews.org/wiki/Brazilian_President_party_received_money_from_FARC,_say_documents",Cubas Gusinky's,PERSON
5796,"Brazilian President party received money from FARC, say documents",2005-03-15,Politics and conflicts,"https://en.wikinews.org/wiki/Brazilian_President_party_received_money_from_FARC,_say_documents",31 years,DATE
5796,"Brazilian President party received money from FARC, say documents",2005-03-15,Politics and conflicts,"https://en.wikinews.org/wiki/Brazilian_President_party_received_money_from_FARC,_say_documents",Paraguay Raul Cubas,ORG
5796,"Brazilian President party received money from FARC, say documents",2005-03-15,Politics and conflicts,"https://en.wikinews.org/wiki/Brazilian_President_party_received_money_from_FARC,_say_documents",Ñemby,GPE
5796,"Brazilian President party received money from FARC, say documents",2005-03-15,Politics and conflicts,"https://en.wikinews.org/wiki/Brazilian_President_party_received_money_from_FARC,_say_documents",29 km,QUANTITY
5796,"Brazilian President party received money from FARC, say documents",2005-03-15,Politics and conflicts,"https://en.wikinews.org/wiki/Brazilian_President_party_received_money_from_FARC,_say_documents",Asuncion,NORP
5796,"Brazilian President party received money from FARC, say documents",2005-03-15,Politics and conflicts,"https://en.wikinews.org/wiki/Brazilian_President_party_received_money_from_FARC,_say_documents",Pátria Livre,PERSON
5796,"Brazilian President party received money from FARC, say documents",2005-03-15,Politics and conflicts,"https://en.wikinews.org/wiki/Brazilian_President_party_received_money_from_FARC,_say_documents",Osmar Martínez,PERSON
5796,"Brazilian President party received money from FARC, say documents",2005-03-15,Politics and conflicts,"https://en.wikinews.org/wiki/Brazilian_President_party_received_money_from_FARC,_say_documents",FARC,ORG
5796,"Brazilian President party received money from FARC, say documents",2005-03-15,Politics and conflicts,"https://en.wikinews.org/wiki/Brazilian_President_party_received_money_from_FARC,_say_documents",Rodrigo Granda,PERSON
5796,"Brazilian President party received money from FARC, say documents",2005-03-15,Politics and conflicts,"https://en.wikinews.org/wiki/Brazilian_President_party_received_money_from_FARC,_say_documents",Martinez,ORG
5796,"Brazilian President party received money from FARC, say documents",2005-03-15,Politics and conflicts,"https://en.wikinews.org/wiki/Brazilian_President_party_received_money_from_FARC,_say_documents",FARC,ORG
5796,"Brazilian President party received money from FARC, say documents",2005-03-15,Politics and conflicts,"https://en.wikinews.org/wiki/Brazilian_President_party_received_money_from_FARC,_say_documents","February 16, 2002",DATE
5796,"Brazilian President party received money from FARC, say documents",2005-03-15,Politics and conflicts,"https://en.wikinews.org/wiki/Brazilian_President_party_received_money_from_FARC,_say_documents",Colombia,GPE
5796,"Brazilian President party received money from FARC, say documents",2005-03-15,Politics and conflicts,"https://en.wikinews.org/wiki/Brazilian_President_party_received_money_from_FARC,_say_documents",FARC,ORG
5796,"Brazilian President party received money from FARC, say documents",2005-03-15,Politics and conflicts,"https://en.wikinews.org/wiki/Brazilian_President_party_received_money_from_FARC,_say_documents",Fernando Henrique Cardoso,ORG
5796,"Brazilian President party received money from FARC, say documents",2005-03-15,Politics and conflicts,"https://en.wikinews.org/wiki/Brazilian_President_party_received_money_from_FARC,_say_documents",Colombian,NORP
5796,"Brazilian President party received money from FARC, say documents",2005-03-15,Politics and conflicts,"https://en.wikinews.org/wiki/Brazilian_President_party_received_money_from_FARC,_say_documents",FARC,ORG
5796,"Brazilian President party received money from FARC, say documents",2005-03-15,Politics and conflicts,"https://en.wikinews.org/wiki/Brazilian_President_party_received_money_from_FARC,_say_documents",FARC,ORG
5796,"Brazilian President party received money from FARC, say documents",2005-03-15,Politics and conflicts,"https://en.wikinews.org/wiki/Brazilian_President_party_received_money_from_FARC,_say_documents",Colombia,GPE
5796,"Brazilian President party received money from FARC, say documents",2005-03-15,Politics and conflicts,"https://en.wikinews.org/wiki/Brazilian_President_party_received_money_from_FARC,_say_documents",the United Sates to,GPE
5796,"Brazilian President party received money from FARC, say documents",2005-03-15,Politics and conflicts,"https://en.wikinews.org/wiki/Brazilian_President_party_received_money_from_FARC,_say_documents",Colombia,GPE
5796,"Brazilian President party received money from FARC, say documents",2005-03-15,Politics and conflicts,"https://en.wikinews.org/wiki/Brazilian_President_party_received_money_from_FARC,_say_documents",FARC,ORG
5796,"Brazilian President party received money from FARC, say documents",2005-03-15,Politics and conflicts,"https://en.wikinews.org/wiki/Brazilian_President_party_received_money_from_FARC,_say_documents",FARC,ORG
5796,"Brazilian President party received money from FARC, say documents",2005-03-15,Politics and conflicts,"https://en.wikinews.org/wiki/Brazilian_President_party_received_money_from_FARC,_say_documents",FARC,ORG
5796,"Brazilian President party received money from FARC, say documents",2005-03-15,Politics and conflicts,"https://en.wikinews.org/wiki/Brazilian_President_party_received_money_from_FARC,_say_documents",Foro de São Paulo,ORG
5796,"Brazilian President party received money from FARC, say documents",2005-03-15,Politics and conflicts,"https://en.wikinews.org/wiki/Brazilian_President_party_received_money_from_FARC,_say_documents",1990,DATE
5796,"Brazilian President party received money from FARC, say documents",2005-03-15,Politics and conflicts,"https://en.wikinews.org/wiki/Brazilian_President_party_received_money_from_FARC,_say_documents",first,ORDINAL
5796,"Brazilian President party received money from FARC, say documents",2005-03-15,Politics and conflicts,"https://en.wikinews.org/wiki/Brazilian_President_party_received_money_from_FARC,_say_documents","July 4, 1990",DATE
5796,"Brazilian President party received money from FARC, say documents",2005-03-15,Politics and conflicts,"https://en.wikinews.org/wiki/Brazilian_President_party_received_money_from_FARC,_say_documents",Raul Reyes,PERSON
5796,"Brazilian President party received money from FARC, say documents",2005-03-15,Politics and conflicts,"https://en.wikinews.org/wiki/Brazilian_President_party_received_money_from_FARC,_say_documents",FARC,ORG
5796,"Brazilian President party received money from FARC, say documents",2005-03-15,Politics and conflicts,"https://en.wikinews.org/wiki/Brazilian_President_party_received_money_from_FARC,_say_documents",FARC,ORG
5796,"Brazilian President party received money from FARC, say documents",2005-03-15,Politics and conflicts,"https://en.wikinews.org/wiki/Brazilian_President_party_received_money_from_FARC,_say_documents",Brazilian,NORP
5796,"Brazilian President party received money from FARC, say documents",2005-03-15,Politics and conflicts,"https://en.wikinews.org/wiki/Brazilian_President_party_received_money_from_FARC,_say_documents",Folha de São Paulo,ORG
5796,"Brazilian President party received money from FARC, say documents",2005-03-15,Politics and conflicts,"https://en.wikinews.org/wiki/Brazilian_President_party_received_money_from_FARC,_say_documents","August 24, 2003",DATE
5796,"Brazilian President party received money from FARC, say documents",2005-03-15,Politics and conflicts,"https://en.wikinews.org/wiki/Brazilian_President_party_received_money_from_FARC,_say_documents",2,CARDINAL
5796,"Brazilian President party received money from FARC, say documents",2005-03-15,Politics and conflicts,"https://en.wikinews.org/wiki/Brazilian_President_party_received_money_from_FARC,_say_documents",Brazilian,NORP
5796,"Brazilian President party received money from FARC, say documents",2005-03-15,Politics and conflicts,"https://en.wikinews.org/wiki/Brazilian_President_party_received_money_from_FARC,_say_documents",Luiz Inácio Lula,PERSON
5796,"Brazilian President party received money from FARC, say documents",2005-03-15,Politics and conflicts,"https://en.wikinews.org/wiki/Brazilian_President_party_received_money_from_FARC,_say_documents",first,ORDINAL
5796,"Brazilian President party received money from FARC, say documents",2005-03-15,Politics and conflicts,"https://en.wikinews.org/wiki/Brazilian_President_party_received_money_from_FARC,_say_documents",San Salvador,GPE
5796,"Brazilian President party received money from FARC, say documents",2005-03-15,Politics and conflicts,"https://en.wikinews.org/wiki/Brazilian_President_party_received_money_from_FARC,_say_documents",the Foro de São Paulo,ORG
5796,"Brazilian President party received money from FARC, say documents",2005-03-15,Politics and conflicts,"https://en.wikinews.org/wiki/Brazilian_President_party_received_money_from_FARC,_say_documents",FARC,ORG
5796,"Brazilian President party received money from FARC, say documents",2005-03-15,Politics and conflicts,"https://en.wikinews.org/wiki/Brazilian_President_party_received_money_from_FARC,_say_documents",Brazil,GPE
5796,"Brazilian President party received money from FARC, say documents",2005-03-15,Politics and conflicts,"https://en.wikinews.org/wiki/Brazilian_President_party_received_money_from_FARC,_say_documents",the Landless Workers' Movement,ORG
5796,"Brazilian President party received money from FARC, say documents",2005-03-15,Politics and conflicts,"https://en.wikinews.org/wiki/Brazilian_President_party_received_money_from_FARC,_say_documents",FARC,ORG
5796,"Brazilian President party received money from FARC, say documents",2005-03-15,Politics and conflicts,"https://en.wikinews.org/wiki/Brazilian_President_party_received_money_from_FARC,_say_documents",Catholic,NORP
5796,"Brazilian President party received money from FARC, say documents",2005-03-15,Politics and conflicts,"https://en.wikinews.org/wiki/Brazilian_President_party_received_money_from_FARC,_say_documents",Carlos Alberto Libânio Christo,PERSON
5796,"Brazilian President party received money from FARC, say documents",2005-03-15,Politics and conflicts,"https://en.wikinews.org/wiki/Brazilian_President_party_received_money_from_FARC,_say_documents",Frei Betto,PERSON
5796,"Brazilian President party received money from FARC, say documents",2005-03-15,Politics and conflicts,"https://en.wikinews.org/wiki/Brazilian_President_party_received_money_from_FARC,_say_documents",Lula,PERSON
5796,"Brazilian President party received money from FARC, say documents",2005-03-15,Politics and conflicts,"https://en.wikinews.org/wiki/Brazilian_President_party_received_money_from_FARC,_say_documents",Emir Sader,PERSON
5796,"Brazilian President party received money from FARC, say documents",2005-03-15,Politics and conflicts,"https://en.wikinews.org/wiki/Brazilian_President_party_received_money_from_FARC,_say_documents",FARC,ORG
5796,"Brazilian President party received money from FARC, say documents",2005-03-15,Politics and conflicts,"https://en.wikinews.org/wiki/Brazilian_President_party_received_money_from_FARC,_say_documents",Brazilian,NORP
5796,"Brazilian President party received money from FARC, say documents",2005-03-15,Politics and conflicts,"https://en.wikinews.org/wiki/Brazilian_President_party_received_money_from_FARC,_say_documents",Luiz Fernando da Costa,PERSON
5796,"Brazilian President party received money from FARC, say documents",2005-03-15,Politics and conflicts,"https://en.wikinews.org/wiki/Brazilian_President_party_received_money_from_FARC,_say_documents",Fernandinho Beira-Mar,PERSON
5796,"Brazilian President party received money from FARC, say documents",2005-03-15,Politics and conflicts,"https://en.wikinews.org/wiki/Brazilian_President_party_received_money_from_FARC,_say_documents",Colombian,NORP
5796,"Brazilian President party received money from FARC, say documents",2005-03-15,Politics and conflicts,"https://en.wikinews.org/wiki/Brazilian_President_party_received_money_from_FARC,_say_documents","April, 2001",DATE
5796,"Brazilian President party received money from FARC, say documents",2005-03-15,Politics and conflicts,"https://en.wikinews.org/wiki/Brazilian_President_party_received_money_from_FARC,_say_documents",Maramduba,GPE
5796,"Brazilian President party received money from FARC, say documents",2005-03-15,Politics and conflicts,"https://en.wikinews.org/wiki/Brazilian_President_party_received_money_from_FARC,_say_documents",Colombia,GPE
5796,"Brazilian President party received money from FARC, say documents",2005-03-15,Politics and conflicts,"https://en.wikinews.org/wiki/Brazilian_President_party_received_money_from_FARC,_say_documents",FARC,ORG
5796,"Brazilian President party received money from FARC, say documents",2005-03-15,Politics and conflicts,"https://en.wikinews.org/wiki/Brazilian_President_party_received_money_from_FARC,_say_documents",Acacio Medina,PERSON
5796,"Brazilian President party received money from FARC, say documents",2005-03-15,Politics and conflicts,"https://en.wikinews.org/wiki/Brazilian_President_party_received_money_from_FARC,_say_documents",Negro Acácio,PERSON
5796,"Brazilian President party received money from FARC, say documents",2005-03-15,Politics and conflicts,"https://en.wikinews.org/wiki/Brazilian_President_party_received_money_from_FARC,_say_documents","April 21, 2001",DATE
5796,"Brazilian President party received money from FARC, say documents",2005-03-15,Politics and conflicts,"https://en.wikinews.org/wiki/Brazilian_President_party_received_money_from_FARC,_say_documents",Brasilia,GPE
5796,"Brazilian President party received money from FARC, say documents",2005-03-15,Politics and conflicts,"https://en.wikinews.org/wiki/Brazilian_President_party_received_money_from_FARC,_say_documents",Beira,GPE
5796,"Brazilian President party received money from FARC, say documents",2005-03-15,Politics and conflicts,"https://en.wikinews.org/wiki/Brazilian_President_party_received_money_from_FARC,_say_documents",DEA,ORG
5796,"Brazilian President party received money from FARC, say documents",2005-03-15,Politics and conflicts,"https://en.wikinews.org/wiki/Brazilian_President_party_received_money_from_FARC,_say_documents",Beira-Mar,PERSON
5796,"Brazilian President party received money from FARC, say documents",2005-03-15,Politics and conflicts,"https://en.wikinews.org/wiki/Brazilian_President_party_received_money_from_FARC,_say_documents",Colombian,NORP
5796,"Brazilian President party received money from FARC, say documents",2005-03-15,Politics and conflicts,"https://en.wikinews.org/wiki/Brazilian_President_party_received_money_from_FARC,_say_documents",US,GPE
5796,"Brazilian President party received money from FARC, say documents",2005-03-15,Politics and conflicts,"https://en.wikinews.org/wiki/Brazilian_President_party_received_money_from_FARC,_say_documents",three,CARDINAL
5796,"Brazilian President party received money from FARC, say documents",2005-03-15,Politics and conflicts,"https://en.wikinews.org/wiki/Brazilian_President_party_received_money_from_FARC,_say_documents",FARC,ORG
5796,"Brazilian President party received money from FARC, say documents",2005-03-15,Politics and conflicts,"https://en.wikinews.org/wiki/Brazilian_President_party_received_money_from_FARC,_say_documents",Colombian,NORP
5796,"Brazilian President party received money from FARC, say documents",2005-03-15,Politics and conflicts,"https://en.wikinews.org/wiki/Brazilian_President_party_received_money_from_FARC,_say_documents",Cambio,PERSON
5796,"Brazilian President party received money from FARC, say documents",2005-03-15,Politics and conflicts,"https://en.wikinews.org/wiki/Brazilian_President_party_received_money_from_FARC,_say_documents",3,CARDINAL
5796,"Brazilian President party received money from FARC, say documents",2005-03-15,Politics and conflicts,"https://en.wikinews.org/wiki/Brazilian_President_party_received_money_from_FARC,_say_documents",4,CARDINAL
5796,"Brazilian President party received money from FARC, say documents",2005-03-15,Politics and conflicts,"https://en.wikinews.org/wiki/Brazilian_President_party_received_money_from_FARC,_say_documents",Beira-Mar,ORG
5796,"Brazilian President party received money from FARC, say documents",2005-03-15,Politics and conflicts,"https://en.wikinews.org/wiki/Brazilian_President_party_received_money_from_FARC,_say_documents",600 kilos,QUANTITY
5796,"Brazilian President party received money from FARC, say documents",2005-03-15,Politics and conflicts,"https://en.wikinews.org/wiki/Brazilian_President_party_received_money_from_FARC,_say_documents",two million,CARDINAL
5796,"Brazilian President party received money from FARC, say documents",2005-03-15,Politics and conflicts,"https://en.wikinews.org/wiki/Brazilian_President_party_received_money_from_FARC,_say_documents",FARC,ORG
5796,"Brazilian President party received money from FARC, say documents",2005-03-15,Politics and conflicts,"https://en.wikinews.org/wiki/Brazilian_President_party_received_money_from_FARC,_say_documents",Colombian,NORP
5796,"Brazilian President party received money from FARC, say documents",2005-03-15,Politics and conflicts,"https://en.wikinews.org/wiki/Brazilian_President_party_received_money_from_FARC,_say_documents",FARC,ORG
5796,"Brazilian President party received money from FARC, say documents",2005-03-15,Politics and conflicts,"https://en.wikinews.org/wiki/Brazilian_President_party_received_money_from_FARC,_say_documents",Brazilian,NORP
5796,"Brazilian President party received money from FARC, say documents",2005-03-15,Politics and conflicts,"https://en.wikinews.org/wiki/Brazilian_President_party_received_money_from_FARC,_say_documents",5,CARDINAL
5796,"Brazilian President party received money from FARC, say documents",2005-03-15,Politics and conflicts,"https://en.wikinews.org/wiki/Brazilian_President_party_received_money_from_FARC,_say_documents",One,CARDINAL
5796,"Brazilian President party received money from FARC, say documents",2005-03-15,Politics and conflicts,"https://en.wikinews.org/wiki/Brazilian_President_party_received_money_from_FARC,_say_documents","the ""Permanent Committee of Solidarity",ORG
5796,"Brazilian President party received money from FARC, say documents",2005-03-15,Politics and conflicts,"https://en.wikinews.org/wiki/Brazilian_President_party_received_money_from_FARC,_say_documents",the People in Fight,ORG
5796,"Brazilian President party received money from FARC, say documents",2005-03-15,Politics and conflicts,"https://en.wikinews.org/wiki/Brazilian_President_party_received_money_from_FARC,_say_documents",more than 40,CARDINAL
5796,"Brazilian President party received money from FARC, say documents",2005-03-15,Politics and conflicts,"https://en.wikinews.org/wiki/Brazilian_President_party_received_money_from_FARC,_say_documents",São Paulo,GPE
5796,"Brazilian President party received money from FARC, say documents",2005-03-15,Politics and conflicts,"https://en.wikinews.org/wiki/Brazilian_President_party_received_money_from_FARC,_say_documents",the USP Workers Labour Union,ORG
5796,"Brazilian President party received money from FARC, say documents",2005-03-15,Politics and conflicts,"https://en.wikinews.org/wiki/Brazilian_President_party_received_money_from_FARC,_say_documents",6,CARDINAL
5796,"Brazilian President party received money from FARC, say documents",2005-03-15,Politics and conflicts,"https://en.wikinews.org/wiki/Brazilian_President_party_received_money_from_FARC,_say_documents","August, 2001",DATE
5796,"Brazilian President party received money from FARC, say documents",2005-03-15,Politics and conflicts,"https://en.wikinews.org/wiki/Brazilian_President_party_received_money_from_FARC,_say_documents",FARC,ORG
5796,"Brazilian President party received money from FARC, say documents",2005-03-15,Politics and conflicts,"https://en.wikinews.org/wiki/Brazilian_President_party_received_money_from_FARC,_say_documents",the Socialistic Youth of PDT,ORG
5796,"Brazilian President party received money from FARC, say documents",2005-03-15,Politics and conflicts,"https://en.wikinews.org/wiki/Brazilian_President_party_received_money_from_FARC,_say_documents",7,CARDINAL
5796,"Brazilian President party received money from FARC, say documents",2005-03-15,Politics and conflicts,"https://en.wikinews.org/wiki/Brazilian_President_party_received_money_from_FARC,_say_documents","March 20, 2002",DATE
5796,"Brazilian President party received money from FARC, say documents",2005-03-15,Politics and conflicts,"https://en.wikinews.org/wiki/Brazilian_President_party_received_money_from_FARC,_say_documents",Ribeirão Preto,FAC
5796,"Brazilian President party received money from FARC, say documents",2005-03-15,Politics and conflicts,"https://en.wikinews.org/wiki/Brazilian_President_party_received_money_from_FARC,_say_documents",pro-FARC,ORG
5796,"Brazilian President party received money from FARC, say documents",2005-03-15,Politics and conflicts,"https://en.wikinews.org/wiki/Brazilian_President_party_received_money_from_FARC,_say_documents",Leopoldo Paulino,PERSON
5796,"Brazilian President party received money from FARC, say documents",2005-03-15,Politics and conflicts,"https://en.wikinews.org/wiki/Brazilian_President_party_received_money_from_FARC,_say_documents",PSB,ORG
5796,"Brazilian President party received money from FARC, say documents",2005-03-15,Politics and conflicts,"https://en.wikinews.org/wiki/Brazilian_President_party_received_money_from_FARC,_say_documents",Antônio Palocci Filho,PERSON
5796,"Brazilian President party received money from FARC, say documents",2005-03-15,Politics and conflicts,"https://en.wikinews.org/wiki/Brazilian_President_party_received_money_from_FARC,_say_documents",Palocci,ORG
5796,"Brazilian President party received money from FARC, say documents",2005-03-15,Politics and conflicts,"https://en.wikinews.org/wiki/Brazilian_President_party_received_money_from_FARC,_say_documents",8,CARDINAL
5796,"Brazilian President party received money from FARC, say documents",2005-03-15,Politics and conflicts,"https://en.wikinews.org/wiki/Brazilian_President_party_received_money_from_FARC,_say_documents",9,CARDINAL
5796,"Brazilian President party received money from FARC, say documents",2005-03-15,Politics and conflicts,"https://en.wikinews.org/wiki/Brazilian_President_party_received_money_from_FARC,_say_documents",Brazilian,NORP
5796,"Brazilian President party received money from FARC, say documents",2005-03-15,Politics and conflicts,"https://en.wikinews.org/wiki/Brazilian_President_party_received_money_from_FARC,_say_documents",EPTV,ORG
5796,"Brazilian President party received money from FARC, say documents",2005-03-15,Politics and conflicts,"https://en.wikinews.org/wiki/Brazilian_President_party_received_money_from_FARC,_say_documents",yesterday,DATE
5796,"Brazilian President party received money from FARC, say documents",2005-03-15,Politics and conflicts,"https://en.wikinews.org/wiki/Brazilian_President_party_received_money_from_FARC,_say_documents",Leopoldo Paulino,PERSON
5796,"Brazilian President party received money from FARC, say documents",2005-03-15,Politics and conflicts,"https://en.wikinews.org/wiki/Brazilian_President_party_received_money_from_FARC,_say_documents",Colombian,NORP
5796,"Brazilian President party received money from FARC, say documents",2005-03-15,Politics and conflicts,"https://en.wikinews.org/wiki/Brazilian_President_party_received_money_from_FARC,_say_documents",Latin American,NORP
5796,"Brazilian President party received money from FARC, say documents",2005-03-15,Politics and conflicts,"https://en.wikinews.org/wiki/Brazilian_President_party_received_money_from_FARC,_say_documents",FARC,ORG
5796,"Brazilian President party received money from FARC, say documents",2005-03-15,Politics and conflicts,"https://en.wikinews.org/wiki/Brazilian_President_party_received_money_from_FARC,_say_documents",Paulino,ORG
5796,"Brazilian President party received money from FARC, say documents",2005-03-15,Politics and conflicts,"https://en.wikinews.org/wiki/Brazilian_President_party_received_money_from_FARC,_say_documents",the United States,GPE
5796,"Brazilian President party received money from FARC, say documents",2005-03-15,Politics and conflicts,"https://en.wikinews.org/wiki/Brazilian_President_party_received_money_from_FARC,_say_documents",Brazilian,NORP
5796,"Brazilian President party received money from FARC, say documents",2005-03-15,Politics and conflicts,"https://en.wikinews.org/wiki/Brazilian_President_party_received_money_from_FARC,_say_documents",Olivera Medina,LOC
5796,"Brazilian President party received money from FARC, say documents",2005-03-15,Politics and conflicts,"https://en.wikinews.org/wiki/Brazilian_President_party_received_money_from_FARC,_say_documents",10,CARDINAL
5796,"Brazilian President party received money from FARC, say documents",2005-03-15,Politics and conflicts,"https://en.wikinews.org/wiki/Brazilian_President_party_received_money_from_FARC,_say_documents",2001,DATE
5796,"Brazilian President party received money from FARC, say documents",2005-03-15,Politics and conflicts,"https://en.wikinews.org/wiki/Brazilian_President_party_received_money_from_FARC,_say_documents",FARC,ORG
5796,"Brazilian President party received money from FARC, say documents",2005-03-15,Politics and conflicts,"https://en.wikinews.org/wiki/Brazilian_President_party_received_money_from_FARC,_say_documents",Rio Grande,ORG
5796,"Brazilian President party received money from FARC, say documents",2005-03-15,Politics and conflicts,"https://en.wikinews.org/wiki/Brazilian_President_party_received_money_from_FARC,_say_documents",11,CARDINAL
5796,"Brazilian President party received money from FARC, say documents",2005-03-15,Politics and conflicts,"https://en.wikinews.org/wiki/Brazilian_President_party_received_money_from_FARC,_say_documents",12,CARDINAL
5796,"Brazilian President party received money from FARC, say documents",2005-03-15,Politics and conflicts,"https://en.wikinews.org/wiki/Brazilian_President_party_received_money_from_FARC,_say_documents",13,CARDINAL
5796,"Brazilian President party received money from FARC, say documents",2005-03-15,Politics and conflicts,"https://en.wikinews.org/wiki/Brazilian_President_party_received_money_from_FARC,_say_documents",FARC,ORG
5796,"Brazilian President party received money from FARC, say documents",2005-03-15,Politics and conflicts,"https://en.wikinews.org/wiki/Brazilian_President_party_received_money_from_FARC,_say_documents",the World Social Forum,ORG
5796,"Brazilian President party received money from FARC, say documents",2005-03-15,Politics and conflicts,"https://en.wikinews.org/wiki/Brazilian_President_party_received_money_from_FARC,_say_documents",Dutra,PERSON
5796,"Brazilian President party received money from FARC, say documents",2005-03-15,Politics and conflicts,"https://en.wikinews.org/wiki/Brazilian_President_party_received_money_from_FARC,_say_documents",Rio Grande,NORP
5796,"Brazilian President party received money from FARC, say documents",2005-03-15,Politics and conflicts,"https://en.wikinews.org/wiki/Brazilian_President_party_received_money_from_FARC,_say_documents",Congress,ORG
5796,"Brazilian President party received money from FARC, say documents",2005-03-15,Politics and conflicts,"https://en.wikinews.org/wiki/Brazilian_President_party_received_money_from_FARC,_say_documents",Olivio,GPE
5796,"Brazilian President party received money from FARC, say documents",2005-03-15,Politics and conflicts,"https://en.wikinews.org/wiki/Brazilian_President_party_received_money_from_FARC,_say_documents",14,CARDINAL
5796,"Brazilian President party received money from FARC, say documents",2005-03-15,Politics and conflicts,"https://en.wikinews.org/wiki/Brazilian_President_party_received_money_from_FARC,_say_documents",Brazilian,NORP
5796,"Brazilian President party received money from FARC, say documents",2005-03-15,Politics and conflicts,"https://en.wikinews.org/wiki/Brazilian_President_party_received_money_from_FARC,_say_documents",FARC,ORG
5796,"Brazilian President party received money from FARC, say documents",2005-03-15,Politics and conflicts,"https://en.wikinews.org/wiki/Brazilian_President_party_received_money_from_FARC,_say_documents",Veja,WORK_OF_ART
5796,"Brazilian President party received money from FARC, say documents",2005-03-15,Politics and conflicts,"https://en.wikinews.org/wiki/Brazilian_President_party_received_money_from_FARC,_say_documents",this week,DATE
5796,"Brazilian President party received money from FARC, say documents",2005-03-15,Politics and conflicts,"https://en.wikinews.org/wiki/Brazilian_President_party_received_money_from_FARC,_say_documents",Veja,WORK_OF_ART
5796,"Brazilian President party received money from FARC, say documents",2005-03-15,Politics and conflicts,"https://en.wikinews.org/wiki/Brazilian_President_party_received_money_from_FARC,_say_documents",Abin,PERSON
5796,"Brazilian President party received money from FARC, say documents",2005-03-15,Politics and conflicts,"https://en.wikinews.org/wiki/Brazilian_President_party_received_money_from_FARC,_say_documents",FARC,ORG
5796,"Brazilian President party received money from FARC, say documents",2005-03-15,Politics and conflicts,"https://en.wikinews.org/wiki/Brazilian_President_party_received_money_from_FARC,_say_documents",FARC,ORG
5796,"Brazilian President party received money from FARC, say documents",2005-03-15,Politics and conflicts,"https://en.wikinews.org/wiki/Brazilian_President_party_received_money_from_FARC,_say_documents",the Foro de São Paulo,ORG
5796,"Brazilian President party received money from FARC, say documents",2005-03-15,Politics and conflicts,"https://en.wikinews.org/wiki/Brazilian_President_party_received_money_from_FARC,_say_documents",Brazil,GPE
5796,"Brazilian President party received money from FARC, say documents",2005-03-15,Politics and conflicts,"https://en.wikinews.org/wiki/Brazilian_President_party_received_money_from_FARC,_say_documents",FARC,ORG
5796,"Brazilian President party received money from FARC, say documents",2005-03-15,Politics and conflicts,"https://en.wikinews.org/wiki/Brazilian_President_party_received_money_from_FARC,_say_documents",about 12 years,DATE
5796,"Brazilian President party received money from FARC, say documents",2005-03-15,Politics and conflicts,"https://en.wikinews.org/wiki/Brazilian_President_party_received_money_from_FARC,_say_documents",FARC,ORG
5796,"Brazilian President party received money from FARC, say documents",2005-03-15,Politics and conflicts,"https://en.wikinews.org/wiki/Brazilian_President_party_received_money_from_FARC,_say_documents",the Foro de São Paulo,ORG
5796,"Brazilian President party received money from FARC, say documents",2005-03-15,Politics and conflicts,"https://en.wikinews.org/wiki/Brazilian_President_party_received_money_from_FARC,_say_documents",1990,DATE
5796,"Brazilian President party received money from FARC, say documents",2005-03-15,Politics and conflicts,"https://en.wikinews.org/wiki/Brazilian_President_party_received_money_from_FARC,_say_documents",Foro de São Paulo,ORG
5796,"Brazilian President party received money from FARC, say documents",2005-03-15,Politics and conflicts,"https://en.wikinews.org/wiki/Brazilian_President_party_received_money_from_FARC,_say_documents",Berlin,GPE
5796,"Brazilian President party received money from FARC, say documents",2005-03-15,Politics and conflicts,"https://en.wikinews.org/wiki/Brazilian_President_party_received_money_from_FARC,_say_documents",Brazilian,NORP
5796,"Brazilian President party received money from FARC, say documents",2005-03-15,Politics and conflicts,"https://en.wikinews.org/wiki/Brazilian_President_party_received_money_from_FARC,_say_documents",Cuban,NORP
5796,"Brazilian President party received money from FARC, say documents",2005-03-15,Politics and conflicts,"https://en.wikinews.org/wiki/Brazilian_President_party_received_money_from_FARC,_say_documents",Fidel Castro,PERSON
5796,"Brazilian President party received money from FARC, say documents",2005-03-15,Politics and conflicts,"https://en.wikinews.org/wiki/Brazilian_President_party_received_money_from_FARC,_say_documents",America Libre,ORG
5796,"Brazilian President party received money from FARC, say documents",2005-03-15,Politics and conflicts,"https://en.wikinews.org/wiki/Brazilian_President_party_received_money_from_FARC,_say_documents",the Foro de São Paulo,ORG
5796,"Brazilian President party received money from FARC, say documents",2005-03-15,Politics and conflicts,"https://en.wikinews.org/wiki/Brazilian_President_party_received_money_from_FARC,_say_documents",The America Libre,ORG
5796,"Brazilian President party received money from FARC, say documents",2005-03-15,Politics and conflicts,"https://en.wikinews.org/wiki/Brazilian_President_party_received_money_from_FARC,_say_documents",Brazilian,NORP
5796,"Brazilian President party received money from FARC, say documents",2005-03-15,Politics and conflicts,"https://en.wikinews.org/wiki/Brazilian_President_party_received_money_from_FARC,_say_documents",Luis Eduardo Greenhalgh,PERSON
5796,"Brazilian President party received money from FARC, say documents",2005-03-15,Politics and conflicts,"https://en.wikinews.org/wiki/Brazilian_President_party_received_money_from_FARC,_say_documents",Fernando Morais,PERSON
5796,"Brazilian President party received money from FARC, say documents",2005-03-15,Politics and conflicts,"https://en.wikinews.org/wiki/Brazilian_President_party_received_money_from_FARC,_say_documents",Emir Sader,PERSON
5796,"Brazilian President party received money from FARC, say documents",2005-03-15,Politics and conflicts,"https://en.wikinews.org/wiki/Brazilian_President_party_received_money_from_FARC,_say_documents",Roberto Drummond,PERSON
5796,"Brazilian President party received money from FARC, say documents",2005-03-15,Politics and conflicts,"https://en.wikinews.org/wiki/Brazilian_President_party_received_money_from_FARC,_say_documents",Gilberto Carvalho,PERSON
5796,"Brazilian President party received money from FARC, say documents",2005-03-15,Politics and conflicts,"https://en.wikinews.org/wiki/Brazilian_President_party_received_money_from_FARC,_say_documents",Leonardo Boff,PERSON
5796,"Brazilian President party received money from FARC, say documents",2005-03-15,Politics and conflicts,"https://en.wikinews.org/wiki/Brazilian_President_party_received_money_from_FARC,_say_documents",João Pedro Stédile,PERSON
5796,"Brazilian President party received money from FARC, say documents",2005-03-15,Politics and conflicts,"https://en.wikinews.org/wiki/Brazilian_President_party_received_money_from_FARC,_say_documents",MST,ORG
5796,"Brazilian President party received money from FARC, say documents",2005-03-15,Politics and conflicts,"https://en.wikinews.org/wiki/Brazilian_President_party_received_money_from_FARC,_say_documents",Chico Buarque de Hollanda,PERSON
5796,"Brazilian President party received money from FARC, say documents",2005-03-15,Politics and conflicts,"https://en.wikinews.org/wiki/Brazilian_President_party_received_money_from_FARC,_say_documents",FARC,ORG
5796,"Brazilian President party received money from FARC, say documents",2005-03-15,Politics and conflicts,"https://en.wikinews.org/wiki/Brazilian_President_party_received_money_from_FARC,_say_documents",Manuel Marulanda Vélez,PERSON
5796,"Brazilian President party received money from FARC, say documents",2005-03-15,Politics and conflicts,"https://en.wikinews.org/wiki/Brazilian_President_party_received_money_from_FARC,_say_documents",Tirofijo,ORG
5796,"Brazilian President party received money from FARC, say documents",2005-03-15,Politics and conflicts,"https://en.wikinews.org/wiki/Brazilian_President_party_received_money_from_FARC,_say_documents",15,CARDINAL
5796,"Brazilian President party received money from FARC, say documents",2005-03-15,Politics and conflicts,"https://en.wikinews.org/wiki/Brazilian_President_party_received_money_from_FARC,_say_documents",Carlos Alberto Libânio Christo,PERSON
5796,"Brazilian President party received money from FARC, say documents",2005-03-15,Politics and conflicts,"https://en.wikinews.org/wiki/Brazilian_President_party_received_money_from_FARC,_say_documents",Lula,PERSON
5796,"Brazilian President party received money from FARC, say documents",2005-03-15,Politics and conflicts,"https://en.wikinews.org/wiki/Brazilian_President_party_received_money_from_FARC,_say_documents",the Foro de São Paulo,ORG
5796,"Brazilian President party received money from FARC, say documents",2005-03-15,Politics and conflicts,"https://en.wikinews.org/wiki/Brazilian_President_party_received_money_from_FARC,_say_documents",Brazilian,NORP
5796,"Brazilian President party received money from FARC, say documents",2005-03-15,Politics and conflicts,"https://en.wikinews.org/wiki/Brazilian_President_party_received_money_from_FARC,_say_documents",this week,DATE
5796,"Brazilian President party received money from FARC, say documents",2005-03-15,Politics and conflicts,"https://en.wikinews.org/wiki/Brazilian_President_party_received_money_from_FARC,_say_documents",Foro de São Paulo,ORG
5796,"Brazilian President party received money from FARC, say documents",2005-03-15,Politics and conflicts,"https://en.wikinews.org/wiki/Brazilian_President_party_received_money_from_FARC,_say_documents",Latin America,LOC
5796,"Brazilian President party received money from FARC, say documents",2005-03-15,Politics and conflicts,"https://en.wikinews.org/wiki/Brazilian_President_party_received_money_from_FARC,_say_documents",Caribe,GPE
5796,"Brazilian President party received money from FARC, say documents",2005-03-15,Politics and conflicts,"https://en.wikinews.org/wiki/Brazilian_President_party_received_money_from_FARC,_say_documents",Berlin,GPE
5796,"Brazilian President party received money from FARC, say documents",2005-03-15,Politics and conflicts,"https://en.wikinews.org/wiki/Brazilian_President_party_received_money_from_FARC,_say_documents",Foro de São Paulo,ORG
5796,"Brazilian President party received money from FARC, say documents",2005-03-15,Politics and conflicts,"https://en.wikinews.org/wiki/Brazilian_President_party_received_money_from_FARC,_say_documents",Brazilian,NORP
5796,"Brazilian President party received money from FARC, say documents",2005-03-15,Politics and conflicts,"https://en.wikinews.org/wiki/Brazilian_President_party_received_money_from_FARC,_say_documents",the Foro de  São Paulo,ORG
5796,"Brazilian President party received money from FARC, say documents",2005-03-15,Politics and conflicts,"https://en.wikinews.org/wiki/Brazilian_President_party_received_money_from_FARC,_say_documents",Luiz Felipe de Alencastro,PERSON
5796,"Brazilian President party received money from FARC, say documents",2005-03-15,Politics and conflicts,"https://en.wikinews.org/wiki/Brazilian_President_party_received_money_from_FARC,_say_documents",Veja,WORK_OF_ART
5796,"Brazilian President party received money from FARC, say documents",2005-03-15,Politics and conflicts,"https://en.wikinews.org/wiki/Brazilian_President_party_received_money_from_FARC,_say_documents",Brazilian,NORP
5796,"Brazilian President party received money from FARC, say documents",2005-03-15,Politics and conflicts,"https://en.wikinews.org/wiki/Brazilian_President_party_received_money_from_FARC,_say_documents",the University of Paris,ORG
5796,"Brazilian President party received money from FARC, say documents",2005-03-15,Politics and conflicts,"https://en.wikinews.org/wiki/Brazilian_President_party_received_money_from_FARC,_say_documents","October 30, 2002",DATE
5796,"Brazilian President party received money from FARC, say documents",2005-03-15,Politics and conflicts,"https://en.wikinews.org/wiki/Brazilian_President_party_received_money_from_FARC,_say_documents",the Council on Foreign Relations,ORG
5796,"Brazilian President party received money from FARC, say documents",2005-03-15,Politics and conflicts,"https://en.wikinews.org/wiki/Brazilian_President_party_received_money_from_FARC,_say_documents",CFR,ORG
5796,"Brazilian President party received money from FARC, say documents",2005-03-15,Politics and conflicts,"https://en.wikinews.org/wiki/Brazilian_President_party_received_money_from_FARC,_say_documents",Washington,GPE
5796,"Brazilian President party received money from FARC, say documents",2005-03-15,Politics and conflicts,"https://en.wikinews.org/wiki/Brazilian_President_party_received_money_from_FARC,_say_documents",Alencastro,FAC
5796,"Brazilian President party received money from FARC, say documents",2005-03-15,Politics and conflicts,"https://en.wikinews.org/wiki/Brazilian_President_party_received_money_from_FARC,_say_documents",the Foro de São Paulo,ORG
5796,"Brazilian President party received money from FARC, say documents",2005-03-15,Politics and conflicts,"https://en.wikinews.org/wiki/Brazilian_President_party_received_money_from_FARC,_say_documents",Alencastro,ORG
5796,"Brazilian President party received money from FARC, say documents",2005-03-15,Politics and conflicts,"https://en.wikinews.org/wiki/Brazilian_President_party_received_money_from_FARC,_say_documents",France,GPE
5796,"Brazilian President party received money from FARC, say documents",2005-03-15,Politics and conflicts,"https://en.wikinews.org/wiki/Brazilian_President_party_received_money_from_FARC,_say_documents",Brazil,GPE
5796,"Brazilian President party received money from FARC, say documents",2005-03-15,Politics and conflicts,"https://en.wikinews.org/wiki/Brazilian_President_party_received_money_from_FARC,_say_documents",12 years,DATE
5796,"Brazilian President party received money from FARC, say documents",2005-03-15,Politics and conflicts,"https://en.wikinews.org/wiki/Brazilian_President_party_received_money_from_FARC,_say_documents",this Foro de São Paulo,ORG
5796,"Brazilian President party received money from FARC, say documents",2005-03-15,Politics and conflicts,"https://en.wikinews.org/wiki/Brazilian_President_party_received_money_from_FARC,_say_documents",Brazil,GPE
5796,"Brazilian President party received money from FARC, say documents",2005-03-15,Politics and conflicts,"https://en.wikinews.org/wiki/Brazilian_President_party_received_money_from_FARC,_say_documents",16,CARDINAL
5796,"Brazilian President party received money from FARC, say documents",2005-03-15,Politics and conflicts,"https://en.wikinews.org/wiki/Brazilian_President_party_received_money_from_FARC,_say_documents",the Foro de São Paulo,ORG
5796,"Brazilian President party received money from FARC, say documents",2005-03-15,Politics and conflicts,"https://en.wikinews.org/wiki/Brazilian_President_party_received_money_from_FARC,_say_documents",17,CARDINAL
5796,"Brazilian President party received money from FARC, say documents",2005-03-15,Politics and conflicts,"https://en.wikinews.org/wiki/Brazilian_President_party_received_money_from_FARC,_say_documents",18,CARDINAL
5796,"Brazilian President party received money from FARC, say documents",2005-03-15,Politics and conflicts,"https://en.wikinews.org/wiki/Brazilian_President_party_received_money_from_FARC,_say_documents",19,CARDINAL
5796,"Brazilian President party received money from FARC, say documents",2005-03-15,Politics and conflicts,"https://en.wikinews.org/wiki/Brazilian_President_party_received_money_from_FARC,_say_documents",the Foro de São Paulo,ORG
5796,"Brazilian President party received money from FARC, say documents",2005-03-15,Politics and conflicts,"https://en.wikinews.org/wiki/Brazilian_President_party_received_money_from_FARC,_say_documents",20,CARDINAL
5796,"Brazilian President party received money from FARC, say documents",2005-03-15,Politics and conflicts,"https://en.wikinews.org/wiki/Brazilian_President_party_received_money_from_FARC,_say_documents",the Perseu Abramo Foundation,ORG
5796,"Brazilian President party received money from FARC, say documents",2005-03-15,Politics and conflicts,"https://en.wikinews.org/wiki/Brazilian_President_party_received_money_from_FARC,_say_documents",Luiz Inácio Lula da Silva,PERSON
5796,"Brazilian President party received money from FARC, say documents",2005-03-15,Politics and conflicts,"https://en.wikinews.org/wiki/Brazilian_President_party_received_money_from_FARC,_say_documents",the Foro de São Paulo,ORG
5796,"Brazilian President party received money from FARC, say documents",2005-03-15,Politics and conflicts,"https://en.wikinews.org/wiki/Brazilian_President_party_received_money_from_FARC,_say_documents",Havana,GPE
5796,"Brazilian President party received money from FARC, say documents",2005-03-15,Politics and conflicts,"https://en.wikinews.org/wiki/Brazilian_President_party_received_money_from_FARC,_say_documents",Cuba,GPE
5796,"Brazilian President party received money from FARC, say documents",2005-03-15,Politics and conflicts,"https://en.wikinews.org/wiki/Brazilian_President_party_received_money_from_FARC,_say_documents",21,CARDINAL
5796,"Brazilian President party received money from FARC, say documents",2005-03-15,Politics and conflicts,"https://en.wikinews.org/wiki/Brazilian_President_party_received_money_from_FARC,_say_documents",the Communist Party,ORG
5796,"Brazilian President party received money from FARC, say documents",2005-03-15,Politics and conflicts,"https://en.wikinews.org/wiki/Brazilian_President_party_received_money_from_FARC,_say_documents",José Reinaldo Carvalho,PERSON
5796,"Brazilian President party received money from FARC, say documents",2005-03-15,Politics and conflicts,"https://en.wikinews.org/wiki/Brazilian_President_party_received_money_from_FARC,_say_documents",São Paulo Forum,WORK_OF_ART
5796,"Brazilian President party received money from FARC, say documents",2005-03-15,Politics and conflicts,"https://en.wikinews.org/wiki/Brazilian_President_party_received_money_from_FARC,_say_documents",Latin-American,NORP
5796,"Brazilian President party received money from FARC, say documents",2005-03-15,Politics and conflicts,"https://en.wikinews.org/wiki/Brazilian_President_party_received_money_from_FARC,_say_documents",Caribbean,LOC
5796,"Brazilian President party received money from FARC, say documents",2005-03-15,Politics and conflicts,"https://en.wikinews.org/wiki/Brazilian_President_party_received_money_from_FARC,_say_documents",Foro,NORP
5796,"Brazilian President party received money from FARC, say documents",2005-03-15,Politics and conflicts,"https://en.wikinews.org/wiki/Brazilian_President_party_received_money_from_FARC,_say_documents",22,CARDINAL
5796,"Brazilian President party received money from FARC, say documents",2005-03-15,Politics and conflicts,"https://en.wikinews.org/wiki/Brazilian_President_party_received_money_from_FARC,_say_documents",2004,DATE
5796,"Brazilian President party received money from FARC, say documents",2005-03-15,Politics and conflicts,"https://en.wikinews.org/wiki/Brazilian_President_party_received_money_from_FARC,_say_documents",Brazilian,NORP
5796,"Brazilian President party received money from FARC, say documents",2005-03-15,Politics and conflicts,"https://en.wikinews.org/wiki/Brazilian_President_party_received_money_from_FARC,_say_documents",Lula,PERSON
5796,"Brazilian President party received money from FARC, say documents",2005-03-15,Politics and conflicts,"https://en.wikinews.org/wiki/Brazilian_President_party_received_money_from_FARC,_say_documents",Brazilian,NORP
5796,"Brazilian President party received money from FARC, say documents",2005-03-15,Politics and conflicts,"https://en.wikinews.org/wiki/Brazilian_President_party_received_money_from_FARC,_say_documents",23,CARDINAL
5796,"Brazilian President party received money from FARC, say documents",2005-03-15,Politics and conflicts,"https://en.wikinews.org/wiki/Brazilian_President_party_received_money_from_FARC,_say_documents",24,CARDINAL
5796,"Brazilian President party received money from FARC, say documents",2005-03-15,Politics and conflicts,"https://en.wikinews.org/wiki/Brazilian_President_party_received_money_from_FARC,_say_documents",25,CARDINAL
5796,"Brazilian President party received money from FARC, say documents",2005-03-15,Politics and conflicts,"https://en.wikinews.org/wiki/Brazilian_President_party_received_money_from_FARC,_say_documents",26,CARDINAL
5796,"Brazilian President party received money from FARC, say documents",2005-03-15,Politics and conflicts,"https://en.wikinews.org/wiki/Brazilian_President_party_received_money_from_FARC,_say_documents",27,CARDINAL
5796,"Brazilian President party received money from FARC, say documents",2005-03-15,Politics and conflicts,"https://en.wikinews.org/wiki/Brazilian_President_party_received_money_from_FARC,_say_documents",One,CARDINAL
5796,"Brazilian President party received money from FARC, say documents",2005-03-15,Politics and conflicts,"https://en.wikinews.org/wiki/Brazilian_President_party_received_money_from_FARC,_say_documents",PCdoB.,GPE
17357,Burundian Hutu extremists have killed 300 civilians in the last two months,2005-08-01,Politics and conflicts,https://en.wikinews.org/wiki/Burundian_Hutu_extremists_have_killed_300_civilians_in_the_last_two_months,Palipehutu-FNL,ORG
17357,Burundian Hutu extremists have killed 300 civilians in the last two months,2005-08-01,Politics and conflicts,https://en.wikinews.org/wiki/Burundian_Hutu_extremists_have_killed_300_civilians_in_the_last_two_months,300,CARDINAL
17357,Burundian Hutu extremists have killed 300 civilians in the last two months,2005-08-01,Politics and conflicts,https://en.wikinews.org/wiki/Burundian_Hutu_extremists_have_killed_300_civilians_in_the_last_two_months,the last two months,DATE
17357,Burundian Hutu extremists have killed 300 civilians in the last two months,2005-08-01,Politics and conflicts,https://en.wikinews.org/wiki/Burundian_Hutu_extremists_have_killed_300_civilians_in_the_last_two_months,Burundi,GPE
17357,Burundian Hutu extremists have killed 300 civilians in the last two months,2005-08-01,Politics and conflicts,https://en.wikinews.org/wiki/Burundian_Hutu_extremists_have_killed_300_civilians_in_the_last_two_months,Radio Publique Africain,ORG
17357,Burundian Hutu extremists have killed 300 civilians in the last two months,2005-08-01,Politics and conflicts,https://en.wikinews.org/wiki/Burundian_Hutu_extremists_have_killed_300_civilians_in_the_last_two_months,three,CARDINAL
17357,Burundian Hutu extremists have killed 300 civilians in the last two months,2005-08-01,Politics and conflicts,https://en.wikinews.org/wiki/Burundian_Hutu_extremists_have_killed_300_civilians_in_the_last_two_months,Bubanza,ORG
17357,Burundian Hutu extremists have killed 300 civilians in the last two months,2005-08-01,Politics and conflicts,https://en.wikinews.org/wiki/Burundian_Hutu_extremists_have_killed_300_civilians_in_the_last_two_months,Bujumbura-Rurale -,ORG
17357,Burundian Hutu extremists have killed 300 civilians in the last two months,2005-08-01,Politics and conflicts,https://en.wikinews.org/wiki/Burundian_Hutu_extremists_have_killed_300_civilians_in_the_last_two_months,army,ORG
17357,Burundian Hutu extremists have killed 300 civilians in the last two months,2005-08-01,Politics and conflicts,https://en.wikinews.org/wiki/Burundian_Hutu_extremists_have_killed_300_civilians_in_the_last_two_months,Adolphe Manirakiza,PERSON
17357,Burundian Hutu extremists have killed 300 civilians in the last two months,2005-08-01,Politics and conflicts,https://en.wikinews.org/wiki/Burundian_Hutu_extremists_have_killed_300_civilians_in_the_last_two_months,Reuters,ORG
17357,Burundian Hutu extremists have killed 300 civilians in the last two months,2005-08-01,Politics and conflicts,https://en.wikinews.org/wiki/Burundian_Hutu_extremists_have_killed_300_civilians_in_the_last_two_months,Hutu,PERSON
17357,Burundian Hutu extremists have killed 300 civilians in the last two months,2005-08-01,Politics and conflicts,https://en.wikinews.org/wiki/Burundian_Hutu_extremists_have_killed_300_civilians_in_the_last_two_months,Burundian,NORP
17357,Burundian Hutu extremists have killed 300 civilians in the last two months,2005-08-01,Politics and conflicts,https://en.wikinews.org/wiki/Burundian_Hutu_extremists_have_killed_300_civilians_in_the_last_two_months,the mid-1990s,DATE
17357,Burundian Hutu extremists have killed 300 civilians in the last two months,2005-08-01,Politics and conflicts,https://en.wikinews.org/wiki/Burundian_Hutu_extremists_have_killed_300_civilians_in_the_last_two_months,1994,DATE
17357,Burundian Hutu extremists have killed 300 civilians in the last two months,2005-08-01,Politics and conflicts,https://en.wikinews.org/wiki/Burundian_Hutu_extremists_have_killed_300_civilians_in_the_last_two_months,August last year,DATE
17357,Burundian Hutu extremists have killed 300 civilians in the last two months,2005-08-01,Politics and conflicts,https://en.wikinews.org/wiki/Burundian_Hutu_extremists_have_killed_300_civilians_in_the_last_two_months,152,CARDINAL
17357,Burundian Hutu extremists have killed 300 civilians in the last two months,2005-08-01,Politics and conflicts,https://en.wikinews.org/wiki/Burundian_Hutu_extremists_have_killed_300_civilians_in_the_last_two_months,Congolese,NORP
17357,Burundian Hutu extremists have killed 300 civilians in the last two months,2005-08-01,Politics and conflicts,https://en.wikinews.org/wiki/Burundian_Hutu_extremists_have_killed_300_civilians_in_the_last_two_months,Gatumba,ORG
17357,Burundian Hutu extremists have killed 300 civilians in the last two months,2005-08-01,Politics and conflicts,https://en.wikinews.org/wiki/Burundian_Hutu_extremists_have_killed_300_civilians_in_the_last_two_months,Burundi,GPE
17357,Burundian Hutu extremists have killed 300 civilians in the last two months,2005-08-01,Politics and conflicts,https://en.wikinews.org/wiki/Burundian_Hutu_extremists_have_killed_300_civilians_in_the_last_two_months,Rwandan,NORP
17357,Burundian Hutu extremists have killed 300 civilians in the last two months,2005-08-01,Politics and conflicts,https://en.wikinews.org/wiki/Burundian_Hutu_extremists_have_killed_300_civilians_in_the_last_two_months,Congolese,NORP
17357,Burundian Hutu extremists have killed 300 civilians in the last two months,2005-08-01,Politics and conflicts,https://en.wikinews.org/wiki/Burundian_Hutu_extremists_have_killed_300_civilians_in_the_last_two_months,UN,ORG
17357,Burundian Hutu extremists have killed 300 civilians in the last two months,2005-08-01,Politics and conflicts,https://en.wikinews.org/wiki/Burundian_Hutu_extremists_have_killed_300_civilians_in_the_last_two_months,Tutsi,GPE
17357,Burundian Hutu extremists have killed 300 civilians in the last two months,2005-08-01,Politics and conflicts,https://en.wikinews.org/wiki/Burundian_Hutu_extremists_have_killed_300_civilians_in_the_last_two_months,Hutus,NORP
17357,Burundian Hutu extremists have killed 300 civilians in the last two months,2005-08-01,Politics and conflicts,https://en.wikinews.org/wiki/Burundian_Hutu_extremists_have_killed_300_civilians_in_the_last_two_months,Burundi,GPE
17357,Burundian Hutu extremists have killed 300 civilians in the last two months,2005-08-01,Politics and conflicts,https://en.wikinews.org/wiki/Burundian_Hutu_extremists_have_killed_300_civilians_in_the_last_two_months,FRODEBU party,ORG
17357,Burundian Hutu extremists have killed 300 civilians in the last two months,2005-08-01,Politics and conflicts,https://en.wikinews.org/wiki/Burundian_Hutu_extremists_have_killed_300_civilians_in_the_last_two_months,first,ORDINAL
17357,Burundian Hutu extremists have killed 300 civilians in the last two months,2005-08-01,Politics and conflicts,https://en.wikinews.org/wiki/Burundian_Hutu_extremists_have_killed_300_civilians_in_the_last_two_months,1993,DATE
17357,Burundian Hutu extremists have killed 300 civilians in the last two months,2005-08-01,Politics and conflicts,https://en.wikinews.org/wiki/Burundian_Hutu_extremists_have_killed_300_civilians_in_the_last_two_months,FRODEBU,ORG
17357,Burundian Hutu extremists have killed 300 civilians in the last two months,2005-08-01,Politics and conflicts,https://en.wikinews.org/wiki/Burundian_Hutu_extremists_have_killed_300_civilians_in_the_last_two_months,Reuters,ORG
17357,Burundian Hutu extremists have killed 300 civilians in the last two months,2005-08-01,Politics and conflicts,https://en.wikinews.org/wiki/Burundian_Hutu_extremists_have_killed_300_civilians_in_the_last_two_months,FNL,ORG
17357,Burundian Hutu extremists have killed 300 civilians in the last two months,2005-08-01,Politics and conflicts,https://en.wikinews.org/wiki/Burundian_Hutu_extremists_have_killed_300_civilians_in_the_last_two_months,Pasteur Habimana,ORG
17357,Burundian Hutu extremists have killed 300 civilians in the last two months,2005-08-01,Politics and conflicts,https://en.wikinews.org/wiki/Burundian_Hutu_extremists_have_killed_300_civilians_in_the_last_two_months,recent months,DATE
17357,Burundian Hutu extremists have killed 300 civilians in the last two months,2005-08-01,Politics and conflicts,https://en.wikinews.org/wiki/Burundian_Hutu_extremists_have_killed_300_civilians_in_the_last_two_months,Habimana,PERSON
17357,Burundian Hutu extremists have killed 300 civilians in the last two months,2005-08-01,Politics and conflicts,https://en.wikinews.org/wiki/Burundian_Hutu_extremists_have_killed_300_civilians_in_the_last_two_months,Burundian,NORP
40939,Spanish Socialist Workers' Party proposes human rights bill for great apes,2006-05-16,Politics and conflicts,https://en.wikinews.org/wiki/Spanish_Socialist_Workers%27_Party_proposes_human_rights_bill_for_great_apes,Spain,GPE
40939,Spanish Socialist Workers' Party proposes human rights bill for great apes,2006-05-16,Politics and conflicts,https://en.wikinews.org/wiki/Spanish_Socialist_Workers%27_Party_proposes_human_rights_bill_for_great_apes,Socialista Obrero,PERSON
40939,Spanish Socialist Workers' Party proposes human rights bill for great apes,2006-05-16,Politics and conflicts,https://en.wikinews.org/wiki/Spanish_Socialist_Workers%27_Party_proposes_human_rights_bill_for_great_apes,the Spanish Socialist Workers' Party,ORG
40939,Spanish Socialist Workers' Party proposes human rights bill for great apes,2006-05-16,Politics and conflicts,https://en.wikinews.org/wiki/Spanish_Socialist_Workers%27_Party_proposes_human_rights_bill_for_great_apes,the Confederación de Los Verdes,ORG
40939,Spanish Socialist Workers' Party proposes human rights bill for great apes,2006-05-16,Politics and conflicts,https://en.wikinews.org/wiki/Spanish_Socialist_Workers%27_Party_proposes_human_rights_bill_for_great_apes,the Green Party,ORG
40939,Spanish Socialist Workers' Party proposes human rights bill for great apes,2006-05-16,Politics and conflicts,https://en.wikinews.org/wiki/Spanish_Socialist_Workers%27_Party_proposes_human_rights_bill_for_great_apes,Hominidae,PERSON
40939,Spanish Socialist Workers' Party proposes human rights bill for great apes,2006-05-16,Politics and conflicts,https://en.wikinews.org/wiki/Spanish_Socialist_Workers%27_Party_proposes_human_rights_bill_for_great_apes,about 97%,PERCENT
40939,Spanish Socialist Workers' Party proposes human rights bill for great apes,2006-05-16,Politics and conflicts,https://en.wikinews.org/wiki/Spanish_Socialist_Workers%27_Party_proposes_human_rights_bill_for_great_apes,Francisco Garrido,PERSON
40939,Spanish Socialist Workers' Party proposes human rights bill for great apes,2006-05-16,Politics and conflicts,https://en.wikinews.org/wiki/Spanish_Socialist_Workers%27_Party_proposes_human_rights_bill_for_great_apes,the Confederación de Los Verdes,ORG
40939,Spanish Socialist Workers' Party proposes human rights bill for great apes,2006-05-16,Politics and conflicts,https://en.wikinews.org/wiki/Spanish_Socialist_Workers%27_Party_proposes_human_rights_bill_for_great_apes,the Declaration on Great Apes,WORK_OF_ART
40939,Spanish Socialist Workers' Party proposes human rights bill for great apes,2006-05-16,Politics and conflicts,https://en.wikinews.org/wiki/Spanish_Socialist_Workers%27_Party_proposes_human_rights_bill_for_great_apes,the Great Ape Project,ORG
40939,Spanish Socialist Workers' Party proposes human rights bill for great apes,2006-05-16,Politics and conflicts,https://en.wikinews.org/wiki/Spanish_Socialist_Workers%27_Party_proposes_human_rights_bill_for_great_apes,1993,DATE
40939,Spanish Socialist Workers' Party proposes human rights bill for great apes,2006-05-16,Politics and conflicts,https://en.wikinews.org/wiki/Spanish_Socialist_Workers%27_Party_proposes_human_rights_bill_for_great_apes,the Great Ape Project,ORG
40939,Spanish Socialist Workers' Party proposes human rights bill for great apes,2006-05-16,Politics and conflicts,https://en.wikinews.org/wiki/Spanish_Socialist_Workers%27_Party_proposes_human_rights_bill_for_great_apes,GAP,ORG
40939,Spanish Socialist Workers' Party proposes human rights bill for great apes,2006-05-16,Politics and conflicts,https://en.wikinews.org/wiki/Spanish_Socialist_Workers%27_Party_proposes_human_rights_bill_for_great_apes,The Declaration on Great Apes,WORK_OF_ART
40939,Spanish Socialist Workers' Party proposes human rights bill for great apes,2006-05-16,Politics and conflicts,https://en.wikinews.org/wiki/Spanish_Socialist_Workers%27_Party_proposes_human_rights_bill_for_great_apes,Hylobates,PERSON
40939,Spanish Socialist Workers' Party proposes human rights bill for great apes,2006-05-16,Politics and conflicts,https://en.wikinews.org/wiki/Spanish_Socialist_Workers%27_Party_proposes_human_rights_bill_for_great_apes,Cebinae,PERSON
40939,Spanish Socialist Workers' Party proposes human rights bill for great apes,2006-05-16,Politics and conflicts,https://en.wikinews.org/wiki/Spanish_Socialist_Workers%27_Party_proposes_human_rights_bill_for_great_apes,the end of May,DATE
40939,Spanish Socialist Workers' Party proposes human rights bill for great apes,2006-05-16,Politics and conflicts,https://en.wikinews.org/wiki/Spanish_Socialist_Workers%27_Party_proposes_human_rights_bill_for_great_apes,New Zealand,GPE
40939,Spanish Socialist Workers' Party proposes human rights bill for great apes,2006-05-16,Politics and conflicts,https://en.wikinews.org/wiki/Spanish_Socialist_Workers%27_Party_proposes_human_rights_bill_for_great_apes,Spain,GPE
40939,Spanish Socialist Workers' Party proposes human rights bill for great apes,2006-05-16,Politics and conflicts,https://en.wikinews.org/wiki/Spanish_Socialist_Workers%27_Party_proposes_human_rights_bill_for_great_apes,second,ORDINAL
40939,Spanish Socialist Workers' Party proposes human rights bill for great apes,2006-05-16,Politics and conflicts,https://en.wikinews.org/wiki/Spanish_Socialist_Workers%27_Party_proposes_human_rights_bill_for_great_apes,Pamplona,GPE
40939,Spanish Socialist Workers' Party proposes human rights bill for great apes,2006-05-16,Politics and conflicts,https://en.wikinews.org/wiki/Spanish_Socialist_Workers%27_Party_proposes_human_rights_bill_for_great_apes,Tudela,GPE
40939,Spanish Socialist Workers' Party proposes human rights bill for great apes,2006-05-16,Politics and conflicts,https://en.wikinews.org/wiki/Spanish_Socialist_Workers%27_Party_proposes_human_rights_bill_for_great_apes,Fernando Sebastián,PERSON
40939,Spanish Socialist Workers' Party proposes human rights bill for great apes,2006-05-16,Politics and conflicts,https://en.wikinews.org/wiki/Spanish_Socialist_Workers%27_Party_proposes_human_rights_bill_for_great_apes,Spanish,NORP
40939,Spanish Socialist Workers' Party proposes human rights bill for great apes,2006-05-16,Politics and conflicts,https://en.wikinews.org/wiki/Spanish_Socialist_Workers%27_Party_proposes_human_rights_bill_for_great_apes,Amnesty International,ORG
40939,Spanish Socialist Workers' Party proposes human rights bill for great apes,2006-05-16,Politics and conflicts,https://en.wikinews.org/wiki/Spanish_Socialist_Workers%27_Party_proposes_human_rights_bill_for_great_apes,Delia Register,PERSON
40939,Spanish Socialist Workers' Party proposes human rights bill for great apes,2006-05-16,Politics and conflicts,https://en.wikinews.org/wiki/Spanish_Socialist_Workers%27_Party_proposes_human_rights_bill_for_great_apes,Jos Verhulst,PERSON
40939,Spanish Socialist Workers' Party proposes human rights bill for great apes,2006-05-16,Politics and conflicts,https://en.wikinews.org/wiki/Spanish_Socialist_Workers%27_Party_proposes_human_rights_bill_for_great_apes,Spain,GPE
40939,Spanish Socialist Workers' Party proposes human rights bill for great apes,2006-05-16,Politics and conflicts,https://en.wikinews.org/wiki/Spanish_Socialist_Workers%27_Party_proposes_human_rights_bill_for_great_apes,The Brussels Journal,ORG
40939,Spanish Socialist Workers' Party proposes human rights bill for great apes,2006-05-16,Politics and conflicts,https://en.wikinews.org/wiki/Spanish_Socialist_Workers%27_Party_proposes_human_rights_bill_for_great_apes,"April 27, 2006",DATE
40939,Spanish Socialist Workers' Party proposes human rights bill for great apes,2006-05-16,Politics and conflicts,https://en.wikinews.org/wiki/Spanish_Socialist_Workers%27_Party_proposes_human_rights_bill_for_great_apes,Martin Dahms,PERSON
40939,Spanish Socialist Workers' Party proposes human rights bill for great apes,2006-05-16,Politics and conflicts,https://en.wikinews.org/wiki/Spanish_Socialist_Workers%27_Party_proposes_human_rights_bill_for_great_apes,Wie,PERSON
40939,Spanish Socialist Workers' Party proposes human rights bill for great apes,2006-05-16,Politics and conflicts,https://en.wikinews.org/wiki/Spanish_Socialist_Workers%27_Party_proposes_human_rights_bill_for_great_apes,Affen,PERSON
40939,Spanish Socialist Workers' Party proposes human rights bill for great apes,2006-05-16,Politics and conflicts,https://en.wikinews.org/wiki/Spanish_Socialist_Workers%27_Party_proposes_human_rights_bill_for_great_apes,Maerkische Allgemeine,PRODUCT
40939,Spanish Socialist Workers' Party proposes human rights bill for great apes,2006-05-16,Politics and conflicts,https://en.wikinews.org/wiki/Spanish_Socialist_Workers%27_Party_proposes_human_rights_bill_for_great_apes,"May 10, 2006",DATE
40939,Spanish Socialist Workers' Party proposes human rights bill for great apes,2006-05-16,Politics and conflicts,https://en.wikinews.org/wiki/Spanish_Socialist_Workers%27_Party_proposes_human_rights_bill_for_great_apes,Ángel Pestaña,PERSON
40939,Spanish Socialist Workers' Party proposes human rights bill for great apes,2006-05-16,Politics and conflicts,https://en.wikinews.org/wiki/Spanish_Socialist_Workers%27_Party_proposes_human_rights_bill_for_great_apes,El País,PERSON
40939,Spanish Socialist Workers' Party proposes human rights bill for great apes,2006-05-16,Politics and conflicts,https://en.wikinews.org/wiki/Spanish_Socialist_Workers%27_Party_proposes_human_rights_bill_for_great_apes,"May 13, 2006",DATE
40939,Spanish Socialist Workers' Party proposes human rights bill for great apes,2006-05-16,Politics and conflicts,https://en.wikinews.org/wiki/Spanish_Socialist_Workers%27_Party_proposes_human_rights_bill_for_great_apes,El PSOE,ORG
40939,Spanish Socialist Workers' Party proposes human rights bill for great apes,2006-05-16,Politics and conflicts,https://en.wikinews.org/wiki/Spanish_Socialist_Workers%27_Party_proposes_human_rights_bill_for_great_apes,al Congreso de los Diputados,PERSON
40939,Spanish Socialist Workers' Party proposes human rights bill for great apes,2006-05-16,Politics and conflicts,https://en.wikinews.org/wiki/Spanish_Socialist_Workers%27_Party_proposes_human_rights_bill_for_great_apes,El Mundo,ORG
40939,Spanish Socialist Workers' Party proposes human rights bill for great apes,2006-05-16,Politics and conflicts,https://en.wikinews.org/wiki/Spanish_Socialist_Workers%27_Party_proposes_human_rights_bill_for_great_apes,"April 24, 2006",DATE
40939,Spanish Socialist Workers' Party proposes human rights bill for great apes,2006-05-16,Politics and conflicts,https://en.wikinews.org/wiki/Spanish_Socialist_Workers%27_Party_proposes_human_rights_bill_for_great_apes,El Grupo Socialista,ORG
40939,Spanish Socialist Workers' Party proposes human rights bill for great apes,2006-05-16,Politics and conflicts,https://en.wikinews.org/wiki/Spanish_Socialist_Workers%27_Party_proposes_human_rights_bill_for_great_apes,para los,PERSON
40939,Spanish Socialist Workers' Party proposes human rights bill for great apes,2006-05-16,Politics and conflicts,https://en.wikinews.org/wiki/Spanish_Socialist_Workers%27_Party_proposes_human_rights_bill_for_great_apes,su parecido con,PERSON
40939,Spanish Socialist Workers' Party proposes human rights bill for great apes,2006-05-16,Politics and conflicts,https://en.wikinews.org/wiki/Spanish_Socialist_Workers%27_Party_proposes_human_rights_bill_for_great_apes,los humanos,GPE
40939,Spanish Socialist Workers' Party proposes human rights bill for great apes,2006-05-16,Politics and conflicts,https://en.wikinews.org/wiki/Spanish_Socialist_Workers%27_Party_proposes_human_rights_bill_for_great_apes,20,CARDINAL
40939,Spanish Socialist Workers' Party proposes human rights bill for great apes,2006-05-16,Politics and conflicts,https://en.wikinews.org/wiki/Spanish_Socialist_Workers%27_Party_proposes_human_rights_bill_for_great_apes,"April 24, 2006",DATE
2880582,Kurds announce deal with Assad's government as Turkey invades Syria's northeast,2019-10-15,Politics and conflicts,https://en.wikinews.org/wiki/Kurds_announce_deal_with_Assad%27s_government_as_Turkey_invades_Syria%27s_northeast,Sunday,DATE
2880582,Kurds announce deal with Assad's government as Turkey invades Syria's northeast,2019-10-15,Politics and conflicts,https://en.wikinews.org/wiki/Kurds_announce_deal_with_Assad%27s_government_as_Turkey_invades_Syria%27s_northeast,Kurdish,NORP
2880582,Kurds announce deal with Assad's government as Turkey invades Syria's northeast,2019-10-15,Politics and conflicts,https://en.wikinews.org/wiki/Kurds_announce_deal_with_Assad%27s_government_as_Turkey_invades_Syria%27s_northeast,Syrian Democratic Forces,ORG
2880582,Kurds announce deal with Assad's government as Turkey invades Syria's northeast,2019-10-15,Politics and conflicts,https://en.wikinews.org/wiki/Kurds_announce_deal_with_Assad%27s_government_as_Turkey_invades_Syria%27s_northeast,SDF,ORG
2880582,Kurds announce deal with Assad's government as Turkey invades Syria's northeast,2019-10-15,Politics and conflicts,https://en.wikinews.org/wiki/Kurds_announce_deal_with_Assad%27s_government_as_Turkey_invades_Syria%27s_northeast,Syria,GPE
2880582,Kurds announce deal with Assad's government as Turkey invades Syria's northeast,2019-10-15,Politics and conflicts,https://en.wikinews.org/wiki/Kurds_announce_deal_with_Assad%27s_government_as_Turkey_invades_Syria%27s_northeast,Turkey,GPE
2880582,Kurds announce deal with Assad's government as Turkey invades Syria's northeast,2019-10-15,Politics and conflicts,https://en.wikinews.org/wiki/Kurds_announce_deal_with_Assad%27s_government_as_Turkey_invades_Syria%27s_northeast,Syria,GPE
2880582,Kurds announce deal with Assad's government as Turkey invades Syria's northeast,2019-10-15,Politics and conflicts,https://en.wikinews.org/wiki/Kurds_announce_deal_with_Assad%27s_government_as_Turkey_invades_Syria%27s_northeast,Wednesday,DATE
2880582,Kurds announce deal with Assad's government as Turkey invades Syria's northeast,2019-10-15,Politics and conflicts,https://en.wikinews.org/wiki/Kurds_announce_deal_with_Assad%27s_government_as_Turkey_invades_Syria%27s_northeast,Syrian,NORP
2880582,Kurds announce deal with Assad's government as Turkey invades Syria's northeast,2019-10-15,Politics and conflicts,https://en.wikinews.org/wiki/Kurds_announce_deal_with_Assad%27s_government_as_Turkey_invades_Syria%27s_northeast,SDF,ORG
2880582,Kurds announce deal with Assad's government as Turkey invades Syria's northeast,2019-10-15,Politics and conflicts,https://en.wikinews.org/wiki/Kurds_announce_deal_with_Assad%27s_government_as_Turkey_invades_Syria%27s_northeast,yesterday,DATE
2880582,Kurds announce deal with Assad's government as Turkey invades Syria's northeast,2019-10-15,Politics and conflicts,https://en.wikinews.org/wiki/Kurds_announce_deal_with_Assad%27s_government_as_Turkey_invades_Syria%27s_northeast,Sunday,DATE
2880582,Kurds announce deal with Assad's government as Turkey invades Syria's northeast,2019-10-15,Politics and conflicts,https://en.wikinews.org/wiki/Kurds_announce_deal_with_Assad%27s_government_as_Turkey_invades_Syria%27s_northeast,the United States,GPE
2880582,Kurds announce deal with Assad's government as Turkey invades Syria's northeast,2019-10-15,Politics and conflicts,https://en.wikinews.org/wiki/Kurds_announce_deal_with_Assad%27s_government_as_Turkey_invades_Syria%27s_northeast,first,ORDINAL
2880582,Kurds announce deal with Assad's government as Turkey invades Syria's northeast,2019-10-15,Politics and conflicts,https://en.wikinews.org/wiki/Kurds_announce_deal_with_Assad%27s_government_as_Turkey_invades_Syria%27s_northeast,seven days earlier,DATE
2880582,Kurds announce deal with Assad's government as Turkey invades Syria's northeast,2019-10-15,Politics and conflicts,https://en.wikinews.org/wiki/Kurds_announce_deal_with_Assad%27s_government_as_Turkey_invades_Syria%27s_northeast,October 6,DATE
2880582,Kurds announce deal with Assad's government as Turkey invades Syria's northeast,2019-10-15,Politics and conflicts,https://en.wikinews.org/wiki/Kurds_announce_deal_with_Assad%27s_government_as_Turkey_invades_Syria%27s_northeast,SDF,ORG
2880582,Kurds announce deal with Assad's government as Turkey invades Syria's northeast,2019-10-15,Politics and conflicts,https://en.wikinews.org/wiki/Kurds_announce_deal_with_Assad%27s_government_as_Turkey_invades_Syria%27s_northeast,Syrian,NORP
2880582,Kurds announce deal with Assad's government as Turkey invades Syria's northeast,2019-10-15,Politics and conflicts,https://en.wikinews.org/wiki/Kurds_announce_deal_with_Assad%27s_government_as_Turkey_invades_Syria%27s_northeast,Syrian,NORP
2880582,Kurds announce deal with Assad's government as Turkey invades Syria's northeast,2019-10-15,Politics and conflicts,https://en.wikinews.org/wiki/Kurds_announce_deal_with_Assad%27s_government_as_Turkey_invades_Syria%27s_northeast,the Syrian Army,ORG
2880582,Kurds announce deal with Assad's government as Turkey invades Syria's northeast,2019-10-15,Politics and conflicts,https://en.wikinews.org/wiki/Kurds_announce_deal_with_Assad%27s_government_as_Turkey_invades_Syria%27s_northeast,Syrian,NORP
2880582,Kurds announce deal with Assad's government as Turkey invades Syria's northeast,2019-10-15,Politics and conflicts,https://en.wikinews.org/wiki/Kurds_announce_deal_with_Assad%27s_government_as_Turkey_invades_Syria%27s_northeast,SDF,ORG
2880582,Kurds announce deal with Assad's government as Turkey invades Syria's northeast,2019-10-15,Politics and conflicts,https://en.wikinews.org/wiki/Kurds_announce_deal_with_Assad%27s_government_as_Turkey_invades_Syria%27s_northeast,Turkish,NORP
2880582,Kurds announce deal with Assad's government as Turkey invades Syria's northeast,2019-10-15,Politics and conflicts,https://en.wikinews.org/wiki/Kurds_announce_deal_with_Assad%27s_government_as_Turkey_invades_Syria%27s_northeast,The Syrian Army,ORG
2880582,Kurds announce deal with Assad's government as Turkey invades Syria's northeast,2019-10-15,Politics and conflicts,https://en.wikinews.org/wiki/Kurds_announce_deal_with_Assad%27s_government_as_Turkey_invades_Syria%27s_northeast,Bashar al-Assad,PERSON
2880582,Kurds announce deal with Assad's government as Turkey invades Syria's northeast,2019-10-15,Politics and conflicts,https://en.wikinews.org/wiki/Kurds_announce_deal_with_Assad%27s_government_as_Turkey_invades_Syria%27s_northeast,Tell Tamer,PERSON
2880582,Kurds announce deal with Assad's government as Turkey invades Syria's northeast,2019-10-15,Politics and conflicts,https://en.wikinews.org/wiki/Kurds_announce_deal_with_Assad%27s_government_as_Turkey_invades_Syria%27s_northeast,Ain Issa,PERSON
2880582,Kurds announce deal with Assad's government as Turkey invades Syria's northeast,2019-10-15,Politics and conflicts,https://en.wikinews.org/wiki/Kurds_announce_deal_with_Assad%27s_government_as_Turkey_invades_Syria%27s_northeast,yesterday,DATE
2880582,Kurds announce deal with Assad's government as Turkey invades Syria's northeast,2019-10-15,Politics and conflicts,https://en.wikinews.org/wiki/Kurds_announce_deal_with_Assad%27s_government_as_Turkey_invades_Syria%27s_northeast,SDF,ORG
2880582,Kurds announce deal with Assad's government as Turkey invades Syria's northeast,2019-10-15,Politics and conflicts,https://en.wikinews.org/wiki/Kurds_announce_deal_with_Assad%27s_government_as_Turkey_invades_Syria%27s_northeast,hundreds,CARDINAL
2880582,Kurds announce deal with Assad's government as Turkey invades Syria's northeast,2019-10-15,Politics and conflicts,https://en.wikinews.org/wiki/Kurds_announce_deal_with_Assad%27s_government_as_Turkey_invades_Syria%27s_northeast,ISIS,ORG
2880582,Kurds announce deal with Assad's government as Turkey invades Syria's northeast,2019-10-15,Politics and conflicts,https://en.wikinews.org/wiki/Kurds_announce_deal_with_Assad%27s_government_as_Turkey_invades_Syria%27s_northeast,Iraq,GPE
2880582,Kurds announce deal with Assad's government as Turkey invades Syria's northeast,2019-10-15,Politics and conflicts,https://en.wikinews.org/wiki/Kurds_announce_deal_with_Assad%27s_government_as_Turkey_invades_Syria%27s_northeast,Syria,GPE
2880582,Kurds announce deal with Assad's government as Turkey invades Syria's northeast,2019-10-15,Politics and conflicts,https://en.wikinews.org/wiki/Kurds_announce_deal_with_Assad%27s_government_as_Turkey_invades_Syria%27s_northeast,Turkish,NORP
2880582,Kurds announce deal with Assad's government as Turkey invades Syria's northeast,2019-10-15,Politics and conflicts,https://en.wikinews.org/wiki/Kurds_announce_deal_with_Assad%27s_government_as_Turkey_invades_Syria%27s_northeast,Ain Issa,FAC
2880582,Kurds announce deal with Assad's government as Turkey invades Syria's northeast,2019-10-15,Politics and conflicts,https://en.wikinews.org/wiki/Kurds_announce_deal_with_Assad%27s_government_as_Turkey_invades_Syria%27s_northeast,October 6,DATE
2880582,Kurds announce deal with Assad's government as Turkey invades Syria's northeast,2019-10-15,Politics and conflicts,https://en.wikinews.org/wiki/Kurds_announce_deal_with_Assad%27s_government_as_Turkey_invades_Syria%27s_northeast,US,GPE
2880582,Kurds announce deal with Assad's government as Turkey invades Syria's northeast,2019-10-15,Politics and conflicts,https://en.wikinews.org/wiki/Kurds_announce_deal_with_Assad%27s_government_as_Turkey_invades_Syria%27s_northeast,Donald Trump,PERSON
2880582,Kurds announce deal with Assad's government as Turkey invades Syria's northeast,2019-10-15,Politics and conflicts,https://en.wikinews.org/wiki/Kurds_announce_deal_with_Assad%27s_government_as_Turkey_invades_Syria%27s_northeast,Turkish,NORP
2880582,Kurds announce deal with Assad's government as Turkey invades Syria's northeast,2019-10-15,Politics and conflicts,https://en.wikinews.org/wiki/Kurds_announce_deal_with_Assad%27s_government_as_Turkey_invades_Syria%27s_northeast,Recep Tayyip Erdoğan,PERSON
2880582,Kurds announce deal with Assad's government as Turkey invades Syria's northeast,2019-10-15,Politics and conflicts,https://en.wikinews.org/wiki/Kurds_announce_deal_with_Assad%27s_government_as_Turkey_invades_Syria%27s_northeast,Syria,GPE
2880582,Kurds announce deal with Assad's government as Turkey invades Syria's northeast,2019-10-15,Politics and conflicts,https://en.wikinews.org/wiki/Kurds_announce_deal_with_Assad%27s_government_as_Turkey_invades_Syria%27s_northeast,US,GPE
2880582,Kurds announce deal with Assad's government as Turkey invades Syria's northeast,2019-10-15,Politics and conflicts,https://en.wikinews.org/wiki/Kurds_announce_deal_with_Assad%27s_government_as_Turkey_invades_Syria%27s_northeast,Turkey,GPE
2880582,Kurds announce deal with Assad's government as Turkey invades Syria's northeast,2019-10-15,Politics and conflicts,https://en.wikinews.org/wiki/Kurds_announce_deal_with_Assad%27s_government_as_Turkey_invades_Syria%27s_northeast,ISIS,ORG
2880582,Kurds announce deal with Assad's government as Turkey invades Syria's northeast,2019-10-15,Politics and conflicts,https://en.wikinews.org/wiki/Kurds_announce_deal_with_Assad%27s_government_as_Turkey_invades_Syria%27s_northeast,Wednesday,DATE
2880582,Kurds announce deal with Assad's government as Turkey invades Syria's northeast,2019-10-15,Politics and conflicts,https://en.wikinews.org/wiki/Kurds_announce_deal_with_Assad%27s_government_as_Turkey_invades_Syria%27s_northeast,Turkey,GPE
2880582,Kurds announce deal with Assad's government as Turkey invades Syria's northeast,2019-10-15,Politics and conflicts,https://en.wikinews.org/wiki/Kurds_announce_deal_with_Assad%27s_government_as_Turkey_invades_Syria%27s_northeast,Erdoğan,PERSON
2880582,Kurds announce deal with Assad's government as Turkey invades Syria's northeast,2019-10-15,Politics and conflicts,https://en.wikinews.org/wiki/Kurds_announce_deal_with_Assad%27s_government_as_Turkey_invades_Syria%27s_northeast,Operation Peace Spring,WORK_OF_ART
2880582,Kurds announce deal with Assad's government as Turkey invades Syria's northeast,2019-10-15,Politics and conflicts,https://en.wikinews.org/wiki/Kurds_announce_deal_with_Assad%27s_government_as_Turkey_invades_Syria%27s_northeast,the Kurdistan Workers' Party,ORG
2880582,Kurds announce deal with Assad's government as Turkey invades Syria's northeast,2019-10-15,Politics and conflicts,https://en.wikinews.org/wiki/Kurds_announce_deal_with_Assad%27s_government_as_Turkey_invades_Syria%27s_northeast,PKK,ORG
2880582,Kurds announce deal with Assad's government as Turkey invades Syria's northeast,2019-10-15,Politics and conflicts,https://en.wikinews.org/wiki/Kurds_announce_deal_with_Assad%27s_government_as_Turkey_invades_Syria%27s_northeast,People's Protection Units,ORG
2880582,Kurds announce deal with Assad's government as Turkey invades Syria's northeast,2019-10-15,Politics and conflicts,https://en.wikinews.org/wiki/Kurds_announce_deal_with_Assad%27s_government_as_Turkey_invades_Syria%27s_northeast,YPG,ORG
2880582,Kurds announce deal with Assad's government as Turkey invades Syria's northeast,2019-10-15,Politics and conflicts,https://en.wikinews.org/wiki/Kurds_announce_deal_with_Assad%27s_government_as_Turkey_invades_Syria%27s_northeast,PKK,ORG
2880582,Kurds announce deal with Assad's government as Turkey invades Syria's northeast,2019-10-15,Politics and conflicts,https://en.wikinews.org/wiki/Kurds_announce_deal_with_Assad%27s_government_as_Turkey_invades_Syria%27s_northeast,Turkey,GPE
2880582,Kurds announce deal with Assad's government as Turkey invades Syria's northeast,2019-10-15,Politics and conflicts,https://en.wikinews.org/wiki/Kurds_announce_deal_with_Assad%27s_government_as_Turkey_invades_Syria%27s_northeast,YPG,GPE
2880582,Kurds announce deal with Assad's government as Turkey invades Syria's northeast,2019-10-15,Politics and conflicts,https://en.wikinews.org/wiki/Kurds_announce_deal_with_Assad%27s_government_as_Turkey_invades_Syria%27s_northeast,SDF,ORG
2880582,Kurds announce deal with Assad's government as Turkey invades Syria's northeast,2019-10-15,Politics and conflicts,https://en.wikinews.org/wiki/Kurds_announce_deal_with_Assad%27s_government_as_Turkey_invades_Syria%27s_northeast,Kurdish,NORP
2880582,Kurds announce deal with Assad's government as Turkey invades Syria's northeast,2019-10-15,Politics and conflicts,https://en.wikinews.org/wiki/Kurds_announce_deal_with_Assad%27s_government_as_Turkey_invades_Syria%27s_northeast,Turkey,GPE
2880582,Kurds announce deal with Assad's government as Turkey invades Syria's northeast,2019-10-15,Politics and conflicts,https://en.wikinews.org/wiki/Kurds_announce_deal_with_Assad%27s_government_as_Turkey_invades_Syria%27s_northeast,PKK,ORG
2880582,Kurds announce deal with Assad's government as Turkey invades Syria's northeast,2019-10-15,Politics and conflicts,https://en.wikinews.org/wiki/Kurds_announce_deal_with_Assad%27s_government_as_Turkey_invades_Syria%27s_northeast,the European Union,ORG
2880582,Kurds announce deal with Assad's government as Turkey invades Syria's northeast,2019-10-15,Politics and conflicts,https://en.wikinews.org/wiki/Kurds_announce_deal_with_Assad%27s_government_as_Turkey_invades_Syria%27s_northeast,Erdoğan,PERSON
2880582,Kurds announce deal with Assad's government as Turkey invades Syria's northeast,2019-10-15,Politics and conflicts,https://en.wikinews.org/wiki/Kurds_announce_deal_with_Assad%27s_government_as_Turkey_invades_Syria%27s_northeast,Article 5 of the NATO treaty,LAW
2880582,Kurds announce deal with Assad's government as Turkey invades Syria's northeast,2019-10-15,Politics and conflicts,https://en.wikinews.org/wiki/Kurds_announce_deal_with_Assad%27s_government_as_Turkey_invades_Syria%27s_northeast,yesterday,DATE
2880582,Kurds announce deal with Assad's government as Turkey invades Syria's northeast,2019-10-15,Politics and conflicts,https://en.wikinews.org/wiki/Kurds_announce_deal_with_Assad%27s_government_as_Turkey_invades_Syria%27s_northeast,NATO,ORG
2880582,Kurds announce deal with Assad's government as Turkey invades Syria's northeast,2019-10-15,Politics and conflicts,https://en.wikinews.org/wiki/Kurds_announce_deal_with_Assad%27s_government_as_Turkey_invades_Syria%27s_northeast,Jens Stoltenberg,PERSON
2880582,Kurds announce deal with Assad's government as Turkey invades Syria's northeast,2019-10-15,Politics and conflicts,https://en.wikinews.org/wiki/Kurds_announce_deal_with_Assad%27s_government_as_Turkey_invades_Syria%27s_northeast,Turkey,GPE
2880582,Kurds announce deal with Assad's government as Turkey invades Syria's northeast,2019-10-15,Politics and conflicts,https://en.wikinews.org/wiki/Kurds_announce_deal_with_Assad%27s_government_as_Turkey_invades_Syria%27s_northeast,restraint &,ORG
2880582,Kurds announce deal with Assad's government as Turkey invades Syria's northeast,2019-10-15,Politics and conflicts,https://en.wikinews.org/wiki/Kurds_announce_deal_with_Assad%27s_government_as_Turkey_invades_Syria%27s_northeast,ISIS,ORG
51675,IRA disbands military structure,2006-10-05,Politics and conflicts,https://en.wikinews.org/wiki/IRA_disbands_military_structure,The Independent Monitoring Commission,ORG
51675,IRA disbands military structure,2006-10-05,Politics and conflicts,https://en.wikinews.org/wiki/IRA_disbands_military_structure,the Provisional Irish Republican Army,ORG
51675,IRA disbands military structure,2006-10-05,Politics and conflicts,https://en.wikinews.org/wiki/IRA_disbands_military_structure,the IRA Army Council,ORG
51675,IRA disbands military structure,2006-10-05,Politics and conflicts,https://en.wikinews.org/wiki/IRA_disbands_military_structure,Commission,ORG
51675,IRA disbands military structure,2006-10-05,Politics and conflicts,https://en.wikinews.org/wiki/IRA_disbands_military_structure,John Alderdice,PERSON
51675,IRA disbands military structure,2006-10-05,Politics and conflicts,https://en.wikinews.org/wiki/IRA_disbands_military_structure,Alliance Party,ORG
51675,IRA disbands military structure,2006-10-05,Politics and conflicts,https://en.wikinews.org/wiki/IRA_disbands_military_structure,Joe Brosnan,PERSON
51675,IRA disbands military structure,2006-10-05,Politics and conflicts,https://en.wikinews.org/wiki/IRA_disbands_military_structure,the Department of Justice,ORG
51675,IRA disbands military structure,2006-10-05,Politics and conflicts,https://en.wikinews.org/wiki/IRA_disbands_military_structure,Republic of Ireland,GPE
51675,IRA disbands military structure,2006-10-05,Politics and conflicts,https://en.wikinews.org/wiki/IRA_disbands_military_structure,John Grieve,PERSON
51675,IRA disbands military structure,2006-10-05,Politics and conflicts,https://en.wikinews.org/wiki/IRA_disbands_military_structure,the Metropolitan Police,ORG
51675,IRA disbands military structure,2006-10-05,Politics and conflicts,https://en.wikinews.org/wiki/IRA_disbands_military_structure,the Metropolitan Police Anti-Terror Branch,ORG
51675,IRA disbands military structure,2006-10-05,Politics and conflicts,https://en.wikinews.org/wiki/IRA_disbands_military_structure,Dick Kerr,PERSON
51675,IRA disbands military structure,2006-10-05,Politics and conflicts,https://en.wikinews.org/wiki/IRA_disbands_military_structure,Central Intelligence Agency,ORG
51675,IRA disbands military structure,2006-10-05,Politics and conflicts,https://en.wikinews.org/wiki/IRA_disbands_military_structure,IRA,ORG
51675,IRA disbands military structure,2006-10-05,Politics and conflicts,https://en.wikinews.org/wiki/IRA_disbands_military_structure,last year,DATE
51675,IRA disbands military structure,2006-10-05,Politics and conflicts,https://en.wikinews.org/wiki/IRA_disbands_military_structure,IRA,ORG
51675,IRA disbands military structure,2006-10-05,Politics and conflicts,https://en.wikinews.org/wiki/IRA_disbands_military_structure,Lord Alderdice,ORG
51675,IRA disbands military structure,2006-10-05,Politics and conflicts,https://en.wikinews.org/wiki/IRA_disbands_military_structure,Denis Donaldson,PERSON
51675,IRA disbands military structure,2006-10-05,Politics and conflicts,https://en.wikinews.org/wiki/IRA_disbands_military_structure,British,NORP
51675,IRA disbands military structure,2006-10-05,Politics and conflicts,https://en.wikinews.org/wiki/IRA_disbands_military_structure,IRA,ORG
51675,IRA disbands military structure,2006-10-05,Politics and conflicts,https://en.wikinews.org/wiki/IRA_disbands_military_structure,Sinn Fein,ORG
51675,IRA disbands military structure,2006-10-05,Politics and conflicts,https://en.wikinews.org/wiki/IRA_disbands_military_structure,the Real IRA (RIRA,ORG
51675,IRA disbands military structure,2006-10-05,Politics and conflicts,https://en.wikinews.org/wiki/IRA_disbands_military_structure,Continuity IRA,ORG
51675,IRA disbands military structure,2006-10-05,Politics and conflicts,https://en.wikinews.org/wiki/IRA_disbands_military_structure,CIRA,ORG
51675,IRA disbands military structure,2006-10-05,Politics and conflicts,https://en.wikinews.org/wiki/IRA_disbands_military_structure,1998,DATE
51675,IRA disbands military structure,2006-10-05,Politics and conflicts,https://en.wikinews.org/wiki/IRA_disbands_military_structure,Omagh,ORG
51675,IRA disbands military structure,2006-10-05,Politics and conflicts,https://en.wikinews.org/wiki/IRA_disbands_military_structure,The Irish National Liberation Army,ORG
51675,IRA disbands military structure,2006-10-05,Politics and conflicts,https://en.wikinews.org/wiki/IRA_disbands_military_structure,British,NORP
51675,IRA disbands military structure,2006-10-05,Politics and conflicts,https://en.wikinews.org/wiki/IRA_disbands_military_structure,two,CARDINAL
51675,IRA disbands military structure,2006-10-05,Politics and conflicts,https://en.wikinews.org/wiki/IRA_disbands_military_structure,Irish,NORP
51675,IRA disbands military structure,2006-10-05,Politics and conflicts,https://en.wikinews.org/wiki/IRA_disbands_military_structure,the Irish Defence Forces,ORG
51675,IRA disbands military structure,2006-10-05,Politics and conflicts,https://en.wikinews.org/wiki/IRA_disbands_military_structure,the Republican Defence Army,ORG
51675,IRA disbands military structure,2006-10-05,Politics and conflicts,https://en.wikinews.org/wiki/IRA_disbands_military_structure,two,CARDINAL
51675,IRA disbands military structure,2006-10-05,Politics and conflicts,https://en.wikinews.org/wiki/IRA_disbands_military_structure,the Ulster Defence Association,ORG
51675,IRA disbands military structure,2006-10-05,Politics and conflicts,https://en.wikinews.org/wiki/IRA_disbands_military_structure,UDA,ORG
51675,IRA disbands military structure,2006-10-05,Politics and conflicts,https://en.wikinews.org/wiki/IRA_disbands_military_structure,the Ulster Volunteer Force,ORG
51675,IRA disbands military structure,2006-10-05,Politics and conflicts,https://en.wikinews.org/wiki/IRA_disbands_military_structure,UVF,ORG
51675,IRA disbands military structure,2006-10-05,Politics and conflicts,https://en.wikinews.org/wiki/IRA_disbands_military_structure,Volunteer Force,PERSON
51675,IRA disbands military structure,2006-10-05,Politics and conflicts,https://en.wikinews.org/wiki/IRA_disbands_military_structure,Irish Toaiseach Bertie Ahern,ORG
51675,IRA disbands military structure,2006-10-05,Politics and conflicts,https://en.wikinews.org/wiki/IRA_disbands_military_structure,British,NORP
51675,IRA disbands military structure,2006-10-05,Politics and conflicts,https://en.wikinews.org/wiki/IRA_disbands_military_structure,Tony Blair,PERSON
51675,IRA disbands military structure,2006-10-05,Politics and conflicts,https://en.wikinews.org/wiki/IRA_disbands_military_structure,Northern Ireland,GPE
51675,IRA disbands military structure,2006-10-05,Politics and conflicts,https://en.wikinews.org/wiki/IRA_disbands_military_structure,IRA,ORG
51675,IRA disbands military structure,2006-10-05,Politics and conflicts,https://en.wikinews.org/wiki/IRA_disbands_military_structure,next week,DATE
51675,IRA disbands military structure,2006-10-05,Politics and conflicts,https://en.wikinews.org/wiki/IRA_disbands_military_structure,Scotland,GPE
51675,IRA disbands military structure,2006-10-05,Politics and conflicts,https://en.wikinews.org/wiki/IRA_disbands_military_structure,Tony Blair,PERSON
51675,IRA disbands military structure,2006-10-05,Politics and conflicts,https://en.wikinews.org/wiki/IRA_disbands_military_structure,the Democratic Unionist Party,ORG
51675,IRA disbands military structure,2006-10-05,Politics and conflicts,https://en.wikinews.org/wiki/IRA_disbands_military_structure,Ian Paisley,PERSON
51675,IRA disbands military structure,2006-10-05,Politics and conflicts,https://en.wikinews.org/wiki/IRA_disbands_military_structure,Sinn Fein,ORG
51675,IRA disbands military structure,2006-10-05,Politics and conflicts,https://en.wikinews.org/wiki/IRA_disbands_military_structure,Paisley,PERSON
51675,IRA disbands military structure,2006-10-05,Politics and conflicts,https://en.wikinews.org/wiki/IRA_disbands_military_structure,Sinn Fein,ORG
51675,IRA disbands military structure,2006-10-05,Politics and conflicts,https://en.wikinews.org/wiki/IRA_disbands_military_structure,Gerry Adams,PERSON
51675,IRA disbands military structure,2006-10-05,Politics and conflicts,https://en.wikinews.org/wiki/IRA_disbands_military_structure,DUP,ORG
51675,IRA disbands military structure,2006-10-05,Politics and conflicts,https://en.wikinews.org/wiki/IRA_disbands_military_structure,second,ORDINAL
51675,IRA disbands military structure,2006-10-05,Politics and conflicts,https://en.wikinews.org/wiki/IRA_disbands_military_structure,second,ORDINAL
51675,IRA disbands military structure,2006-10-05,Politics and conflicts,https://en.wikinews.org/wiki/IRA_disbands_military_structure,British,NORP
51675,IRA disbands military structure,2006-10-05,Politics and conflicts,https://en.wikinews.org/wiki/IRA_disbands_military_structure,DUP,ORG
99214,Australian parliament to apologise to Stolen Generations,2008-02-12,Politics and conflicts,https://en.wikinews.org/wiki/Australian_parliament_to_apologise_to_Stolen_Generations,Australian,NORP
99214,Australian parliament to apologise to Stolen Generations,2008-02-12,Politics and conflicts,https://en.wikinews.org/wiki/Australian_parliament_to_apologise_to_Stolen_Generations,tomorrow,DATE
99214,Australian parliament to apologise to Stolen Generations,2008-02-12,Politics and conflicts,https://en.wikinews.org/wiki/Australian_parliament_to_apologise_to_Stolen_Generations,Australia,GPE
99214,Australian parliament to apologise to Stolen Generations,2008-02-12,Politics and conflicts,https://en.wikinews.org/wiki/Australian_parliament_to_apologise_to_Stolen_Generations,5pm AEDT,TIME
99214,Australian parliament to apologise to Stolen Generations,2008-02-12,Politics and conflicts,https://en.wikinews.org/wiki/Australian_parliament_to_apologise_to_Stolen_Generations,today,DATE
99214,Australian parliament to apologise to Stolen Generations,2008-02-12,Politics and conflicts,https://en.wikinews.org/wiki/Australian_parliament_to_apologise_to_Stolen_Generations,tomorrow,DATE
99214,Australian parliament to apologise to Stolen Generations,2008-02-12,Politics and conflicts,https://en.wikinews.org/wiki/Australian_parliament_to_apologise_to_Stolen_Generations,9am AEDT,TIME
99214,Australian parliament to apologise to Stolen Generations,2008-02-12,Politics and conflicts,https://en.wikinews.org/wiki/Australian_parliament_to_apologise_to_Stolen_Generations,Brendan Nelson,PERSON
99214,Australian parliament to apologise to Stolen Generations,2008-02-12,Politics and conflicts,https://en.wikinews.org/wiki/Australian_parliament_to_apologise_to_Stolen_Generations,Rudd,PERSON
99214,Australian parliament to apologise to Stolen Generations,2008-02-12,Politics and conflicts,https://en.wikinews.org/wiki/Australian_parliament_to_apologise_to_Stolen_Generations,Australia,GPE
99214,Australian parliament to apologise to Stolen Generations,2008-02-12,Politics and conflicts,https://en.wikinews.org/wiki/Australian_parliament_to_apologise_to_Stolen_Generations,Nelson,PERSON
99214,Australian parliament to apologise to Stolen Generations,2008-02-12,Politics and conflicts,https://en.wikinews.org/wiki/Australian_parliament_to_apologise_to_Stolen_Generations,yesterday,DATE
99214,Australian parliament to apologise to Stolen Generations,2008-02-12,Politics and conflicts,https://en.wikinews.org/wiki/Australian_parliament_to_apologise_to_Stolen_Generations,two days,DATE
99214,Australian parliament to apologise to Stolen Generations,2008-02-12,Politics and conflicts,https://en.wikinews.org/wiki/Australian_parliament_to_apologise_to_Stolen_Generations,Kevin Rudd,PERSON
99214,Australian parliament to apologise to Stolen Generations,2008-02-12,Politics and conflicts,https://en.wikinews.org/wiki/Australian_parliament_to_apologise_to_Stolen_Generations,first,ORDINAL
99214,Australian parliament to apologise to Stolen Generations,2008-02-12,Politics and conflicts,https://en.wikinews.org/wiki/Australian_parliament_to_apologise_to_Stolen_Generations,Government,ORG
99214,Australian parliament to apologise to Stolen Generations,2008-02-12,Politics and conflicts,https://en.wikinews.org/wiki/Australian_parliament_to_apologise_to_Stolen_Generations,Anthony Albanese,PERSON
99214,Australian parliament to apologise to Stolen Generations,2008-02-12,Politics and conflicts,https://en.wikinews.org/wiki/Australian_parliament_to_apologise_to_Stolen_Generations,the Stolen Generations,ORG
99214,Australian parliament to apologise to Stolen Generations,2008-02-12,Politics and conflicts,https://en.wikinews.org/wiki/Australian_parliament_to_apologise_to_Stolen_Generations,today,DATE
99214,Australian parliament to apologise to Stolen Generations,2008-02-12,Politics and conflicts,https://en.wikinews.org/wiki/Australian_parliament_to_apologise_to_Stolen_Generations,The Sydney Morning Herald,EVENT
99214,Australian parliament to apologise to Stolen Generations,2008-02-12,Politics and conflicts,https://en.wikinews.org/wiki/Australian_parliament_to_apologise_to_Stolen_Generations,Tony Abbott,PERSON
99214,Australian parliament to apologise to Stolen Generations,2008-02-12,Politics and conflicts,https://en.wikinews.org/wiki/Australian_parliament_to_apologise_to_Stolen_Generations,John Howard's,PERSON
99214,Australian parliament to apologise to Stolen Generations,2008-02-12,Politics and conflicts,https://en.wikinews.org/wiki/Australian_parliament_to_apologise_to_Stolen_Generations,Howard,PERSON
99214,Australian parliament to apologise to Stolen Generations,2008-02-12,Politics and conflicts,https://en.wikinews.org/wiki/Australian_parliament_to_apologise_to_Stolen_Generations,Northern Territory Aboriginal,ORG
99214,Australian parliament to apologise to Stolen Generations,2008-02-12,Politics and conflicts,https://en.wikinews.org/wiki/Australian_parliament_to_apologise_to_Stolen_Generations,Abbott,PERSON
99214,Australian parliament to apologise to Stolen Generations,2008-02-12,Politics and conflicts,https://en.wikinews.org/wiki/Australian_parliament_to_apologise_to_Stolen_Generations,The Liberal Party's,ORG
99214,Australian parliament to apologise to Stolen Generations,2008-02-12,Politics and conflicts,https://en.wikinews.org/wiki/Australian_parliament_to_apologise_to_Stolen_Generations,John Howard,PERSON
172507,Car bomb explodes near MI5 army base in Northern Ireland,2010-04-12,Politics and conflicts,https://en.wikinews.org/wiki/Car_bomb_explodes_near_MI5_army_base_in_Northern_Ireland,Northern Ireland,GPE
172507,Car bomb explodes near MI5 army base in Northern Ireland,2010-04-12,Politics and conflicts,https://en.wikinews.org/wiki/Car_bomb_explodes_near_MI5_army_base_in_Northern_Ireland,MI5,NORP
172507,Car bomb explodes near MI5 army base in Northern Ireland,2010-04-12,Politics and conflicts,https://en.wikinews.org/wiki/Car_bomb_explodes_near_MI5_army_base_in_Northern_Ireland,the Real Irish Republican Army,ORG
172507,Car bomb explodes near MI5 army base in Northern Ireland,2010-04-12,Politics and conflicts,https://en.wikinews.org/wiki/Car_bomb_explodes_near_MI5_army_base_in_Northern_Ireland,Belfast,GPE
172507,Car bomb explodes near MI5 army base in Northern Ireland,2010-04-12,Politics and conflicts,https://en.wikinews.org/wiki/Car_bomb_explodes_near_MI5_army_base_in_Northern_Ireland,Al Jazeera,ORG
172507,Car bomb explodes near MI5 army base in Northern Ireland,2010-04-12,Politics and conflicts,https://en.wikinews.org/wiki/Car_bomb_explodes_near_MI5_army_base_in_Northern_Ireland,the Palace Barracks,ORG
172507,Car bomb explodes near MI5 army base in Northern Ireland,2010-04-12,Politics and conflicts,https://en.wikinews.org/wiki/Car_bomb_explodes_near_MI5_army_base_in_Northern_Ireland,several hours,TIME
172507,Car bomb explodes near MI5 army base in Northern Ireland,2010-04-12,Politics and conflicts,https://en.wikinews.org/wiki/Car_bomb_explodes_near_MI5_army_base_in_Northern_Ireland,the Northern Ireland Assembly,ORG
172507,Car bomb explodes near MI5 army base in Northern Ireland,2010-04-12,Politics and conflicts,https://en.wikinews.org/wiki/Car_bomb_explodes_near_MI5_army_base_in_Northern_Ireland,first,ORDINAL
172507,Car bomb explodes near MI5 army base in Northern Ireland,2010-04-12,Politics and conflicts,https://en.wikinews.org/wiki/Car_bomb_explodes_near_MI5_army_base_in_Northern_Ireland,only minutes,TIME
172507,Car bomb explodes near MI5 army base in Northern Ireland,2010-04-12,Politics and conflicts,https://en.wikinews.org/wiki/Car_bomb_explodes_near_MI5_army_base_in_Northern_Ireland,Belfast,GPE
172507,Car bomb explodes near MI5 army base in Northern Ireland,2010-04-12,Politics and conflicts,https://en.wikinews.org/wiki/Car_bomb_explodes_near_MI5_army_base_in_Northern_Ireland,first,ORDINAL
172507,Car bomb explodes near MI5 army base in Northern Ireland,2010-04-12,Politics and conflicts,https://en.wikinews.org/wiki/Car_bomb_explodes_near_MI5_army_base_in_Northern_Ireland,nearly four decades,DATE
172507,Car bomb explodes near MI5 army base in Northern Ireland,2010-04-12,Politics and conflicts,https://en.wikinews.org/wiki/Car_bomb_explodes_near_MI5_army_base_in_Northern_Ireland,Ulster Unionist,PERSON
172507,Car bomb explodes near MI5 army base in Northern Ireland,2010-04-12,Politics and conflicts,https://en.wikinews.org/wiki/Car_bomb_explodes_near_MI5_army_base_in_Northern_Ireland,the Belfast Policing Board,ORG
172507,Car bomb explodes near MI5 army base in Northern Ireland,2010-04-12,Politics and conflicts,https://en.wikinews.org/wiki/Car_bomb_explodes_near_MI5_army_base_in_Northern_Ireland,Basil McCrea,PERSON
172507,Car bomb explodes near MI5 army base in Northern Ireland,2010-04-12,Politics and conflicts,https://en.wikinews.org/wiki/Car_bomb_explodes_near_MI5_army_base_in_Northern_Ireland,the next period,DATE
172507,Car bomb explodes near MI5 army base in Northern Ireland,2010-04-12,Politics and conflicts,https://en.wikinews.org/wiki/Car_bomb_explodes_near_MI5_army_base_in_Northern_Ireland,BBC,ORG
172507,Car bomb explodes near MI5 army base in Northern Ireland,2010-04-12,Politics and conflicts,https://en.wikinews.org/wiki/Car_bomb_explodes_near_MI5_army_base_in_Northern_Ireland,one,CARDINAL
172507,Car bomb explodes near MI5 army base in Northern Ireland,2010-04-12,Politics and conflicts,https://en.wikinews.org/wiki/Car_bomb_explodes_near_MI5_army_base_in_Northern_Ireland,Belfast,GPE
172507,Car bomb explodes near MI5 army base in Northern Ireland,2010-04-12,Politics and conflicts,https://en.wikinews.org/wiki/Car_bomb_explodes_near_MI5_army_base_in_Northern_Ireland,Palace Barracks,ORG
172507,Car bomb explodes near MI5 army base in Northern Ireland,2010-04-12,Politics and conflicts,https://en.wikinews.org/wiki/Car_bomb_explodes_near_MI5_army_base_in_Northern_Ireland,midnight,TIME
172507,Car bomb explodes near MI5 army base in Northern Ireland,2010-04-12,Politics and conflicts,https://en.wikinews.org/wiki/Car_bomb_explodes_near_MI5_army_base_in_Northern_Ireland,Al Jazeera,ORG
172507,Car bomb explodes near MI5 army base in Northern Ireland,2010-04-12,Politics and conflicts,https://en.wikinews.org/wiki/Car_bomb_explodes_near_MI5_army_base_in_Northern_Ireland,00.24,CARDINAL
172507,Car bomb explodes near MI5 army base in Northern Ireland,2010-04-12,Politics and conflicts,https://en.wikinews.org/wiki/Car_bomb_explodes_near_MI5_army_base_in_Northern_Ireland,23.24,CARDINAL
172507,Car bomb explodes near MI5 army base in Northern Ireland,2010-04-12,Politics and conflicts,https://en.wikinews.org/wiki/Car_bomb_explodes_near_MI5_army_base_in_Northern_Ireland,UTC,ORG
172507,Car bomb explodes near MI5 army base in Northern Ireland,2010-04-12,Politics and conflicts,https://en.wikinews.org/wiki/Car_bomb_explodes_near_MI5_army_base_in_Northern_Ireland,One,CARDINAL
72105,North Korea launches missile in 'military drill',2007-06-19,Politics and conflicts,https://en.wikinews.org/wiki/North_Korea_launches_missile_in_%27military_drill%27,the Japanese Defense Ministry,ORG
72105,North Korea launches missile in 'military drill',2007-06-19,Politics and conflicts,https://en.wikinews.org/wiki/North_Korea_launches_missile_in_%27military_drill%27,North Korea,GPE
72105,North Korea launches missile in 'military drill',2007-06-19,Politics and conflicts,https://en.wikinews.org/wiki/North_Korea_launches_missile_in_%27military_drill%27,today,DATE
72105,North Korea launches missile in 'military drill',2007-06-19,Politics and conflicts,https://en.wikinews.org/wiki/North_Korea_launches_missile_in_%27military_drill%27,the Sea of Japan,LOC
72105,North Korea launches missile in 'military drill',2007-06-19,Politics and conflicts,https://en.wikinews.org/wiki/North_Korea_launches_missile_in_%27military_drill%27,North Korea,GPE
72105,North Korea launches missile in 'military drill',2007-06-19,Politics and conflicts,https://en.wikinews.org/wiki/North_Korea_launches_missile_in_%27military_drill%27,Japanese,NORP
72105,North Korea launches missile in 'military drill',2007-06-19,Politics and conflicts,https://en.wikinews.org/wiki/North_Korea_launches_missile_in_%27military_drill%27,Defense Ministry,ORG
72105,North Korea launches missile in 'military drill',2007-06-19,Politics and conflicts,https://en.wikinews.org/wiki/North_Korea_launches_missile_in_%27military_drill%27,Yonhap News Agency,ORG
72105,North Korea launches missile in 'military drill',2007-06-19,Politics and conflicts,https://en.wikinews.org/wiki/North_Korea_launches_missile_in_%27military_drill%27,South Korean,NORP
72105,North Korea launches missile in 'military drill',2007-06-19,Politics and conflicts,https://en.wikinews.org/wiki/North_Korea_launches_missile_in_%27military_drill%27,North Korea,GPE
72105,North Korea launches missile in 'military drill',2007-06-19,Politics and conflicts,https://en.wikinews.org/wiki/North_Korea_launches_missile_in_%27military_drill%27,South Korean Army,ORG
72105,North Korea launches missile in 'military drill',2007-06-19,Politics and conflicts,https://en.wikinews.org/wiki/North_Korea_launches_missile_in_%27military_drill%27,Yonhap,PERSON
72105,North Korea launches missile in 'military drill',2007-06-19,Politics and conflicts,https://en.wikinews.org/wiki/North_Korea_launches_missile_in_%27military_drill%27,North Korea,GPE
149618,Bomb explosion in Somaliland kills four cops,2010-01-25,Politics and conflicts,https://en.wikinews.org/wiki/Bomb_explosion_in_Somaliland_kills_four_cops,At least four,CARDINAL
149618,Bomb explosion in Somaliland kills four cops,2010-01-25,Politics and conflicts,https://en.wikinews.org/wiki/Bomb_explosion_in_Somaliland_kills_four_cops,today,DATE
149618,Bomb explosion in Somaliland kills four cops,2010-01-25,Politics and conflicts,https://en.wikinews.org/wiki/Bomb_explosion_in_Somaliland_kills_four_cops,Somaliland,GPE
149618,Bomb explosion in Somaliland kills four cops,2010-01-25,Politics and conflicts,https://en.wikinews.org/wiki/Bomb_explosion_in_Somaliland_kills_four_cops,Somalia,GPE
149618,Bomb explosion in Somaliland kills four cops,2010-01-25,Politics and conflicts,https://en.wikinews.org/wiki/Bomb_explosion_in_Somaliland_kills_four_cops,Four,CARDINAL
149618,Bomb explosion in Somaliland kills four cops,2010-01-25,Politics and conflicts,https://en.wikinews.org/wiki/Bomb_explosion_in_Somaliland_kills_four_cops,Monday,DATE
149618,Bomb explosion in Somaliland kills four cops,2010-01-25,Politics and conflicts,https://en.wikinews.org/wiki/Bomb_explosion_in_Somaliland_kills_four_cops,two weeks,DATE
149618,Bomb explosion in Somaliland kills four cops,2010-01-25,Politics and conflicts,https://en.wikinews.org/wiki/Bomb_explosion_in_Somaliland_kills_four_cops,Las Anod,FAC
149618,Bomb explosion in Somaliland kills four cops,2010-01-25,Politics and conflicts,https://en.wikinews.org/wiki/Bomb_explosion_in_Somaliland_kills_four_cops,Puntland,GPE
149618,Bomb explosion in Somaliland kills four cops,2010-01-25,Politics and conflicts,https://en.wikinews.org/wiki/Bomb_explosion_in_Somaliland_kills_four_cops,January 12,DATE
149618,Bomb explosion in Somaliland kills four cops,2010-01-25,Politics and conflicts,https://en.wikinews.org/wiki/Bomb_explosion_in_Somaliland_kills_four_cops,two,CARDINAL
149618,Bomb explosion in Somaliland kills four cops,2010-01-25,Politics and conflicts,https://en.wikinews.org/wiki/Bomb_explosion_in_Somaliland_kills_four_cops,Sunday,DATE
149618,Bomb explosion in Somaliland kills four cops,2010-01-25,Politics and conflicts,https://en.wikinews.org/wiki/Bomb_explosion_in_Somaliland_kills_four_cops,Las Anod's,FAC
149618,Bomb explosion in Somaliland kills four cops,2010-01-25,Politics and conflicts,https://en.wikinews.org/wiki/Bomb_explosion_in_Somaliland_kills_four_cops,Somaliland,ORG
149618,Bomb explosion in Somaliland kills four cops,2010-01-25,Politics and conflicts,https://en.wikinews.org/wiki/Bomb_explosion_in_Somaliland_kills_four_cops,Hargeisa,ORG
149618,Bomb explosion in Somaliland kills four cops,2010-01-25,Politics and conflicts,https://en.wikinews.org/wiki/Bomb_explosion_in_Somaliland_kills_four_cops,earlier this month,DATE
149618,Bomb explosion in Somaliland kills four cops,2010-01-25,Politics and conflicts,https://en.wikinews.org/wiki/Bomb_explosion_in_Somaliland_kills_four_cops,al Shabaab,ORG
149618,Bomb explosion in Somaliland kills four cops,2010-01-25,Politics and conflicts,https://en.wikinews.org/wiki/Bomb_explosion_in_Somaliland_kills_four_cops,Somaliland,GPE
48669,Iran voices defiance towards nuclear deadline,2006-08-29,Politics and conflicts,https://en.wikinews.org/wiki/Iran_voices_defiance_towards_nuclear_deadline,Mahmoud Ahmadinejad,PERSON
48669,Iran voices defiance towards nuclear deadline,2006-08-29,Politics and conflicts,https://en.wikinews.org/wiki/Iran_voices_defiance_towards_nuclear_deadline,Iran,GPE
48669,Iran voices defiance towards nuclear deadline,2006-08-29,Politics and conflicts,https://en.wikinews.org/wiki/Iran_voices_defiance_towards_nuclear_deadline,UN,ORG
48669,Iran voices defiance towards nuclear deadline,2006-08-29,Politics and conflicts,https://en.wikinews.org/wiki/Iran_voices_defiance_towards_nuclear_deadline,Security Council,ORG
48669,Iran voices defiance towards nuclear deadline,2006-08-29,Politics and conflicts,https://en.wikinews.org/wiki/Iran_voices_defiance_towards_nuclear_deadline,Tuesday,DATE
48669,Iran voices defiance towards nuclear deadline,2006-08-29,Politics and conflicts,https://en.wikinews.org/wiki/Iran_voices_defiance_towards_nuclear_deadline,Ahmadinejad,PERSON
48669,Iran voices defiance towards nuclear deadline,2006-08-29,Politics and conflicts,https://en.wikinews.org/wiki/Iran_voices_defiance_towards_nuclear_deadline,Iranian,NORP
48669,Iran voices defiance towards nuclear deadline,2006-08-29,Politics and conflicts,https://en.wikinews.org/wiki/Iran_voices_defiance_towards_nuclear_deadline,Iranian,NORP
48669,Iran voices defiance towards nuclear deadline,2006-08-29,Politics and conflicts,https://en.wikinews.org/wiki/Iran_voices_defiance_towards_nuclear_deadline,Iran,GPE
48669,Iran voices defiance towards nuclear deadline,2006-08-29,Politics and conflicts,https://en.wikinews.org/wiki/Iran_voices_defiance_towards_nuclear_deadline,Thursday,DATE
48669,Iran voices defiance towards nuclear deadline,2006-08-29,Politics and conflicts,https://en.wikinews.org/wiki/Iran_voices_defiance_towards_nuclear_deadline,U.N. Security Council,ORG
48669,Iran voices defiance towards nuclear deadline,2006-08-29,Politics and conflicts,https://en.wikinews.org/wiki/Iran_voices_defiance_towards_nuclear_deadline,Iran,GPE
48669,Iran voices defiance towards nuclear deadline,2006-08-29,Politics and conflicts,https://en.wikinews.org/wiki/Iran_voices_defiance_towards_nuclear_deadline,Thursday,DATE
48669,Iran voices defiance towards nuclear deadline,2006-08-29,Politics and conflicts,https://en.wikinews.org/wiki/Iran_voices_defiance_towards_nuclear_deadline,UN,ORG
48669,Iran voices defiance towards nuclear deadline,2006-08-29,Politics and conflicts,https://en.wikinews.org/wiki/Iran_voices_defiance_towards_nuclear_deadline,Ahmadinejad,PERSON
48669,Iran voices defiance towards nuclear deadline,2006-08-29,Politics and conflicts,https://en.wikinews.org/wiki/Iran_voices_defiance_towards_nuclear_deadline,Iran,GPE
48669,Iran voices defiance towards nuclear deadline,2006-08-29,Politics and conflicts,https://en.wikinews.org/wiki/Iran_voices_defiance_towards_nuclear_deadline,Iranian,NORP
48669,Iran voices defiance towards nuclear deadline,2006-08-29,Politics and conflicts,https://en.wikinews.org/wiki/Iran_voices_defiance_towards_nuclear_deadline,Ahmadinejad,PERSON
48669,Iran voices defiance towards nuclear deadline,2006-08-29,Politics and conflicts,https://en.wikinews.org/wiki/Iran_voices_defiance_towards_nuclear_deadline,Iranian,NORP
48669,Iran voices defiance towards nuclear deadline,2006-08-29,Politics and conflicts,https://en.wikinews.org/wiki/Iran_voices_defiance_towards_nuclear_deadline,six,CARDINAL
48669,Iran voices defiance towards nuclear deadline,2006-08-29,Politics and conflicts,https://en.wikinews.org/wiki/Iran_voices_defiance_towards_nuclear_deadline,Iran,GPE
48669,Iran voices defiance towards nuclear deadline,2006-08-29,Politics and conflicts,https://en.wikinews.org/wiki/Iran_voices_defiance_towards_nuclear_deadline,Iran,GPE
48669,Iran voices defiance towards nuclear deadline,2006-08-29,Politics and conflicts,https://en.wikinews.org/wiki/Iran_voices_defiance_towards_nuclear_deadline,Iran,GPE
48669,Iran voices defiance towards nuclear deadline,2006-08-29,Politics and conflicts,https://en.wikinews.org/wiki/Iran_voices_defiance_towards_nuclear_deadline,Iran,GPE
48669,Iran voices defiance towards nuclear deadline,2006-08-29,Politics and conflicts,https://en.wikinews.org/wiki/Iran_voices_defiance_towards_nuclear_deadline,Iran,GPE
48669,Iran voices defiance towards nuclear deadline,2006-08-29,Politics and conflicts,https://en.wikinews.org/wiki/Iran_voices_defiance_towards_nuclear_deadline,April 2006,DATE
48669,Iran voices defiance towards nuclear deadline,2006-08-29,Politics and conflicts,https://en.wikinews.org/wiki/Iran_voices_defiance_towards_nuclear_deadline,3.5%,PERCENT
48669,Iran voices defiance towards nuclear deadline,2006-08-29,Politics and conflicts,https://en.wikinews.org/wiki/Iran_voices_defiance_towards_nuclear_deadline,Iran,GPE
48669,Iran voices defiance towards nuclear deadline,2006-08-29,Politics and conflicts,https://en.wikinews.org/wiki/Iran_voices_defiance_towards_nuclear_deadline,thousands,CARDINAL
48669,Iran voices defiance towards nuclear deadline,2006-08-29,Politics and conflicts,https://en.wikinews.org/wiki/Iran_voices_defiance_towards_nuclear_deadline,90%,PERCENT
48669,Iran voices defiance towards nuclear deadline,2006-08-29,Politics and conflicts,https://en.wikinews.org/wiki/Iran_voices_defiance_towards_nuclear_deadline,Iran,GPE
48669,Iran voices defiance towards nuclear deadline,2006-08-29,Politics and conflicts,https://en.wikinews.org/wiki/Iran_voices_defiance_towards_nuclear_deadline,1968,DATE
48669,Iran voices defiance towards nuclear deadline,2006-08-29,Politics and conflicts,https://en.wikinews.org/wiki/Iran_voices_defiance_towards_nuclear_deadline,Nuclear Non-Proliferation Treaty,ORG
48669,Iran voices defiance towards nuclear deadline,2006-08-29,Politics and conflicts,https://en.wikinews.org/wiki/Iran_voices_defiance_towards_nuclear_deadline,Iran,GPE
48669,Iran voices defiance towards nuclear deadline,2006-08-29,Politics and conflicts,https://en.wikinews.org/wiki/Iran_voices_defiance_towards_nuclear_deadline,at least a decade,DATE
48669,Iran voices defiance towards nuclear deadline,2006-08-29,Politics and conflicts,https://en.wikinews.org/wiki/Iran_voices_defiance_towards_nuclear_deadline,Iran,GPE
252515,Qatar becomes first Arab country to fly fighter jets over Libya,2011-03-26,Politics and conflicts,https://en.wikinews.org/wiki/Qatar_becomes_first_Arab_country_to_fly_fighter_jets_over_Libya,Qatar,GPE
252515,Qatar becomes first Arab country to fly fighter jets over Libya,2011-03-26,Politics and conflicts,https://en.wikinews.org/wiki/Qatar_becomes_first_Arab_country_to_fly_fighter_jets_over_Libya,Libya,GPE
252515,Qatar becomes first Arab country to fly fighter jets over Libya,2011-03-26,Politics and conflicts,https://en.wikinews.org/wiki/Qatar_becomes_first_Arab_country_to_fly_fighter_jets_over_Libya,Friday,DATE
252515,Qatar becomes first Arab country to fly fighter jets over Libya,2011-03-26,Politics and conflicts,https://en.wikinews.org/wiki/Qatar_becomes_first_Arab_country_to_fly_fighter_jets_over_Libya,one day,DATE
252515,Qatar becomes first Arab country to fly fighter jets over Libya,2011-03-26,Politics and conflicts,https://en.wikinews.org/wiki/Qatar_becomes_first_Arab_country_to_fly_fighter_jets_over_Libya,NATO,ORG
252515,Qatar becomes first Arab country to fly fighter jets over Libya,2011-03-26,Politics and conflicts,https://en.wikinews.org/wiki/Qatar_becomes_first_Arab_country_to_fly_fighter_jets_over_Libya,Qatar,GPE
252515,Qatar becomes first Arab country to fly fighter jets over Libya,2011-03-26,Politics and conflicts,https://en.wikinews.org/wiki/Qatar_becomes_first_Arab_country_to_fly_fighter_jets_over_Libya,first,ORDINAL
252515,Qatar becomes first Arab country to fly fighter jets over Libya,2011-03-26,Politics and conflicts,https://en.wikinews.org/wiki/Qatar_becomes_first_Arab_country_to_fly_fighter_jets_over_Libya,Arab,NORP
252515,Qatar becomes first Arab country to fly fighter jets over Libya,2011-03-26,Politics and conflicts,https://en.wikinews.org/wiki/Qatar_becomes_first_Arab_country_to_fly_fighter_jets_over_Libya,Moammar Gadhafi's,PERSON
252515,Qatar becomes first Arab country to fly fighter jets over Libya,2011-03-26,Politics and conflicts,https://en.wikinews.org/wiki/Qatar_becomes_first_Arab_country_to_fly_fighter_jets_over_Libya,The French Defence Ministry,ORG
252515,Qatar becomes first Arab country to fly fighter jets over Libya,2011-03-26,Politics and conflicts,https://en.wikinews.org/wiki/Qatar_becomes_first_Arab_country_to_fly_fighter_jets_over_Libya,two,CARDINAL
252515,Qatar becomes first Arab country to fly fighter jets over Libya,2011-03-26,Politics and conflicts,https://en.wikinews.org/wiki/Qatar_becomes_first_Arab_country_to_fly_fighter_jets_over_Libya,Qatai Mirage 2000,ORG
252515,Qatar becomes first Arab country to fly fighter jets over Libya,2011-03-26,Politics and conflicts,https://en.wikinews.org/wiki/Qatar_becomes_first_Arab_country_to_fly_fighter_jets_over_Libya,Qatar,GPE
252515,Qatar becomes first Arab country to fly fighter jets over Libya,2011-03-26,Politics and conflicts,https://en.wikinews.org/wiki/Qatar_becomes_first_Arab_country_to_fly_fighter_jets_over_Libya,first,ORDINAL
252515,Qatar becomes first Arab country to fly fighter jets over Libya,2011-03-26,Politics and conflicts,https://en.wikinews.org/wiki/Qatar_becomes_first_Arab_country_to_fly_fighter_jets_over_Libya,Libya,GPE
252515,Qatar becomes first Arab country to fly fighter jets over Libya,2011-03-26,Politics and conflicts,https://en.wikinews.org/wiki/Qatar_becomes_first_Arab_country_to_fly_fighter_jets_over_Libya,French,NORP
252515,Qatar becomes first Arab country to fly fighter jets over Libya,2011-03-26,Politics and conflicts,https://en.wikinews.org/wiki/Qatar_becomes_first_Arab_country_to_fly_fighter_jets_over_Libya,Qatar,GPE
252515,Qatar becomes first Arab country to fly fighter jets over Libya,2011-03-26,Politics and conflicts,https://en.wikinews.org/wiki/Qatar_becomes_first_Arab_country_to_fly_fighter_jets_over_Libya,the United Arab Emirates,GPE
252515,Qatar becomes first Arab country to fly fighter jets over Libya,2011-03-26,Politics and conflicts,https://en.wikinews.org/wiki/Qatar_becomes_first_Arab_country_to_fly_fighter_jets_over_Libya,12,CARDINAL
252515,Qatar becomes first Arab country to fly fighter jets over Libya,2011-03-26,Politics and conflicts,https://en.wikinews.org/wiki/Qatar_becomes_first_Arab_country_to_fly_fighter_jets_over_Libya,the Arab League,ORG
252515,Qatar becomes first Arab country to fly fighter jets over Libya,2011-03-26,Politics and conflicts,https://en.wikinews.org/wiki/Qatar_becomes_first_Arab_country_to_fly_fighter_jets_over_Libya,Qatar,GPE
252515,Qatar becomes first Arab country to fly fighter jets over Libya,2011-03-26,Politics and conflicts,https://en.wikinews.org/wiki/Qatar_becomes_first_Arab_country_to_fly_fighter_jets_over_Libya,first,ORDINAL
252515,Qatar becomes first Arab country to fly fighter jets over Libya,2011-03-26,Politics and conflicts,https://en.wikinews.org/wiki/Qatar_becomes_first_Arab_country_to_fly_fighter_jets_over_Libya,Arab,NORP
252515,Qatar becomes first Arab country to fly fighter jets over Libya,2011-03-26,Politics and conflicts,https://en.wikinews.org/wiki/Qatar_becomes_first_Arab_country_to_fly_fighter_jets_over_Libya,Muslim,NORP
252515,Qatar becomes first Arab country to fly fighter jets over Libya,2011-03-26,Politics and conflicts,https://en.wikinews.org/wiki/Qatar_becomes_first_Arab_country_to_fly_fighter_jets_over_Libya,Qatar,GPE
252515,Qatar becomes first Arab country to fly fighter jets over Libya,2011-03-26,Politics and conflicts,https://en.wikinews.org/wiki/Qatar_becomes_first_Arab_country_to_fly_fighter_jets_over_Libya,Margaret Woodward,PERSON
252515,Qatar becomes first Arab country to fly fighter jets over Libya,2011-03-26,Politics and conflicts,https://en.wikinews.org/wiki/Qatar_becomes_first_Arab_country_to_fly_fighter_jets_over_Libya,U.S. Air Forces Africa,ORG
252515,Qatar becomes first Arab country to fly fighter jets over Libya,2011-03-26,Politics and conflicts,https://en.wikinews.org/wiki/Qatar_becomes_first_Arab_country_to_fly_fighter_jets_over_Libya,first,ORDINAL
252515,Qatar becomes first Arab country to fly fighter jets over Libya,2011-03-26,Politics and conflicts,https://en.wikinews.org/wiki/Qatar_becomes_first_Arab_country_to_fly_fighter_jets_over_Libya,Arab,NORP
252515,Qatar becomes first Arab country to fly fighter jets over Libya,2011-03-26,Politics and conflicts,https://en.wikinews.org/wiki/Qatar_becomes_first_Arab_country_to_fly_fighter_jets_over_Libya,Libyan,NORP
252515,Qatar becomes first Arab country to fly fighter jets over Libya,2011-03-26,Politics and conflicts,https://en.wikinews.org/wiki/Qatar_becomes_first_Arab_country_to_fly_fighter_jets_over_Libya,Qatar,GPE
252515,Qatar becomes first Arab country to fly fighter jets over Libya,2011-03-26,Politics and conflicts,https://en.wikinews.org/wiki/Qatar_becomes_first_Arab_country_to_fly_fighter_jets_over_Libya,Qatar,GPE
252515,Qatar becomes first Arab country to fly fighter jets over Libya,2011-03-26,Politics and conflicts,https://en.wikinews.org/wiki/Qatar_becomes_first_Arab_country_to_fly_fighter_jets_over_Libya,Arabian,NORP
252515,Qatar becomes first Arab country to fly fighter jets over Libya,2011-03-26,Politics and conflicts,https://en.wikinews.org/wiki/Qatar_becomes_first_Arab_country_to_fly_fighter_jets_over_Libya,Qatar,GPE
252515,Qatar becomes first Arab country to fly fighter jets over Libya,2011-03-26,Politics and conflicts,https://en.wikinews.org/wiki/Qatar_becomes_first_Arab_country_to_fly_fighter_jets_over_Libya,Iran,GPE
252515,Qatar becomes first Arab country to fly fighter jets over Libya,2011-03-26,Politics and conflicts,https://en.wikinews.org/wiki/Qatar_becomes_first_Arab_country_to_fly_fighter_jets_over_Libya,Saudi Arabia,GPE
252515,Qatar becomes first Arab country to fly fighter jets over Libya,2011-03-26,Politics and conflicts,https://en.wikinews.org/wiki/Qatar_becomes_first_Arab_country_to_fly_fighter_jets_over_Libya,Guardian,ORG
252515,Qatar becomes first Arab country to fly fighter jets over Libya,2011-03-26,Politics and conflicts,https://en.wikinews.org/wiki/Qatar_becomes_first_Arab_country_to_fly_fighter_jets_over_Libya,France,GPE
252515,Qatar becomes first Arab country to fly fighter jets over Libya,2011-03-26,Politics and conflicts,https://en.wikinews.org/wiki/Qatar_becomes_first_Arab_country_to_fly_fighter_jets_over_Libya,the United Kingdom,GPE
252515,Qatar becomes first Arab country to fly fighter jets over Libya,2011-03-26,Politics and conflicts,https://en.wikinews.org/wiki/Qatar_becomes_first_Arab_country_to_fly_fighter_jets_over_Libya,the United States,GPE
252515,Qatar becomes first Arab country to fly fighter jets over Libya,2011-03-26,Politics and conflicts,https://en.wikinews.org/wiki/Qatar_becomes_first_Arab_country_to_fly_fighter_jets_over_Libya,thirteen,CARDINAL
252515,Qatar becomes first Arab country to fly fighter jets over Libya,2011-03-26,Politics and conflicts,https://en.wikinews.org/wiki/Qatar_becomes_first_Arab_country_to_fly_fighter_jets_over_Libya,Libya,GPE
252515,Qatar becomes first Arab country to fly fighter jets over Libya,2011-03-26,Politics and conflicts,https://en.wikinews.org/wiki/Qatar_becomes_first_Arab_country_to_fly_fighter_jets_over_Libya,Libya,GPE
252515,Qatar becomes first Arab country to fly fighter jets over Libya,2011-03-26,Politics and conflicts,https://en.wikinews.org/wiki/Qatar_becomes_first_Arab_country_to_fly_fighter_jets_over_Libya,the UN Security Council,ORG
252515,Qatar becomes first Arab country to fly fighter jets over Libya,2011-03-26,Politics and conflicts,https://en.wikinews.org/wiki/Qatar_becomes_first_Arab_country_to_fly_fighter_jets_over_Libya,March 17,DATE
47239,Nigeria hands over disputed area to Cameroon,2006-08-14,Politics and conflicts,https://en.wikinews.org/wiki/Nigeria_hands_over_disputed_area_to_Cameroon,Nigerian,NORP
47239,Nigeria hands over disputed area to Cameroon,2006-08-14,Politics and conflicts,https://en.wikinews.org/wiki/Nigeria_hands_over_disputed_area_to_Cameroon,Cameroonian,NORP
47239,Nigeria hands over disputed area to Cameroon,2006-08-14,Politics and conflicts,https://en.wikinews.org/wiki/Nigeria_hands_over_disputed_area_to_Cameroon,Bakassi,ORG
47239,Nigeria hands over disputed area to Cameroon,2006-08-14,Politics and conflicts,https://en.wikinews.org/wiki/Nigeria_hands_over_disputed_area_to_Cameroon,Nigeria,GPE
47239,Nigeria hands over disputed area to Cameroon,2006-08-14,Politics and conflicts,https://en.wikinews.org/wiki/Nigeria_hands_over_disputed_area_to_Cameroon,Cameroon,GPE
47239,Nigeria hands over disputed area to Cameroon,2006-08-14,Politics and conflicts,https://en.wikinews.org/wiki/Nigeria_hands_over_disputed_area_to_Cameroon,Cameroon,ORG
47239,Nigeria hands over disputed area to Cameroon,2006-08-14,Politics and conflicts,https://en.wikinews.org/wiki/Nigeria_hands_over_disputed_area_to_Cameroon,Nigeria,GPE
47239,Nigeria hands over disputed area to Cameroon,2006-08-14,Politics and conflicts,https://en.wikinews.org/wiki/Nigeria_hands_over_disputed_area_to_Cameroon,Cameroon,ORG
47239,Nigeria hands over disputed area to Cameroon,2006-08-14,Politics and conflicts,https://en.wikinews.org/wiki/Nigeria_hands_over_disputed_area_to_Cameroon,Bakassi,ORG
47239,Nigeria hands over disputed area to Cameroon,2006-08-14,Politics and conflicts,https://en.wikinews.org/wiki/Nigeria_hands_over_disputed_area_to_Cameroon,Nigeria,GPE
47239,Nigeria hands over disputed area to Cameroon,2006-08-14,Politics and conflicts,https://en.wikinews.org/wiki/Nigeria_hands_over_disputed_area_to_Cameroon,Cameroon,ORG
47239,Nigeria hands over disputed area to Cameroon,2006-08-14,Politics and conflicts,https://en.wikinews.org/wiki/Nigeria_hands_over_disputed_area_to_Cameroon,two,CARDINAL
47239,Nigeria hands over disputed area to Cameroon,2006-08-14,Politics and conflicts,https://en.wikinews.org/wiki/Nigeria_hands_over_disputed_area_to_Cameroon,1981,DATE
47239,Nigeria hands over disputed area to Cameroon,2006-08-14,Politics and conflicts,https://en.wikinews.org/wiki/Nigeria_hands_over_disputed_area_to_Cameroon,1994,DATE
47239,Nigeria hands over disputed area to Cameroon,2006-08-14,Politics and conflicts,https://en.wikinews.org/wiki/Nigeria_hands_over_disputed_area_to_Cameroon,Cameroon,ORG
47239,Nigeria hands over disputed area to Cameroon,2006-08-14,Politics and conflicts,https://en.wikinews.org/wiki/Nigeria_hands_over_disputed_area_to_Cameroon,the International Court of Justice(ICJ,ORG
47239,Nigeria hands over disputed area to Cameroon,2006-08-14,Politics and conflicts,https://en.wikinews.org/wiki/Nigeria_hands_over_disputed_area_to_Cameroon,ICJ,ORG
47239,Nigeria hands over disputed area to Cameroon,2006-08-14,Politics and conflicts,https://en.wikinews.org/wiki/Nigeria_hands_over_disputed_area_to_Cameroon,2002,DATE
47239,Nigeria hands over disputed area to Cameroon,2006-08-14,Politics and conflicts,https://en.wikinews.org/wiki/Nigeria_hands_over_disputed_area_to_Cameroon,Cameroon,ORG
47239,Nigeria hands over disputed area to Cameroon,2006-08-14,Politics and conflicts,https://en.wikinews.org/wiki/Nigeria_hands_over_disputed_area_to_Cameroon,1913,DATE
47239,Nigeria hands over disputed area to Cameroon,2006-08-14,Politics and conflicts,https://en.wikinews.org/wiki/Nigeria_hands_over_disputed_area_to_Cameroon,Britain,GPE
47239,Nigeria hands over disputed area to Cameroon,2006-08-14,Politics and conflicts,https://en.wikinews.org/wiki/Nigeria_hands_over_disputed_area_to_Cameroon,Germany,GPE
47239,Nigeria hands over disputed area to Cameroon,2006-08-14,Politics and conflicts,https://en.wikinews.org/wiki/Nigeria_hands_over_disputed_area_to_Cameroon,Nigeria,GPE
47239,Nigeria hands over disputed area to Cameroon,2006-08-14,Politics and conflicts,https://en.wikinews.org/wiki/Nigeria_hands_over_disputed_area_to_Cameroon,UN,ORG
47239,Nigeria hands over disputed area to Cameroon,2006-08-14,Politics and conflicts,https://en.wikinews.org/wiki/Nigeria_hands_over_disputed_area_to_Cameroon,Greentree Agreement,PERSON
47239,Nigeria hands over disputed area to Cameroon,2006-08-14,Politics and conflicts,https://en.wikinews.org/wiki/Nigeria_hands_over_disputed_area_to_Cameroon,New York,GPE
47239,Nigeria hands over disputed area to Cameroon,2006-08-14,Politics and conflicts,https://en.wikinews.org/wiki/Nigeria_hands_over_disputed_area_to_Cameroon,June 12th,DATE
47239,Nigeria hands over disputed area to Cameroon,2006-08-14,Politics and conflicts,https://en.wikinews.org/wiki/Nigeria_hands_over_disputed_area_to_Cameroon,Nigeria,GPE
47239,Nigeria hands over disputed area to Cameroon,2006-08-14,Politics and conflicts,https://en.wikinews.org/wiki/Nigeria_hands_over_disputed_area_to_Cameroon,60 days,DATE
47239,Nigeria hands over disputed area to Cameroon,2006-08-14,Politics and conflicts,https://en.wikinews.org/wiki/Nigeria_hands_over_disputed_area_to_Cameroon,Nigerian,NORP
47239,Nigeria hands over disputed area to Cameroon,2006-08-14,Politics and conflicts,https://en.wikinews.org/wiki/Nigeria_hands_over_disputed_area_to_Cameroon,Olusegun Obasanjo,PERSON
47239,Nigeria hands over disputed area to Cameroon,2006-08-14,Politics and conflicts,https://en.wikinews.org/wiki/Nigeria_hands_over_disputed_area_to_Cameroon,Cameroon,ORG
47239,Nigeria hands over disputed area to Cameroon,2006-08-14,Politics and conflicts,https://en.wikinews.org/wiki/Nigeria_hands_over_disputed_area_to_Cameroon,Paul Biya,PERSON
47239,Nigeria hands over disputed area to Cameroon,2006-08-14,Politics and conflicts,https://en.wikinews.org/wiki/Nigeria_hands_over_disputed_area_to_Cameroon,Kofi Annan,PERSON
47239,Nigeria hands over disputed area to Cameroon,2006-08-14,Politics and conflicts,https://en.wikinews.org/wiki/Nigeria_hands_over_disputed_area_to_Cameroon,Archibong,GPE
47239,Nigeria hands over disputed area to Cameroon,2006-08-14,Politics and conflicts,https://en.wikinews.org/wiki/Nigeria_hands_over_disputed_area_to_Cameroon,African Union,ORG
47239,Nigeria hands over disputed area to Cameroon,2006-08-14,Politics and conflicts,https://en.wikinews.org/wiki/Nigeria_hands_over_disputed_area_to_Cameroon,British,NORP
47239,Nigeria hands over disputed area to Cameroon,2006-08-14,Politics and conflicts,https://en.wikinews.org/wiki/Nigeria_hands_over_disputed_area_to_Cameroon,French,NORP
47239,Nigeria hands over disputed area to Cameroon,2006-08-14,Politics and conflicts,https://en.wikinews.org/wiki/Nigeria_hands_over_disputed_area_to_Cameroon,German,NORP
47239,Nigeria hands over disputed area to Cameroon,2006-08-14,Politics and conflicts,https://en.wikinews.org/wiki/Nigeria_hands_over_disputed_area_to_Cameroon,UN,ORG
47239,Nigeria hands over disputed area to Cameroon,2006-08-14,Politics and conflicts,https://en.wikinews.org/wiki/Nigeria_hands_over_disputed_area_to_Cameroon,US,GPE
47239,Nigeria hands over disputed area to Cameroon,2006-08-14,Politics and conflicts,https://en.wikinews.org/wiki/Nigeria_hands_over_disputed_area_to_Cameroon,Nigeria,GPE
47239,Nigeria hands over disputed area to Cameroon,2006-08-14,Politics and conflicts,https://en.wikinews.org/wiki/Nigeria_hands_over_disputed_area_to_Cameroon,Martin-Luther Agwai,PERSON
47239,Nigeria hands over disputed area to Cameroon,2006-08-14,Politics and conflicts,https://en.wikinews.org/wiki/Nigeria_hands_over_disputed_area_to_Cameroon,navy,ORG
47239,Nigeria hands over disputed area to Cameroon,2006-08-14,Politics and conflicts,https://en.wikinews.org/wiki/Nigeria_hands_over_disputed_area_to_Cameroon,Nigerian,NORP
47239,Nigeria hands over disputed area to Cameroon,2006-08-14,Politics and conflicts,https://en.wikinews.org/wiki/Nigeria_hands_over_disputed_area_to_Cameroon,Cameroon,ORG
47239,Nigeria hands over disputed area to Cameroon,2006-08-14,Politics and conflicts,https://en.wikinews.org/wiki/Nigeria_hands_over_disputed_area_to_Cameroon,Nigerian,NORP
47239,Nigeria hands over disputed area to Cameroon,2006-08-14,Politics and conflicts,https://en.wikinews.org/wiki/Nigeria_hands_over_disputed_area_to_Cameroon,Bayo Ojo,PERSON
47239,Nigeria hands over disputed area to Cameroon,2006-08-14,Politics and conflicts,https://en.wikinews.org/wiki/Nigeria_hands_over_disputed_area_to_Cameroon,Cameroonian,NORP
47239,Nigeria hands over disputed area to Cameroon,2006-08-14,Politics and conflicts,https://en.wikinews.org/wiki/Nigeria_hands_over_disputed_area_to_Cameroon,Maurice Kamto,PERSON
47239,Nigeria hands over disputed area to Cameroon,2006-08-14,Politics and conflicts,https://en.wikinews.org/wiki/Nigeria_hands_over_disputed_area_to_Cameroon,Monday,DATE
47239,Nigeria hands over disputed area to Cameroon,2006-08-14,Politics and conflicts,https://en.wikinews.org/wiki/Nigeria_hands_over_disputed_area_to_Cameroon,exactly 12:30 pm,TIME
47239,Nigeria hands over disputed area to Cameroon,2006-08-14,Politics and conflicts,https://en.wikinews.org/wiki/Nigeria_hands_over_disputed_area_to_Cameroon,Ojo,PERSON
47239,Nigeria hands over disputed area to Cameroon,2006-08-14,Politics and conflicts,https://en.wikinews.org/wiki/Nigeria_hands_over_disputed_area_to_Cameroon,Bakassi,ORG
47239,Nigeria hands over disputed area to Cameroon,2006-08-14,Politics and conflicts,https://en.wikinews.org/wiki/Nigeria_hands_over_disputed_area_to_Cameroon,Nigerians,NORP
47239,Nigeria hands over disputed area to Cameroon,2006-08-14,Politics and conflicts,https://en.wikinews.org/wiki/Nigeria_hands_over_disputed_area_to_Cameroon,Kamto,PERSON
47239,Nigeria hands over disputed area to Cameroon,2006-08-14,Politics and conflicts,https://en.wikinews.org/wiki/Nigeria_hands_over_disputed_area_to_Cameroon,Bakassi,GPE
47239,Nigeria hands over disputed area to Cameroon,2006-08-14,Politics and conflicts,https://en.wikinews.org/wiki/Nigeria_hands_over_disputed_area_to_Cameroon,Cameroon,ORG
47239,Nigeria hands over disputed area to Cameroon,2006-08-14,Politics and conflicts,https://en.wikinews.org/wiki/Nigeria_hands_over_disputed_area_to_Cameroon,Kieran Prendergast,LOC
47239,Nigeria hands over disputed area to Cameroon,2006-08-14,Politics and conflicts,https://en.wikinews.org/wiki/Nigeria_hands_over_disputed_area_to_Cameroon,UN,ORG
47239,Nigeria hands over disputed area to Cameroon,2006-08-14,Politics and conflicts,https://en.wikinews.org/wiki/Nigeria_hands_over_disputed_area_to_Cameroon,Bakassi,ORG
47239,Nigeria hands over disputed area to Cameroon,2006-08-14,Politics and conflicts,https://en.wikinews.org/wiki/Nigeria_hands_over_disputed_area_to_Cameroon,Nigerian,NORP
47239,Nigeria hands over disputed area to Cameroon,2006-08-14,Politics and conflicts,https://en.wikinews.org/wiki/Nigeria_hands_over_disputed_area_to_Cameroon,Nigeria,GPE
47239,Nigeria hands over disputed area to Cameroon,2006-08-14,Politics and conflicts,https://en.wikinews.org/wiki/Nigeria_hands_over_disputed_area_to_Cameroon,last week,DATE
47239,Nigeria hands over disputed area to Cameroon,2006-08-14,Politics and conflicts,https://en.wikinews.org/wiki/Nigeria_hands_over_disputed_area_to_Cameroon,the Bakassi Self Determination Movement,ORG
47239,Nigeria hands over disputed area to Cameroon,2006-08-14,Politics and conflicts,https://en.wikinews.org/wiki/Nigeria_hands_over_disputed_area_to_Cameroon,Bakassi,ORG
47239,Nigeria hands over disputed area to Cameroon,2006-08-14,Politics and conflicts,https://en.wikinews.org/wiki/Nigeria_hands_over_disputed_area_to_Cameroon,Nigeria,GPE
47239,Nigeria hands over disputed area to Cameroon,2006-08-14,Politics and conflicts,https://en.wikinews.org/wiki/Nigeria_hands_over_disputed_area_to_Cameroon,Cameroon,ORG
47239,Nigeria hands over disputed area to Cameroon,2006-08-14,Politics and conflicts,https://en.wikinews.org/wiki/Nigeria_hands_over_disputed_area_to_Cameroon,"the ""Democratic Republic of Bakassi",ORG
47239,Nigeria hands over disputed area to Cameroon,2006-08-14,Politics and conflicts,https://en.wikinews.org/wiki/Nigeria_hands_over_disputed_area_to_Cameroon,Monday,DATE
47239,Nigeria hands over disputed area to Cameroon,2006-08-14,Politics and conflicts,https://en.wikinews.org/wiki/Nigeria_hands_over_disputed_area_to_Cameroon,Tony Ene,PERSON
47239,Nigeria hands over disputed area to Cameroon,2006-08-14,Politics and conflicts,https://en.wikinews.org/wiki/Nigeria_hands_over_disputed_area_to_Cameroon,Nigeria,PERSON
47239,Nigeria hands over disputed area to Cameroon,2006-08-14,Politics and conflicts,https://en.wikinews.org/wiki/Nigeria_hands_over_disputed_area_to_Cameroon,Cameroon,ORG
47239,Nigeria hands over disputed area to Cameroon,2006-08-14,Politics and conflicts,https://en.wikinews.org/wiki/Nigeria_hands_over_disputed_area_to_Cameroon,Cameroonian,NORP
47239,Nigeria hands over disputed area to Cameroon,2006-08-14,Politics and conflicts,https://en.wikinews.org/wiki/Nigeria_hands_over_disputed_area_to_Cameroon,Niger delta,LOC
47239,Nigeria hands over disputed area to Cameroon,2006-08-14,Politics and conflicts,https://en.wikinews.org/wiki/Nigeria_hands_over_disputed_area_to_Cameroon,Bakassi Nigerians,PERSON
47239,Nigeria hands over disputed area to Cameroon,2006-08-14,Politics and conflicts,https://en.wikinews.org/wiki/Nigeria_hands_over_disputed_area_to_Cameroon,Cameroonian,NORP
47239,Nigeria hands over disputed area to Cameroon,2006-08-14,Politics and conflicts,https://en.wikinews.org/wiki/Nigeria_hands_over_disputed_area_to_Cameroon,years ago,DATE
47239,Nigeria hands over disputed area to Cameroon,2006-08-14,Politics and conflicts,https://en.wikinews.org/wiki/Nigeria_hands_over_disputed_area_to_Cameroon,Nigerian,NORP
47239,Nigeria hands over disputed area to Cameroon,2006-08-14,Politics and conflicts,https://en.wikinews.org/wiki/Nigeria_hands_over_disputed_area_to_Cameroon,Cameroon,ORG
47239,Nigeria hands over disputed area to Cameroon,2006-08-14,Politics and conflicts,https://en.wikinews.org/wiki/Nigeria_hands_over_disputed_area_to_Cameroon,Cameroon,ORG
47239,Nigeria hands over disputed area to Cameroon,2006-08-14,Politics and conflicts,https://en.wikinews.org/wiki/Nigeria_hands_over_disputed_area_to_Cameroon,Cameroon Radio and Television,ORG
47239,Nigeria hands over disputed area to Cameroon,2006-08-14,Politics and conflicts,https://en.wikinews.org/wiki/Nigeria_hands_over_disputed_area_to_Cameroon,Today,DATE
47239,Nigeria hands over disputed area to Cameroon,2006-08-14,Politics and conflicts,https://en.wikinews.org/wiki/Nigeria_hands_over_disputed_area_to_Cameroon,Cameroon,ORG
47239,Nigeria hands over disputed area to Cameroon,2006-08-14,Politics and conflicts,https://en.wikinews.org/wiki/Nigeria_hands_over_disputed_area_to_Cameroon,Cameroonian,NORP
47239,Nigeria hands over disputed area to Cameroon,2006-08-14,Politics and conflicts,https://en.wikinews.org/wiki/Nigeria_hands_over_disputed_area_to_Cameroon,Nigerian,NORP
47239,Nigeria hands over disputed area to Cameroon,2006-08-14,Politics and conflicts,https://en.wikinews.org/wiki/Nigeria_hands_over_disputed_area_to_Cameroon,two,CARDINAL
47239,Nigeria hands over disputed area to Cameroon,2006-08-14,Politics and conflicts,https://en.wikinews.org/wiki/Nigeria_hands_over_disputed_area_to_Cameroon,Bakassi,GPE
47239,Nigeria hands over disputed area to Cameroon,2006-08-14,Politics and conflicts,https://en.wikinews.org/wiki/Nigeria_hands_over_disputed_area_to_Cameroon,Reuters,ORG
47239,Nigeria hands over disputed area to Cameroon,2006-08-14,Politics and conflicts,https://en.wikinews.org/wiki/Nigeria_hands_over_disputed_area_to_Cameroon,Cameroonians,NORP
47239,Nigeria hands over disputed area to Cameroon,2006-08-14,Politics and conflicts,https://en.wikinews.org/wiki/Nigeria_hands_over_disputed_area_to_Cameroon,The Nigerian Newspaper,ORG
47239,Nigeria hands over disputed area to Cameroon,2006-08-14,Politics and conflicts,https://en.wikinews.org/wiki/Nigeria_hands_over_disputed_area_to_Cameroon,The Daily Champion,ORG
47239,Nigeria hands over disputed area to Cameroon,2006-08-14,Politics and conflicts,https://en.wikinews.org/wiki/Nigeria_hands_over_disputed_area_to_Cameroon,Cameroonian,NORP
47239,Nigeria hands over disputed area to Cameroon,2006-08-14,Politics and conflicts,https://en.wikinews.org/wiki/Nigeria_hands_over_disputed_area_to_Cameroon,today,DATE
47239,Nigeria hands over disputed area to Cameroon,2006-08-14,Politics and conflicts,https://en.wikinews.org/wiki/Nigeria_hands_over_disputed_area_to_Cameroon,Lagos,GPE
47239,Nigeria hands over disputed area to Cameroon,2006-08-14,Politics and conflicts,https://en.wikinews.org/wiki/Nigeria_hands_over_disputed_area_to_Cameroon,daily,DATE
47239,Nigeria hands over disputed area to Cameroon,2006-08-14,Politics and conflicts,https://en.wikinews.org/wiki/Nigeria_hands_over_disputed_area_to_Cameroon,Felix Chukwuma,PERSON
47239,Nigeria hands over disputed area to Cameroon,2006-08-14,Politics and conflicts,https://en.wikinews.org/wiki/Nigeria_hands_over_disputed_area_to_Cameroon,the Nigerian Army,ORG
47239,Nigeria hands over disputed area to Cameroon,2006-08-14,Politics and conflicts,https://en.wikinews.org/wiki/Nigeria_hands_over_disputed_area_to_Cameroon,Nigeria,GPE
47239,Nigeria hands over disputed area to Cameroon,2006-08-14,Politics and conflicts,https://en.wikinews.org/wiki/Nigeria_hands_over_disputed_area_to_Cameroon,UN,ORG
47239,Nigeria hands over disputed area to Cameroon,2006-08-14,Politics and conflicts,https://en.wikinews.org/wiki/Nigeria_hands_over_disputed_area_to_Cameroon,Nigeria,GPE
47239,Nigeria hands over disputed area to Cameroon,2006-08-14,Politics and conflicts,https://en.wikinews.org/wiki/Nigeria_hands_over_disputed_area_to_Cameroon,Nigeria,GPE
47239,Nigeria hands over disputed area to Cameroon,2006-08-14,Politics and conflicts,https://en.wikinews.org/wiki/Nigeria_hands_over_disputed_area_to_Cameroon,Bakassi,PERSON
47239,Nigeria hands over disputed area to Cameroon,2006-08-14,Politics and conflicts,https://en.wikinews.org/wiki/Nigeria_hands_over_disputed_area_to_Cameroon,Bakassi,GPE
47239,Nigeria hands over disputed area to Cameroon,2006-08-14,Politics and conflicts,https://en.wikinews.org/wiki/Nigeria_hands_over_disputed_area_to_Cameroon,Cameroonian,NORP
47239,Nigeria hands over disputed area to Cameroon,2006-08-14,Politics and conflicts,https://en.wikinews.org/wiki/Nigeria_hands_over_disputed_area_to_Cameroon,Nigeria,GPE
47239,Nigeria hands over disputed area to Cameroon,2006-08-14,Politics and conflicts,https://en.wikinews.org/wiki/Nigeria_hands_over_disputed_area_to_Cameroon,Nigeria,GPE
47239,Nigeria hands over disputed area to Cameroon,2006-08-14,Politics and conflicts,https://en.wikinews.org/wiki/Nigeria_hands_over_disputed_area_to_Cameroon,West Atabong,GPE
47239,Nigeria hands over disputed area to Cameroon,2006-08-14,Politics and conflicts,https://en.wikinews.org/wiki/Nigeria_hands_over_disputed_area_to_Cameroon,Akwabana,GPE
47239,Nigeria hands over disputed area to Cameroon,2006-08-14,Politics and conflicts,https://en.wikinews.org/wiki/Nigeria_hands_over_disputed_area_to_Cameroon,two more years,DATE
47239,Nigeria hands over disputed area to Cameroon,2006-08-14,Politics and conflicts,https://en.wikinews.org/wiki/Nigeria_hands_over_disputed_area_to_Cameroon,Cameroon,ORG
47239,Nigeria hands over disputed area to Cameroon,2006-08-14,Politics and conflicts,https://en.wikinews.org/wiki/Nigeria_hands_over_disputed_area_to_Cameroon,five year,DATE
47239,Nigeria hands over disputed area to Cameroon,2006-08-14,Politics and conflicts,https://en.wikinews.org/wiki/Nigeria_hands_over_disputed_area_to_Cameroon,UN,ORG
47239,Nigeria hands over disputed area to Cameroon,2006-08-14,Politics and conflicts,https://en.wikinews.org/wiki/Nigeria_hands_over_disputed_area_to_Cameroon,West Africa,GPE
47239,Nigeria hands over disputed area to Cameroon,2006-08-14,Politics and conflicts,https://en.wikinews.org/wiki/Nigeria_hands_over_disputed_area_to_Cameroon,Ahmedou Ould-Abdallah,PERSON
47239,Nigeria hands over disputed area to Cameroon,2006-08-14,Politics and conflicts,https://en.wikinews.org/wiki/Nigeria_hands_over_disputed_area_to_Cameroon,about a dozen,CARDINAL
47239,Nigeria hands over disputed area to Cameroon,2006-08-14,Politics and conflicts,https://en.wikinews.org/wiki/Nigeria_hands_over_disputed_area_to_Cameroon,UN,ORG
47239,Nigeria hands over disputed area to Cameroon,2006-08-14,Politics and conflicts,https://en.wikinews.org/wiki/Nigeria_hands_over_disputed_area_to_Cameroon,Cameroonian,NORP
47239,Nigeria hands over disputed area to Cameroon,2006-08-14,Politics and conflicts,https://en.wikinews.org/wiki/Nigeria_hands_over_disputed_area_to_Cameroon,The UN Office,ORG
47239,Nigeria hands over disputed area to Cameroon,2006-08-14,Politics and conflicts,https://en.wikinews.org/wiki/Nigeria_hands_over_disputed_area_to_Cameroon,West Africa,GPE
47239,Nigeria hands over disputed area to Cameroon,2006-08-14,Politics and conflicts,https://en.wikinews.org/wiki/Nigeria_hands_over_disputed_area_to_Cameroon,two,CARDINAL
47239,Nigeria hands over disputed area to Cameroon,2006-08-14,Politics and conflicts,https://en.wikinews.org/wiki/Nigeria_hands_over_disputed_area_to_Cameroon,700,CARDINAL
47239,Nigeria hands over disputed area to Cameroon,2006-08-14,Politics and conflicts,https://en.wikinews.org/wiki/Nigeria_hands_over_disputed_area_to_Cameroon,Guinea,GPE
47239,Nigeria hands over disputed area to Cameroon,2006-08-14,Politics and conflicts,https://en.wikinews.org/wiki/Nigeria_hands_over_disputed_area_to_Cameroon,up to 10%,PERCENT
47239,Nigeria hands over disputed area to Cameroon,2006-08-14,Politics and conflicts,https://en.wikinews.org/wiki/Nigeria_hands_over_disputed_area_to_Cameroon,"between 150,000 and 300,000",CARDINAL
4464,Howard Dean elected chairman of U.S. Democrats,2005-02-13,Politics and conflicts,https://en.wikinews.org/wiki/Howard_Dean_elected_chairman_of_U.S._Democrats,Howard Dean,PERSON
4464,Howard Dean elected chairman of U.S. Democrats,2005-02-13,Politics and conflicts,https://en.wikinews.org/wiki/Howard_Dean_elected_chairman_of_U.S._Democrats,the Democratic Party of the United States,ORG
4464,Howard Dean elected chairman of U.S. Democrats,2005-02-13,Politics and conflicts,https://en.wikinews.org/wiki/Howard_Dean_elected_chairman_of_U.S._Democrats,Saturday,DATE
4464,Howard Dean elected chairman of U.S. Democrats,2005-02-13,Politics and conflicts,https://en.wikinews.org/wiki/Howard_Dean_elected_chairman_of_U.S._Democrats,Vermont,GPE
4464,Howard Dean elected chairman of U.S. Democrats,2005-02-13,Politics and conflicts,https://en.wikinews.org/wiki/Howard_Dean_elected_chairman_of_U.S._Democrats,2004,DATE
4464,Howard Dean elected chairman of U.S. Democrats,2005-02-13,Politics and conflicts,https://en.wikinews.org/wiki/Howard_Dean_elected_chairman_of_U.S._Democrats,447,CARDINAL
4464,Howard Dean elected chairman of U.S. Democrats,2005-02-13,Politics and conflicts,https://en.wikinews.org/wiki/Howard_Dean_elected_chairman_of_U.S._Democrats,Democratic National Committee,ORG
4464,Howard Dean elected chairman of U.S. Democrats,2005-02-13,Politics and conflicts,https://en.wikinews.org/wiki/Howard_Dean_elected_chairman_of_U.S._Democrats,Dean,PERSON
4464,Howard Dean elected chairman of U.S. Democrats,2005-02-13,Politics and conflicts,https://en.wikinews.org/wiki/Howard_Dean_elected_chairman_of_U.S._Democrats,Terry McAuliffe,PERSON
4464,Howard Dean elected chairman of U.S. Democrats,2005-02-13,Politics and conflicts,https://en.wikinews.org/wiki/Howard_Dean_elected_chairman_of_U.S._Democrats,Dean,PERSON
4464,Howard Dean elected chairman of U.S. Democrats,2005-02-13,Politics and conflicts,https://en.wikinews.org/wiki/Howard_Dean_elected_chairman_of_U.S._Democrats,Dean,PERSON
4464,Howard Dean elected chairman of U.S. Democrats,2005-02-13,Politics and conflicts,https://en.wikinews.org/wiki/Howard_Dean_elected_chairman_of_U.S._Democrats,Dean,PERSON
4464,Howard Dean elected chairman of U.S. Democrats,2005-02-13,Politics and conflicts,https://en.wikinews.org/wiki/Howard_Dean_elected_chairman_of_U.S._Democrats,America,GPE
4464,Howard Dean elected chairman of U.S. Democrats,2005-02-13,Politics and conflicts,https://en.wikinews.org/wiki/Howard_Dean_elected_chairman_of_U.S._Democrats,MSNBC,ORG
4464,Howard Dean elected chairman of U.S. Democrats,2005-02-13,Politics and conflicts,https://en.wikinews.org/wiki/Howard_Dean_elected_chairman_of_U.S._Democrats,House,ORG
4464,Howard Dean elected chairman of U.S. Democrats,2005-02-13,Politics and conflicts,https://en.wikinews.org/wiki/Howard_Dean_elected_chairman_of_U.S._Democrats,Nancy Pelosi,PERSON
4464,Howard Dean elected chairman of U.S. Democrats,2005-02-13,Politics and conflicts,https://en.wikinews.org/wiki/Howard_Dean_elected_chairman_of_U.S._Democrats,Dean,PERSON
4464,Howard Dean elected chairman of U.S. Democrats,2005-02-13,Politics and conflicts,https://en.wikinews.org/wiki/Howard_Dean_elected_chairman_of_U.S._Democrats,John Kerry,PERSON
4464,Howard Dean elected chairman of U.S. Democrats,2005-02-13,Politics and conflicts,https://en.wikinews.org/wiki/Howard_Dean_elected_chairman_of_U.S._Democrats,Dean,PERSON
4464,Howard Dean elected chairman of U.S. Democrats,2005-02-13,Politics and conflicts,https://en.wikinews.org/wiki/Howard_Dean_elected_chairman_of_U.S._Democrats,50,CARDINAL
4464,Howard Dean elected chairman of U.S. Democrats,2005-02-13,Politics and conflicts,https://en.wikinews.org/wiki/Howard_Dean_elected_chairman_of_U.S._Democrats,the Democratic Party,ORG
4464,Howard Dean elected chairman of U.S. Democrats,2005-02-13,Politics and conflicts,https://en.wikinews.org/wiki/Howard_Dean_elected_chairman_of_U.S._Democrats,Dean,PERSON
4464,Howard Dean elected chairman of U.S. Democrats,2005-02-13,Politics and conflicts,https://en.wikinews.org/wiki/Howard_Dean_elected_chairman_of_U.S._Democrats,the Republican National Committee,ORG
4464,Howard Dean elected chairman of U.S. Democrats,2005-02-13,Politics and conflicts,https://en.wikinews.org/wiki/Howard_Dean_elected_chairman_of_U.S._Democrats,Ken Mehlman,PERSON
4464,Howard Dean elected chairman of U.S. Democrats,2005-02-13,Politics and conflicts,https://en.wikinews.org/wiki/Howard_Dean_elected_chairman_of_U.S._Democrats,Howard Dean's,PERSON
4464,Howard Dean elected chairman of U.S. Democrats,2005-02-13,Politics and conflicts,https://en.wikinews.org/wiki/Howard_Dean_elected_chairman_of_U.S._Democrats,the House of Representatives Newt Gingrich,ORG
4464,Howard Dean elected chairman of U.S. Democrats,2005-02-13,Politics and conflicts,https://en.wikinews.org/wiki/Howard_Dean_elected_chairman_of_U.S._Democrats,Democrats,NORP
4464,Howard Dean elected chairman of U.S. Democrats,2005-02-13,Politics and conflicts,https://en.wikinews.org/wiki/Howard_Dean_elected_chairman_of_U.S._Democrats,Dean,PERSON
76558,"Karl Rove, senior political advisor to President Bush will resign",2007-08-13,Politics and conflicts,"https://en.wikinews.org/wiki/Karl_Rove,_senior_political_advisor_to_President_Bush_will_resign",Bush,PERSON
76558,"Karl Rove, senior political advisor to President Bush will resign",2007-08-13,Politics and conflicts,"https://en.wikinews.org/wiki/Karl_Rove,_senior_political_advisor_to_President_Bush_will_resign",Karl Rove,PERSON
76558,"Karl Rove, senior political advisor to President Bush will resign",2007-08-13,Politics and conflicts,"https://en.wikinews.org/wiki/Karl_Rove,_senior_political_advisor_to_President_Bush_will_resign",White House,ORG
76558,"Karl Rove, senior political advisor to President Bush will resign",2007-08-13,Politics and conflicts,"https://en.wikinews.org/wiki/Karl_Rove,_senior_political_advisor_to_President_Bush_will_resign",the end of the month,DATE
76558,"Karl Rove, senior political advisor to President Bush will resign",2007-08-13,Politics and conflicts,"https://en.wikinews.org/wiki/Karl_Rove,_senior_political_advisor_to_President_Bush_will_resign",Monday,DATE
76558,"Karl Rove, senior political advisor to President Bush will resign",2007-08-13,Politics and conflicts,"https://en.wikinews.org/wiki/Karl_Rove,_senior_political_advisor_to_President_Bush_will_resign",Rove,PERSON
76558,"Karl Rove, senior political advisor to President Bush will resign",2007-08-13,Politics and conflicts,"https://en.wikinews.org/wiki/Karl_Rove,_senior_political_advisor_to_President_Bush_will_resign",the White House,ORG
76558,"Karl Rove, senior political advisor to President Bush will resign",2007-08-13,Politics and conflicts,"https://en.wikinews.org/wiki/Karl_Rove,_senior_political_advisor_to_President_Bush_will_resign",Bush,PERSON
76558,"Karl Rove, senior political advisor to President Bush will resign",2007-08-13,Politics and conflicts,"https://en.wikinews.org/wiki/Karl_Rove,_senior_political_advisor_to_President_Bush_will_resign",January 2001,DATE
76558,"Karl Rove, senior political advisor to President Bush will resign",2007-08-13,Politics and conflicts,"https://en.wikinews.org/wiki/Karl_Rove,_senior_political_advisor_to_President_Bush_will_resign",Bush,PERSON
76558,"Karl Rove, senior political advisor to President Bush will resign",2007-08-13,Politics and conflicts,"https://en.wikinews.org/wiki/Karl_Rove,_senior_political_advisor_to_President_Bush_will_resign",Rove,PERSON
76558,"Karl Rove, senior political advisor to President Bush will resign",2007-08-13,Politics and conflicts,"https://en.wikinews.org/wiki/Karl_Rove,_senior_political_advisor_to_President_Bush_will_resign",11:35 a.m.,TIME
76558,"Karl Rove, senior political advisor to President Bush will resign",2007-08-13,Politics and conflicts,"https://en.wikinews.org/wiki/Karl_Rove,_senior_political_advisor_to_President_Bush_will_resign",ET,PERSON
76558,"Karl Rove, senior political advisor to President Bush will resign",2007-08-13,Politics and conflicts,"https://en.wikinews.org/wiki/Karl_Rove,_senior_political_advisor_to_President_Bush_will_resign",UTC-4,ORG
76558,"Karl Rove, senior political advisor to President Bush will resign",2007-08-13,Politics and conflicts,"https://en.wikinews.org/wiki/Karl_Rove,_senior_political_advisor_to_President_Bush_will_resign",Bush,PERSON
76558,"Karl Rove, senior political advisor to President Bush will resign",2007-08-13,Politics and conflicts,"https://en.wikinews.org/wiki/Karl_Rove,_senior_political_advisor_to_President_Bush_will_resign",Marine One,PERSON
76558,"Karl Rove, senior political advisor to President Bush will resign",2007-08-13,Politics and conflicts,"https://en.wikinews.org/wiki/Karl_Rove,_senior_political_advisor_to_President_Bush_will_resign",Crawford,GPE
76558,"Karl Rove, senior political advisor to President Bush will resign",2007-08-13,Politics and conflicts,"https://en.wikinews.org/wiki/Karl_Rove,_senior_political_advisor_to_President_Bush_will_resign",Texas,GPE
76558,"Karl Rove, senior political advisor to President Bush will resign",2007-08-13,Politics and conflicts,"https://en.wikinews.org/wiki/Karl_Rove,_senior_political_advisor_to_President_Bush_will_resign",The Wall Street Journal,ORG
76558,"Karl Rove, senior political advisor to President Bush will resign",2007-08-13,Politics and conflicts,"https://en.wikinews.org/wiki/Karl_Rove,_senior_political_advisor_to_President_Bush_will_resign",Rove,PERSON
78417,White House spokesman Tony Snow stepping down,2007-08-31,Politics and conflicts,https://en.wikinews.org/wiki/White_House_spokesman_Tony_Snow_stepping_down,White House,ORG
78417,White House spokesman Tony Snow stepping down,2007-08-31,Politics and conflicts,https://en.wikinews.org/wiki/White_House_spokesman_Tony_Snow_stepping_down,Tony Snow,PERSON
78417,White House spokesman Tony Snow stepping down,2007-08-31,Politics and conflicts,https://en.wikinews.org/wiki/White_House_spokesman_Tony_Snow_stepping_down,today,DATE
78417,White House spokesman Tony Snow stepping down,2007-08-31,Politics and conflicts,https://en.wikinews.org/wiki/White_House_spokesman_Tony_Snow_stepping_down,White House,ORG
78417,White House spokesman Tony Snow stepping down,2007-08-31,Politics and conflicts,https://en.wikinews.org/wiki/White_House_spokesman_Tony_Snow_stepping_down,Snow,PERSON
78417,White House spokesman Tony Snow stepping down,2007-08-31,Politics and conflicts,https://en.wikinews.org/wiki/White_House_spokesman_Tony_Snow_stepping_down,the White House,ORG
78417,White House spokesman Tony Snow stepping down,2007-08-31,Politics and conflicts,https://en.wikinews.org/wiki/White_House_spokesman_Tony_Snow_stepping_down,"May 8, 2006",DATE
78417,White House spokesman Tony Snow stepping down,2007-08-31,Politics and conflicts,https://en.wikinews.org/wiki/White_House_spokesman_Tony_Snow_stepping_down,Bush,PERSON
78417,White House spokesman Tony Snow stepping down,2007-08-31,Politics and conflicts,https://en.wikinews.org/wiki/White_House_spokesman_Tony_Snow_stepping_down,American,NORP
78417,White House spokesman Tony Snow stepping down,2007-08-31,Politics and conflicts,https://en.wikinews.org/wiki/White_House_spokesman_Tony_Snow_stepping_down,Bush,PERSON
78417,White House spokesman Tony Snow stepping down,2007-08-31,Politics and conflicts,https://en.wikinews.org/wiki/White_House_spokesman_Tony_Snow_stepping_down,Bush,PERSON
78417,White House spokesman Tony Snow stepping down,2007-08-31,Politics and conflicts,https://en.wikinews.org/wiki/White_House_spokesman_Tony_Snow_stepping_down,One,CARDINAL
78417,White House spokesman Tony Snow stepping down,2007-08-31,Politics and conflicts,https://en.wikinews.org/wiki/White_House_spokesman_Tony_Snow_stepping_down,secondly,ORDINAL
78417,White House spokesman Tony Snow stepping down,2007-08-31,Politics and conflicts,https://en.wikinews.org/wiki/White_House_spokesman_Tony_Snow_stepping_down,Tony Snow,PERSON
78417,White House spokesman Tony Snow stepping down,2007-08-31,Politics and conflicts,https://en.wikinews.org/wiki/White_House_spokesman_Tony_Snow_stepping_down,the White House,ORG
78417,White House spokesman Tony Snow stepping down,2007-08-31,Politics and conflicts,https://en.wikinews.org/wiki/White_House_spokesman_Tony_Snow_stepping_down,Bush,PERSON
78417,White House spokesman Tony Snow stepping down,2007-08-31,Politics and conflicts,https://en.wikinews.org/wiki/White_House_spokesman_Tony_Snow_stepping_down,January of 2009,DATE
5761,Slovakia on track to adopt euro in 2009,2005-03-14,Economy and business,https://en.wikinews.org/wiki/Slovakia_on_track_to_adopt_euro_in_2009,Slovakia,ORG
5761,Slovakia on track to adopt euro in 2009,2005-03-14,Economy and business,https://en.wikinews.org/wiki/Slovakia_on_track_to_adopt_euro_in_2009,2009,DATE
5761,Slovakia on track to adopt euro in 2009,2005-03-14,Economy and business,https://en.wikinews.org/wiki/Slovakia_on_track_to_adopt_euro_in_2009,Joaquín Almunia,PERSON
5761,Slovakia on track to adopt euro in 2009,2005-03-14,Economy and business,https://en.wikinews.org/wiki/Slovakia_on_track_to_adopt_euro_in_2009,the European Union's,ORG
5761,Slovakia on track to adopt euro in 2009,2005-03-14,Economy and business,https://en.wikinews.org/wiki/Slovakia_on_track_to_adopt_euro_in_2009,Monetary Affairs,ORG
5761,Slovakia on track to adopt euro in 2009,2005-03-14,Economy and business,https://en.wikinews.org/wiki/Slovakia_on_track_to_adopt_euro_in_2009,Almunia,ORG
5761,Slovakia on track to adopt euro in 2009,2005-03-14,Economy and business,https://en.wikinews.org/wiki/Slovakia_on_track_to_adopt_euro_in_2009,today,DATE
5761,Slovakia on track to adopt euro in 2009,2005-03-14,Economy and business,https://en.wikinews.org/wiki/Slovakia_on_track_to_adopt_euro_in_2009,Slovak,PERSON
5761,Slovakia on track to adopt euro in 2009,2005-03-14,Economy and business,https://en.wikinews.org/wiki/Slovakia_on_track_to_adopt_euro_in_2009,2009,DATE
5761,Slovakia on track to adopt euro in 2009,2005-03-14,Economy and business,https://en.wikinews.org/wiki/Slovakia_on_track_to_adopt_euro_in_2009,Slovakia,ORG
5761,Slovakia on track to adopt euro in 2009,2005-03-14,Economy and business,https://en.wikinews.org/wiki/Slovakia_on_track_to_adopt_euro_in_2009,the European Union,ORG
5761,Slovakia on track to adopt euro in 2009,2005-03-14,Economy and business,https://en.wikinews.org/wiki/Slovakia_on_track_to_adopt_euro_in_2009,last year,DATE
5761,Slovakia on track to adopt euro in 2009,2005-03-14,Economy and business,https://en.wikinews.org/wiki/Slovakia_on_track_to_adopt_euro_in_2009,Central European,NORP
5761,Slovakia on track to adopt euro in 2009,2005-03-14,Economy and business,https://en.wikinews.org/wiki/Slovakia_on_track_to_adopt_euro_in_2009,Baltic,LOC
5761,Slovakia on track to adopt euro in 2009,2005-03-14,Economy and business,https://en.wikinews.org/wiki/Slovakia_on_track_to_adopt_euro_in_2009,Mediterranean,LOC
5761,Slovakia on track to adopt euro in 2009,2005-03-14,Economy and business,https://en.wikinews.org/wiki/Slovakia_on_track_to_adopt_euro_in_2009,the European Union,ORG
5761,Slovakia on track to adopt euro in 2009,2005-03-14,Economy and business,https://en.wikinews.org/wiki/Slovakia_on_track_to_adopt_euro_in_2009,5.5%,PERCENT
5761,Slovakia on track to adopt euro in 2009,2005-03-14,Economy and business,https://en.wikinews.org/wiki/Slovakia_on_track_to_adopt_euro_in_2009,2004,DATE
5761,Slovakia on track to adopt euro in 2009,2005-03-14,Economy and business,https://en.wikinews.org/wiki/Slovakia_on_track_to_adopt_euro_in_2009,Almunia,ORG
5761,Slovakia on track to adopt euro in 2009,2005-03-14,Economy and business,https://en.wikinews.org/wiki/Slovakia_on_track_to_adopt_euro_in_2009,the European Exchange Rate,ORG
5761,Slovakia on track to adopt euro in 2009,2005-03-14,Economy and business,https://en.wikinews.org/wiki/Slovakia_on_track_to_adopt_euro_in_2009,two years,DATE
5761,Slovakia on track to adopt euro in 2009,2005-03-14,Economy and business,https://en.wikinews.org/wiki/Slovakia_on_track_to_adopt_euro_in_2009,Slovakia,ORG
5761,Slovakia on track to adopt euro in 2009,2005-03-14,Economy and business,https://en.wikinews.org/wiki/Slovakia_on_track_to_adopt_euro_in_2009,2009,DATE
5761,Slovakia on track to adopt euro in 2009,2005-03-14,Economy and business,https://en.wikinews.org/wiki/Slovakia_on_track_to_adopt_euro_in_2009,2007,DATE
5761,Slovakia on track to adopt euro in 2009,2005-03-14,Economy and business,https://en.wikinews.org/wiki/Slovakia_on_track_to_adopt_euro_in_2009,Three,CARDINAL
5761,Slovakia on track to adopt euro in 2009,2005-03-14,Economy and business,https://en.wikinews.org/wiki/Slovakia_on_track_to_adopt_euro_in_2009,Slovenia,GPE
5761,Slovakia on track to adopt euro in 2009,2005-03-14,Economy and business,https://en.wikinews.org/wiki/Slovakia_on_track_to_adopt_euro_in_2009,Estonia,GPE
5761,Slovakia on track to adopt euro in 2009,2005-03-14,Economy and business,https://en.wikinews.org/wiki/Slovakia_on_track_to_adopt_euro_in_2009,Lithuania,GPE
5761,Slovakia on track to adopt euro in 2009,2005-03-14,Economy and business,https://en.wikinews.org/wiki/Slovakia_on_track_to_adopt_euro_in_2009,2006–2007,DATE
262153,IMF head remains in New York prison; charged over alleged hotel sex attack,2011-05-15,Economy and business,https://en.wikinews.org/wiki/IMF_head_remains_in_New_York_prison;_charged_over_alleged_hotel_sex_attack,Dominique Strauss-Kahn,PERSON
262153,IMF head remains in New York prison; charged over alleged hotel sex attack,2011-05-15,Economy and business,https://en.wikinews.org/wiki/IMF_head_remains_in_New_York_prison;_charged_over_alleged_hotel_sex_attack,the International Monetary Fund,ORG
262153,IMF head remains in New York prison; charged over alleged hotel sex attack,2011-05-15,Economy and business,https://en.wikinews.org/wiki/IMF_head_remains_in_New_York_prison;_charged_over_alleged_hotel_sex_attack,last night,TIME
262153,IMF head remains in New York prison; charged over alleged hotel sex attack,2011-05-15,Economy and business,https://en.wikinews.org/wiki/IMF_head_remains_in_New_York_prison;_charged_over_alleged_hotel_sex_attack,New York City,GPE
262153,IMF head remains in New York prison; charged over alleged hotel sex attack,2011-05-15,Economy and business,https://en.wikinews.org/wiki/IMF_head_remains_in_New_York_prison;_charged_over_alleged_hotel_sex_attack,Strauss-Kahn,PERSON
262153,IMF head remains in New York prison; charged over alleged hotel sex attack,2011-05-15,Economy and business,https://en.wikinews.org/wiki/IMF_head_remains_in_New_York_prison;_charged_over_alleged_hotel_sex_attack,IMF,ORG
262153,IMF head remains in New York prison; charged over alleged hotel sex attack,2011-05-15,Economy and business,https://en.wikinews.org/wiki/IMF_head_remains_in_New_York_prison;_charged_over_alleged_hotel_sex_attack,European,NORP
262153,IMF head remains in New York prison; charged over alleged hotel sex attack,2011-05-15,Economy and business,https://en.wikinews.org/wiki/IMF_head_remains_in_New_York_prison;_charged_over_alleged_hotel_sex_attack,Strauss-Khan,PERSON
262153,IMF head remains in New York prison; charged over alleged hotel sex attack,2011-05-15,Economy and business,https://en.wikinews.org/wiki/IMF_head_remains_in_New_York_prison;_charged_over_alleged_hotel_sex_attack,French,NORP
262153,IMF head remains in New York prison; charged over alleged hotel sex attack,2011-05-15,Economy and business,https://en.wikinews.org/wiki/IMF_head_remains_in_New_York_prison;_charged_over_alleged_hotel_sex_attack,Nicolas Sarkozy,PERSON
262153,IMF head remains in New York prison; charged over alleged hotel sex attack,2011-05-15,Economy and business,https://en.wikinews.org/wiki/IMF_head_remains_in_New_York_prison;_charged_over_alleged_hotel_sex_attack,this month,DATE
262153,IMF head remains in New York prison; charged over alleged hotel sex attack,2011-05-15,Economy and business,https://en.wikinews.org/wiki/IMF_head_remains_in_New_York_prison;_charged_over_alleged_hotel_sex_attack,French,NORP
262153,IMF head remains in New York prison; charged over alleged hotel sex attack,2011-05-15,Economy and business,https://en.wikinews.org/wiki/IMF_head_remains_in_New_York_prison;_charged_over_alleged_hotel_sex_attack,IMF,ORG
262153,IMF head remains in New York prison; charged over alleged hotel sex attack,2011-05-15,Economy and business,https://en.wikinews.org/wiki/IMF_head_remains_in_New_York_prison;_charged_over_alleged_hotel_sex_attack,Greece,GPE
262153,IMF head remains in New York prison; charged over alleged hotel sex attack,2011-05-15,Economy and business,https://en.wikinews.org/wiki/IMF_head_remains_in_New_York_prison;_charged_over_alleged_hotel_sex_attack,Portugal,GPE
262153,IMF head remains in New York prison; charged over alleged hotel sex attack,2011-05-15,Economy and business,https://en.wikinews.org/wiki/IMF_head_remains_in_New_York_prison;_charged_over_alleged_hotel_sex_attack,European Union,ORG
262153,IMF head remains in New York prison; charged over alleged hotel sex attack,2011-05-15,Economy and business,https://en.wikinews.org/wiki/IMF_head_remains_in_New_York_prison;_charged_over_alleged_hotel_sex_attack,Brussels,GPE
262153,IMF head remains in New York prison; charged over alleged hotel sex attack,2011-05-15,Economy and business,https://en.wikinews.org/wiki/IMF_head_remains_in_New_York_prison;_charged_over_alleged_hotel_sex_attack,this week,DATE
262153,IMF head remains in New York prison; charged over alleged hotel sex attack,2011-05-15,Economy and business,https://en.wikinews.org/wiki/IMF_head_remains_in_New_York_prison;_charged_over_alleged_hotel_sex_attack,Eswar Shanker Prasad,PRODUCT
262153,IMF head remains in New York prison; charged over alleged hotel sex attack,2011-05-15,Economy and business,https://en.wikinews.org/wiki/IMF_head_remains_in_New_York_prison;_charged_over_alleged_hotel_sex_attack,Cornell University,ORG
262153,IMF head remains in New York prison; charged over alleged hotel sex attack,2011-05-15,Economy and business,https://en.wikinews.org/wiki/IMF_head_remains_in_New_York_prison;_charged_over_alleged_hotel_sex_attack,Strauss-Kahn,ORG
262153,IMF head remains in New York prison; charged over alleged hotel sex attack,2011-05-15,Economy and business,https://en.wikinews.org/wiki/IMF_head_remains_in_New_York_prison;_charged_over_alleged_hotel_sex_attack,IMF,ORG
262153,IMF head remains in New York prison; charged over alleged hotel sex attack,2011-05-15,Economy and business,https://en.wikinews.org/wiki/IMF_head_remains_in_New_York_prison;_charged_over_alleged_hotel_sex_attack,IMF,ORG
262153,IMF head remains in New York prison; charged over alleged hotel sex attack,2011-05-15,Economy and business,https://en.wikinews.org/wiki/IMF_head_remains_in_New_York_prison;_charged_over_alleged_hotel_sex_attack,Strauss-Kahn,PERSON
262153,IMF head remains in New York prison; charged over alleged hotel sex attack,2011-05-15,Economy and business,https://en.wikinews.org/wiki/IMF_head_remains_in_New_York_prison;_charged_over_alleged_hotel_sex_attack,Manhattan,GPE
262153,IMF head remains in New York prison; charged over alleged hotel sex attack,2011-05-15,Economy and business,https://en.wikinews.org/wiki/IMF_head_remains_in_New_York_prison;_charged_over_alleged_hotel_sex_attack,yesterday,DATE
262153,IMF head remains in New York prison; charged over alleged hotel sex attack,2011-05-15,Economy and business,https://en.wikinews.org/wiki/IMF_head_remains_in_New_York_prison;_charged_over_alleged_hotel_sex_attack,three,CARDINAL
262153,IMF head remains in New York prison; charged over alleged hotel sex attack,2011-05-15,Economy and business,https://en.wikinews.org/wiki/IMF_head_remains_in_New_York_prison;_charged_over_alleged_hotel_sex_attack,Air France,ORG
262153,IMF head remains in New York prison; charged over alleged hotel sex attack,2011-05-15,Economy and business,https://en.wikinews.org/wiki/IMF_head_remains_in_New_York_prison;_charged_over_alleged_hotel_sex_attack,John F. Kennedy International Airport,PERSON
262153,IMF head remains in New York prison; charged over alleged hotel sex attack,2011-05-15,Economy and business,https://en.wikinews.org/wiki/IMF_head_remains_in_New_York_prison;_charged_over_alleged_hotel_sex_attack,Paris,GPE
262153,IMF head remains in New York prison; charged over alleged hotel sex attack,2011-05-15,Economy and business,https://en.wikinews.org/wiki/IMF_head_remains_in_New_York_prison;_charged_over_alleged_hotel_sex_attack,first,ORDINAL
262153,IMF head remains in New York prison; charged over alleged hotel sex attack,2011-05-15,Economy and business,https://en.wikinews.org/wiki/IMF_head_remains_in_New_York_prison;_charged_over_alleged_hotel_sex_attack,Strauss-Kahn,ORG
262153,IMF head remains in New York prison; charged over alleged hotel sex attack,2011-05-15,Economy and business,https://en.wikinews.org/wiki/IMF_head_remains_in_New_York_prison;_charged_over_alleged_hotel_sex_attack,ten minutes later,TIME
262153,IMF head remains in New York prison; charged over alleged hotel sex attack,2011-05-15,Economy and business,https://en.wikinews.org/wiki/IMF_head_remains_in_New_York_prison;_charged_over_alleged_hotel_sex_attack,France,GPE
262153,IMF head remains in New York prison; charged over alleged hotel sex attack,2011-05-15,Economy and business,https://en.wikinews.org/wiki/IMF_head_remains_in_New_York_prison;_charged_over_alleged_hotel_sex_attack,the New York Police Department,ORG
262153,IMF head remains in New York prison; charged over alleged hotel sex attack,2011-05-15,Economy and business,https://en.wikinews.org/wiki/IMF_head_remains_in_New_York_prison;_charged_over_alleged_hotel_sex_attack,Sofitel,ORG
262153,IMF head remains in New York prison; charged over alleged hotel sex attack,2011-05-15,Economy and business,https://en.wikinews.org/wiki/IMF_head_remains_in_New_York_prison;_charged_over_alleged_hotel_sex_attack,Times Square,FAC
262153,IMF head remains in New York prison; charged over alleged hotel sex attack,2011-05-15,Economy and business,https://en.wikinews.org/wiki/IMF_head_remains_in_New_York_prison;_charged_over_alleged_hotel_sex_attack,Strauss-Kahn,PERSON
262153,IMF head remains in New York prison; charged over alleged hotel sex attack,2011-05-15,Economy and business,https://en.wikinews.org/wiki/IMF_head_remains_in_New_York_prison;_charged_over_alleged_hotel_sex_attack,The New York Times,ORG
262153,IMF head remains in New York prison; charged over alleged hotel sex attack,2011-05-15,Economy and business,https://en.wikinews.org/wiki/IMF_head_remains_in_New_York_prison;_charged_over_alleged_hotel_sex_attack,2008,DATE
262153,IMF head remains in New York prison; charged over alleged hotel sex attack,2011-05-15,Economy and business,https://en.wikinews.org/wiki/IMF_head_remains_in_New_York_prison;_charged_over_alleged_hotel_sex_attack,a year,DATE
262153,IMF head remains in New York prison; charged over alleged hotel sex attack,2011-05-15,Economy and business,https://en.wikinews.org/wiki/IMF_head_remains_in_New_York_prison;_charged_over_alleged_hotel_sex_attack,IMF,ORG
262153,IMF head remains in New York prison; charged over alleged hotel sex attack,2011-05-15,Economy and business,https://en.wikinews.org/wiki/IMF_head_remains_in_New_York_prison;_charged_over_alleged_hotel_sex_attack,Strauss-Kahn,PERSON
262153,IMF head remains in New York prison; charged over alleged hotel sex attack,2011-05-15,Economy and business,https://en.wikinews.org/wiki/IMF_head_remains_in_New_York_prison;_charged_over_alleged_hotel_sex_attack,Paris,GPE
262153,IMF head remains in New York prison; charged over alleged hotel sex attack,2011-05-15,Economy and business,https://en.wikinews.org/wiki/IMF_head_remains_in_New_York_prison;_charged_over_alleged_hotel_sex_attack,Anne Sinclair,PERSON
262153,IMF head remains in New York prison; charged over alleged hotel sex attack,2011-05-15,Economy and business,https://en.wikinews.org/wiki/IMF_head_remains_in_New_York_prison;_charged_over_alleged_hotel_sex_attack,one second,TIME
121365,"Brazil's Embraer plans to cut around 4,200 jobs",2009-02-23,Economy and business,"https://en.wikinews.org/wiki/Brazil%27s_Embraer_plans_to_cut_around_4,200_jobs",Brazilian,NORP
121365,"Brazil's Embraer plans to cut around 4,200 jobs",2009-02-23,Economy and business,"https://en.wikinews.org/wiki/Brazil%27s_Embraer_plans_to_cut_around_4,200_jobs",Empresa Brasileira de Aeronáutica,PERSON
121365,"Brazil's Embraer plans to cut around 4,200 jobs",2009-02-23,Economy and business,"https://en.wikinews.org/wiki/Brazil%27s_Embraer_plans_to_cut_around_4,200_jobs",S. A. (Embraer,PERSON
121365,"Brazil's Embraer plans to cut around 4,200 jobs",2009-02-23,Economy and business,"https://en.wikinews.org/wiki/Brazil%27s_Embraer_plans_to_cut_around_4,200_jobs",around twenty percent,PERCENT
121365,"Brazil's Embraer plans to cut around 4,200 jobs",2009-02-23,Economy and business,"https://en.wikinews.org/wiki/Brazil%27s_Embraer_plans_to_cut_around_4,200_jobs","21,362",CARDINAL
121365,"Brazil's Embraer plans to cut around 4,200 jobs",2009-02-23,Economy and business,"https://en.wikinews.org/wiki/Brazil%27s_Embraer_plans_to_cut_around_4,200_jobs",Twenty percent,PERCENT
121365,"Brazil's Embraer plans to cut around 4,200 jobs",2009-02-23,Economy and business,"https://en.wikinews.org/wiki/Brazil%27s_Embraer_plans_to_cut_around_4,200_jobs","4,200",CARDINAL
121365,"Brazil's Embraer plans to cut around 4,200 jobs",2009-02-23,Economy and business,"https://en.wikinews.org/wiki/Brazil%27s_Embraer_plans_to_cut_around_4,200_jobs",Embraer,PERSON
121365,"Brazil's Embraer plans to cut around 4,200 jobs",2009-02-23,Economy and business,"https://en.wikinews.org/wiki/Brazil%27s_Embraer_plans_to_cut_around_4,200_jobs",2009,DATE
121365,"Brazil's Embraer plans to cut around 4,200 jobs",2009-02-23,Economy and business,"https://en.wikinews.org/wiki/Brazil%27s_Embraer_plans_to_cut_around_4,200_jobs",242,CARDINAL
121365,"Brazil's Embraer plans to cut around 4,200 jobs",2009-02-23,Economy and business,"https://en.wikinews.org/wiki/Brazil%27s_Embraer_plans_to_cut_around_4,200_jobs",270,CARDINAL
121365,"Brazil's Embraer plans to cut around 4,200 jobs",2009-02-23,Economy and business,"https://en.wikinews.org/wiki/Brazil%27s_Embraer_plans_to_cut_around_4,200_jobs",second,ORDINAL
121365,"Brazil's Embraer plans to cut around 4,200 jobs",2009-02-23,Economy and business,"https://en.wikinews.org/wiki/Brazil%27s_Embraer_plans_to_cut_around_4,200_jobs",Embraer,PERSON
121365,"Brazil's Embraer plans to cut around 4,200 jobs",2009-02-23,Economy and business,"https://en.wikinews.org/wiki/Brazil%27s_Embraer_plans_to_cut_around_4,200_jobs",this year,DATE
121365,"Brazil's Embraer plans to cut around 4,200 jobs",2009-02-23,Economy and business,"https://en.wikinews.org/wiki/Brazil%27s_Embraer_plans_to_cut_around_4,200_jobs",three months,DATE
121365,"Brazil's Embraer plans to cut around 4,200 jobs",2009-02-23,Economy and business,"https://en.wikinews.org/wiki/Brazil%27s_Embraer_plans_to_cut_around_4,200_jobs",2009,DATE
121365,"Brazil's Embraer plans to cut around 4,200 jobs",2009-02-23,Economy and business,"https://en.wikinews.org/wiki/Brazil%27s_Embraer_plans_to_cut_around_4,200_jobs",US$5.5 billion,MONEY
121365,"Brazil's Embraer plans to cut around 4,200 jobs",2009-02-23,Economy and business,"https://en.wikinews.org/wiki/Brazil%27s_Embraer_plans_to_cut_around_4,200_jobs",thirteen percent,PERCENT
121365,"Brazil's Embraer plans to cut around 4,200 jobs",2009-02-23,Economy and business,"https://en.wikinews.org/wiki/Brazil%27s_Embraer_plans_to_cut_around_4,200_jobs",US$6.3 billion,MONEY
121365,"Brazil's Embraer plans to cut around 4,200 jobs",2009-02-23,Economy and business,"https://en.wikinews.org/wiki/Brazil%27s_Embraer_plans_to_cut_around_4,200_jobs",Embraer,PERSON
121365,"Brazil's Embraer plans to cut around 4,200 jobs",2009-02-23,Economy and business,"https://en.wikinews.org/wiki/Brazil%27s_Embraer_plans_to_cut_around_4,200_jobs",fourth,ORDINAL
121365,"Brazil's Embraer plans to cut around 4,200 jobs",2009-02-23,Economy and business,"https://en.wikinews.org/wiki/Brazil%27s_Embraer_plans_to_cut_around_4,200_jobs",Airbus,ORG
121365,"Brazil's Embraer plans to cut around 4,200 jobs",2009-02-23,Economy and business,"https://en.wikinews.org/wiki/Brazil%27s_Embraer_plans_to_cut_around_4,200_jobs",Boeing,ORG
121365,"Brazil's Embraer plans to cut around 4,200 jobs",2009-02-23,Economy and business,"https://en.wikinews.org/wiki/Brazil%27s_Embraer_plans_to_cut_around_4,200_jobs",Bombardier,ORG
121365,"Brazil's Embraer plans to cut around 4,200 jobs",2009-02-23,Economy and business,"https://en.wikinews.org/wiki/Brazil%27s_Embraer_plans_to_cut_around_4,200_jobs",Embraer,ORG
121365,"Brazil's Embraer plans to cut around 4,200 jobs",2009-02-23,Economy and business,"https://en.wikinews.org/wiki/Brazil%27s_Embraer_plans_to_cut_around_4,200_jobs",1.9%,PERCENT
121365,"Brazil's Embraer plans to cut around 4,200 jobs",2009-02-23,Economy and business,"https://en.wikinews.org/wiki/Brazil%27s_Embraer_plans_to_cut_around_4,200_jobs",16,CARDINAL
121365,"Brazil's Embraer plans to cut around 4,200 jobs",2009-02-23,Economy and business,"https://en.wikinews.org/wiki/Brazil%27s_Embraer_plans_to_cut_around_4,200_jobs",8.46,CARDINAL
121365,"Brazil's Embraer plans to cut around 4,200 jobs",2009-02-23,Economy and business,"https://en.wikinews.org/wiki/Brazil%27s_Embraer_plans_to_cut_around_4,200_jobs",São Paulo,GPE
121365,"Brazil's Embraer plans to cut around 4,200 jobs",2009-02-23,Economy and business,"https://en.wikinews.org/wiki/Brazil%27s_Embraer_plans_to_cut_around_4,200_jobs",the last twelve months,DATE
121365,"Brazil's Embraer plans to cut around 4,200 jobs",2009-02-23,Economy and business,"https://en.wikinews.org/wiki/Brazil%27s_Embraer_plans_to_cut_around_4,200_jobs",Embraer,PERSON
121365,"Brazil's Embraer plans to cut around 4,200 jobs",2009-02-23,Economy and business,"https://en.wikinews.org/wiki/Brazil%27s_Embraer_plans_to_cut_around_4,200_jobs",55%,PERCENT
121365,"Brazil's Embraer plans to cut around 4,200 jobs",2009-02-23,Economy and business,"https://en.wikinews.org/wiki/Brazil%27s_Embraer_plans_to_cut_around_4,200_jobs",December,DATE
121365,"Brazil's Embraer plans to cut around 4,200 jobs",2009-02-23,Economy and business,"https://en.wikinews.org/wiki/Brazil%27s_Embraer_plans_to_cut_around_4,200_jobs",the Metalworkers Union of São José,ORG
121365,"Brazil's Embraer plans to cut around 4,200 jobs",2009-02-23,Economy and business,"https://en.wikinews.org/wiki/Brazil%27s_Embraer_plans_to_cut_around_4,200_jobs","4,000",CARDINAL
121365,"Brazil's Embraer plans to cut around 4,200 jobs",2009-02-23,Economy and business,"https://en.wikinews.org/wiki/Brazil%27s_Embraer_plans_to_cut_around_4,200_jobs",Embraer,PERSON
121365,"Brazil's Embraer plans to cut around 4,200 jobs",2009-02-23,Economy and business,"https://en.wikinews.org/wiki/Brazil%27s_Embraer_plans_to_cut_around_4,200_jobs",Embraer,PERSON
121365,"Brazil's Embraer plans to cut around 4,200 jobs",2009-02-23,Economy and business,"https://en.wikinews.org/wiki/Brazil%27s_Embraer_plans_to_cut_around_4,200_jobs",over 90 percent,PERCENT
121365,"Brazil's Embraer plans to cut around 4,200 jobs",2009-02-23,Economy and business,"https://en.wikinews.org/wiki/Brazil%27s_Embraer_plans_to_cut_around_4,200_jobs",Brazilian,NORP
121365,"Brazil's Embraer plans to cut around 4,200 jobs",2009-02-23,Economy and business,"https://en.wikinews.org/wiki/Brazil%27s_Embraer_plans_to_cut_around_4,200_jobs",Agência Brasil,PERSON
121365,"Brazil's Embraer plans to cut around 4,200 jobs",2009-02-23,Economy and business,"https://en.wikinews.org/wiki/Brazil%27s_Embraer_plans_to_cut_around_4,200_jobs",Brazilian,NORP
121365,"Brazil's Embraer plans to cut around 4,200 jobs",2009-02-23,Economy and business,"https://en.wikinews.org/wiki/Brazil%27s_Embraer_plans_to_cut_around_4,200_jobs",Luiz Inácio Lula da Silva,PERSON
121365,"Brazil's Embraer plans to cut around 4,200 jobs",2009-02-23,Economy and business,"https://en.wikinews.org/wiki/Brazil%27s_Embraer_plans_to_cut_around_4,200_jobs",next week,DATE
121365,"Brazil's Embraer plans to cut around 4,200 jobs",2009-02-23,Economy and business,"https://en.wikinews.org/wiki/Brazil%27s_Embraer_plans_to_cut_around_4,200_jobs",Embraer,PERSON
11040,Ryanair passenger numbers up 34%,2005-06-03,Economy and business,https://en.wikinews.org/wiki/Ryanair_passenger_numbers_up_34%25,Irish,NORP
11040,Ryanair passenger numbers up 34%,2005-06-03,Economy and business,https://en.wikinews.org/wiki/Ryanair_passenger_numbers_up_34%25,Ryanair,ORG
11040,Ryanair passenger numbers up 34%,2005-06-03,Economy and business,https://en.wikinews.org/wiki/Ryanair_passenger_numbers_up_34%25,May 2005,DATE
11040,Ryanair passenger numbers up 34%,2005-06-03,Economy and business,https://en.wikinews.org/wiki/Ryanair_passenger_numbers_up_34%25,34%,PERCENT
11040,Ryanair passenger numbers up 34%,2005-06-03,Economy and business,https://en.wikinews.org/wiki/Ryanair_passenger_numbers_up_34%25,the week,DATE
11040,Ryanair passenger numbers up 34%,2005-06-03,Economy and business,https://en.wikinews.org/wiki/Ryanair_passenger_numbers_up_34%25,2.9 million,CARDINAL
11040,Ryanair passenger numbers up 34%,2005-06-03,Economy and business,https://en.wikinews.org/wiki/Ryanair_passenger_numbers_up_34%25,May,DATE
11040,Ryanair passenger numbers up 34%,2005-06-03,Economy and business,https://en.wikinews.org/wiki/Ryanair_passenger_numbers_up_34%25,2.17 million,CARDINAL
11040,Ryanair passenger numbers up 34%,2005-06-03,Economy and business,https://en.wikinews.org/wiki/Ryanair_passenger_numbers_up_34%25,the same period last year,DATE
11040,Ryanair passenger numbers up 34%,2005-06-03,Economy and business,https://en.wikinews.org/wiki/Ryanair_passenger_numbers_up_34%25,the year,DATE
11040,Ryanair passenger numbers up 34%,2005-06-03,Economy and business,https://en.wikinews.org/wiki/Ryanair_passenger_numbers_up_34%25,Ryanair,ORG
11040,Ryanair passenger numbers up 34%,2005-06-03,Economy and business,https://en.wikinews.org/wiki/Ryanair_passenger_numbers_up_34%25,European,NORP
11040,Ryanair passenger numbers up 34%,2005-06-03,Economy and business,https://en.wikinews.org/wiki/Ryanair_passenger_numbers_up_34%25,Shannon,FAC
11040,Ryanair passenger numbers up 34%,2005-06-03,Economy and business,https://en.wikinews.org/wiki/Ryanair_passenger_numbers_up_34%25,Spain,GPE
11040,Ryanair passenger numbers up 34%,2005-06-03,Economy and business,https://en.wikinews.org/wiki/Ryanair_passenger_numbers_up_34%25,the past year,DATE
11040,Ryanair passenger numbers up 34%,2005-06-03,Economy and business,https://en.wikinews.org/wiki/Ryanair_passenger_numbers_up_34%25,12,CARDINAL
11040,Ryanair passenger numbers up 34%,2005-06-03,Economy and business,https://en.wikinews.org/wiki/Ryanair_passenger_numbers_up_34%25,Shannon,FAC
11040,Ryanair passenger numbers up 34%,2005-06-03,Economy and business,https://en.wikinews.org/wiki/Ryanair_passenger_numbers_up_34%25,over 50,CARDINAL
11040,Ryanair passenger numbers up 34%,2005-06-03,Economy and business,https://en.wikinews.org/wiki/Ryanair_passenger_numbers_up_34%25,Spain,GPE
11040,Ryanair passenger numbers up 34%,2005-06-03,Economy and business,https://en.wikinews.org/wiki/Ryanair_passenger_numbers_up_34%25,81% to 82%,PERCENT
11040,Ryanair passenger numbers up 34%,2005-06-03,Economy and business,https://en.wikinews.org/wiki/Ryanair_passenger_numbers_up_34%25,98%,PERCENT
11040,Ryanair passenger numbers up 34%,2005-06-03,Economy and business,https://en.wikinews.org/wiki/Ryanair_passenger_numbers_up_34%25,97%,PERCENT
11040,Ryanair passenger numbers up 34%,2005-06-03,Economy and business,https://en.wikinews.org/wiki/Ryanair_passenger_numbers_up_34%25,May 2004,DATE
11040,Ryanair passenger numbers up 34%,2005-06-03,Economy and business,https://en.wikinews.org/wiki/Ryanair_passenger_numbers_up_34%25,over 200,CARDINAL
11040,Ryanair passenger numbers up 34%,2005-06-03,Economy and business,https://en.wikinews.org/wiki/Ryanair_passenger_numbers_up_34%25,268.9,MONEY
11040,Ryanair passenger numbers up 34%,2005-06-03,Economy and business,https://en.wikinews.org/wiki/Ryanair_passenger_numbers_up_34%25,US,GPE
11040,Ryanair passenger numbers up 34%,2005-06-03,Economy and business,https://en.wikinews.org/wiki/Ryanair_passenger_numbers_up_34%25,332,MONEY
11040,Ryanair passenger numbers up 34%,2005-06-03,Economy and business,https://en.wikinews.org/wiki/Ryanair_passenger_numbers_up_34%25,earlier this week,DATE
11040,Ryanair passenger numbers up 34%,2005-06-03,Economy and business,https://en.wikinews.org/wiki/Ryanair_passenger_numbers_up_34%25,1.34bn,MONEY
11040,Ryanair passenger numbers up 34%,2005-06-03,Economy and business,https://en.wikinews.org/wiki/Ryanair_passenger_numbers_up_34%25,1.66bn,MONEY
45095,EU fines Microsoft €280.5 million,2006-07-12,Economy and business,https://en.wikinews.org/wiki/EU_fines_Microsoft_%E2%82%AC280.5_million,Microsoft,ORG
45095,EU fines Microsoft €280.5 million,2006-07-12,Economy and business,https://en.wikinews.org/wiki/EU_fines_Microsoft_%E2%82%AC280.5_million,€280.5 million,MONEY
45095,EU fines Microsoft €280.5 million,2006-07-12,Economy and business,https://en.wikinews.org/wiki/EU_fines_Microsoft_%E2%82%AC280.5_million,today,DATE
45095,EU fines Microsoft €280.5 million,2006-07-12,Economy and business,https://en.wikinews.org/wiki/EU_fines_Microsoft_%E2%82%AC280.5_million,the European Commission,ORG
45095,EU fines Microsoft €280.5 million,2006-07-12,Economy and business,https://en.wikinews.org/wiki/EU_fines_Microsoft_%E2%82%AC280.5_million,2004,DATE
45095,EU fines Microsoft €280.5 million,2006-07-12,Economy and business,https://en.wikinews.org/wiki/EU_fines_Microsoft_%E2%82%AC280.5_million,the European Union,ORG
45095,EU fines Microsoft €280.5 million,2006-07-12,Economy and business,https://en.wikinews.org/wiki/EU_fines_Microsoft_%E2%82%AC280.5_million,EU,ORG
45095,EU fines Microsoft €280.5 million,2006-07-12,Economy and business,https://en.wikinews.org/wiki/EU_fines_Microsoft_%E2%82%AC280.5_million,2004,DATE
45095,EU fines Microsoft €280.5 million,2006-07-12,Economy and business,https://en.wikinews.org/wiki/EU_fines_Microsoft_%E2%82%AC280.5_million,Microsoft,ORG
45095,EU fines Microsoft €280.5 million,2006-07-12,Economy and business,https://en.wikinews.org/wiki/EU_fines_Microsoft_%E2%82%AC280.5_million,Windows,ORG
45095,EU fines Microsoft €280.5 million,2006-07-12,Economy and business,https://en.wikinews.org/wiki/EU_fines_Microsoft_%E2%82%AC280.5_million,Windows,LOC
45095,EU fines Microsoft €280.5 million,2006-07-12,Economy and business,https://en.wikinews.org/wiki/EU_fines_Microsoft_%E2%82%AC280.5_million,Microsoft,ORG
45095,EU fines Microsoft €280.5 million,2006-07-12,Economy and business,https://en.wikinews.org/wiki/EU_fines_Microsoft_%E2%82%AC280.5_million,EU,ORG
45095,EU fines Microsoft €280.5 million,2006-07-12,Economy and business,https://en.wikinews.org/wiki/EU_fines_Microsoft_%E2%82%AC280.5_million,July 21,DATE
45095,EU fines Microsoft €280.5 million,2006-07-12,Economy and business,https://en.wikinews.org/wiki/EU_fines_Microsoft_%E2%82%AC280.5_million,Microsoft,ORG
45095,EU fines Microsoft €280.5 million,2006-07-12,Economy and business,https://en.wikinews.org/wiki/EU_fines_Microsoft_%E2%82%AC280.5_million,up to €3 million,MONEY
45095,EU fines Microsoft €280.5 million,2006-07-12,Economy and business,https://en.wikinews.org/wiki/EU_fines_Microsoft_%E2%82%AC280.5_million,Microsoft,ORG
45095,EU fines Microsoft €280.5 million,2006-07-12,Economy and business,https://en.wikinews.org/wiki/EU_fines_Microsoft_%E2%82%AC280.5_million,July 31,DATE
45095,EU fines Microsoft €280.5 million,2006-07-12,Economy and business,https://en.wikinews.org/wiki/EU_fines_Microsoft_%E2%82%AC280.5_million,Microsoft,ORG
45095,EU fines Microsoft €280.5 million,2006-07-12,Economy and business,https://en.wikinews.org/wiki/EU_fines_Microsoft_%E2%82%AC280.5_million,2004,DATE
45095,EU fines Microsoft €280.5 million,2006-07-12,Economy and business,https://en.wikinews.org/wiki/EU_fines_Microsoft_%E2%82%AC280.5_million,EU,ORG
45095,EU fines Microsoft €280.5 million,2006-07-12,Economy and business,https://en.wikinews.org/wiki/EU_fines_Microsoft_%E2%82%AC280.5_million,The European Union's,ORG
45095,EU fines Microsoft €280.5 million,2006-07-12,Economy and business,https://en.wikinews.org/wiki/EU_fines_Microsoft_%E2%82%AC280.5_million,Microsoft,ORG
45095,EU fines Microsoft €280.5 million,2006-07-12,Economy and business,https://en.wikinews.org/wiki/EU_fines_Microsoft_%E2%82%AC280.5_million,Vista,ORG
45095,EU fines Microsoft €280.5 million,2006-07-12,Economy and business,https://en.wikinews.org/wiki/EU_fines_Microsoft_%E2%82%AC280.5_million,2007,DATE
52460,Nobel Peace Prize to Muhammad Yunus and the Grameen Bank,2006-10-14,Economy and business,https://en.wikinews.org/wiki/Nobel_Peace_Prize_to_Muhammad_Yunus_and_the_Grameen_Bank,Grameen Bank,ORG
52460,Nobel Peace Prize to Muhammad Yunus and the Grameen Bank,2006-10-14,Economy and business,https://en.wikinews.org/wiki/Nobel_Peace_Prize_to_Muhammad_Yunus_and_the_Grameen_Bank,Muhammad Yunus,PERSON
52460,Nobel Peace Prize to Muhammad Yunus and the Grameen Bank,2006-10-14,Economy and business,https://en.wikinews.org/wiki/Nobel_Peace_Prize_to_Muhammad_Yunus_and_the_Grameen_Bank,the Nobel Peace Prize,WORK_OF_ART
52460,Nobel Peace Prize to Muhammad Yunus and the Grameen Bank,2006-10-14,Economy and business,https://en.wikinews.org/wiki/Nobel_Peace_Prize_to_Muhammad_Yunus_and_the_Grameen_Bank,Nobel,WORK_OF_ART
52460,Nobel Peace Prize to Muhammad Yunus and the Grameen Bank,2006-10-14,Economy and business,https://en.wikinews.org/wiki/Nobel_Peace_Prize_to_Muhammad_Yunus_and_the_Grameen_Bank,the Norwegian Nobel Institute,ORG
52460,Nobel Peace Prize to Muhammad Yunus and the Grameen Bank,2006-10-14,Economy and business,https://en.wikinews.org/wiki/Nobel_Peace_Prize_to_Muhammad_Yunus_and_the_Grameen_Bank,Bangladesh,GPE
52460,Nobel Peace Prize to Muhammad Yunus and the Grameen Bank,2006-10-14,Economy and business,https://en.wikinews.org/wiki/Nobel_Peace_Prize_to_Muhammad_Yunus_and_the_Grameen_Bank,the Nobel prize award,WORK_OF_ART
52460,Nobel Peace Prize to Muhammad Yunus and the Grameen Bank,2006-10-14,Economy and business,https://en.wikinews.org/wiki/Nobel_Peace_Prize_to_Muhammad_Yunus_and_the_Grameen_Bank,Bangladeshee,ORG
52460,Nobel Peace Prize to Muhammad Yunus and the Grameen Bank,2006-10-14,Economy and business,https://en.wikinews.org/wiki/Nobel_Peace_Prize_to_Muhammad_Yunus_and_the_Grameen_Bank,Dhaka,GPE
52460,Nobel Peace Prize to Muhammad Yunus and the Grameen Bank,2006-10-14,Economy and business,https://en.wikinews.org/wiki/Nobel_Peace_Prize_to_Muhammad_Yunus_and_the_Grameen_Bank,2005,DATE
52460,Nobel Peace Prize to Muhammad Yunus and the Grameen Bank,2006-10-14,Economy and business,https://en.wikinews.org/wiki/Nobel_Peace_Prize_to_Muhammad_Yunus_and_the_Grameen_Bank,the Nobel Peace Prize,WORK_OF_ART
52460,Nobel Peace Prize to Muhammad Yunus and the Grameen Bank,2006-10-14,Economy and business,https://en.wikinews.org/wiki/Nobel_Peace_Prize_to_Muhammad_Yunus_and_the_Grameen_Bank,the International Atomic Energy Agency,ORG
52460,Nobel Peace Prize to Muhammad Yunus and the Grameen Bank,2006-10-14,Economy and business,https://en.wikinews.org/wiki/Nobel_Peace_Prize_to_Muhammad_Yunus_and_the_Grameen_Bank,IAEA,ORG
52460,Nobel Peace Prize to Muhammad Yunus and the Grameen Bank,2006-10-14,Economy and business,https://en.wikinews.org/wiki/Nobel_Peace_Prize_to_Muhammad_Yunus_and_the_Grameen_Bank,Mohamed ElBaradei,PERSON
52460,Nobel Peace Prize to Muhammad Yunus and the Grameen Bank,2006-10-14,Economy and business,https://en.wikinews.org/wiki/Nobel_Peace_Prize_to_Muhammad_Yunus_and_the_Grameen_Bank,Egypt,GPE
8072,Romanian economy predicted to maintain steady growth until 2008,2005-04-15,Economy and business,https://en.wikinews.org/wiki/Romanian_economy_predicted_to_maintain_steady_growth_until_2008,The National Forecast Committee of Romania,ORG
8072,Romanian economy predicted to maintain steady growth until 2008,2005-04-15,Economy and business,https://en.wikinews.org/wiki/Romanian_economy_predicted_to_maintain_steady_growth_until_2008,today,DATE
8072,Romanian economy predicted to maintain steady growth until 2008,2005-04-15,Economy and business,https://en.wikinews.org/wiki/Romanian_economy_predicted_to_maintain_steady_growth_until_2008,Romanian,NORP
8072,Romanian economy predicted to maintain steady growth until 2008,2005-04-15,Economy and business,https://en.wikinews.org/wiki/Romanian_economy_predicted_to_maintain_steady_growth_until_2008,the next three years,DATE
8072,Romanian economy predicted to maintain steady growth until 2008,2005-04-15,Economy and business,https://en.wikinews.org/wiki/Romanian_economy_predicted_to_maintain_steady_growth_until_2008,about 6.2%,PERCENT
8072,Romanian economy predicted to maintain steady growth until 2008,2005-04-15,Economy and business,https://en.wikinews.org/wiki/Romanian_economy_predicted_to_maintain_steady_growth_until_2008,2008,DATE
8072,Romanian economy predicted to maintain steady growth until 2008,2005-04-15,Economy and business,https://en.wikinews.org/wiki/Romanian_economy_predicted_to_maintain_steady_growth_until_2008,the end of 2008,DATE
8072,Romanian economy predicted to maintain steady growth until 2008,2005-04-15,Economy and business,https://en.wikinews.org/wiki/Romanian_economy_predicted_to_maintain_steady_growth_until_2008,Romania,GPE
8072,Romanian economy predicted to maintain steady growth until 2008,2005-04-15,Economy and business,https://en.wikinews.org/wiki/Romanian_economy_predicted_to_maintain_steady_growth_until_2008,nearly 30%,PERCENT
8072,Romanian economy predicted to maintain steady growth until 2008,2005-04-15,Economy and business,https://en.wikinews.org/wiki/Romanian_economy_predicted_to_maintain_steady_growth_until_2008,the end of 2004,DATE
8072,Romanian economy predicted to maintain steady growth until 2008,2005-04-15,Economy and business,https://en.wikinews.org/wiki/Romanian_economy_predicted_to_maintain_steady_growth_until_2008,2005,DATE
8072,Romanian economy predicted to maintain steady growth until 2008,2005-04-15,Economy and business,https://en.wikinews.org/wiki/Romanian_economy_predicted_to_maintain_steady_growth_until_2008,6%,PERCENT
8072,Romanian economy predicted to maintain steady growth until 2008,2005-04-15,Economy and business,https://en.wikinews.org/wiki/Romanian_economy_predicted_to_maintain_steady_growth_until_2008,last year's,DATE
8072,Romanian economy predicted to maintain steady growth until 2008,2005-04-15,Economy and business,https://en.wikinews.org/wiki/Romanian_economy_predicted_to_maintain_steady_growth_until_2008,8.3%,PERCENT
8072,Romanian economy predicted to maintain steady growth until 2008,2005-04-15,Economy and business,https://en.wikinews.org/wiki/Romanian_economy_predicted_to_maintain_steady_growth_until_2008,2005-2008,DATE
8072,Romanian economy predicted to maintain steady growth until 2008,2005-04-15,Economy and business,https://en.wikinews.org/wiki/Romanian_economy_predicted_to_maintain_steady_growth_until_2008,6%,PERCENT
8072,Romanian economy predicted to maintain steady growth until 2008,2005-04-15,Economy and business,https://en.wikinews.org/wiki/Romanian_economy_predicted_to_maintain_steady_growth_until_2008,the European Union,ORG
8072,Romanian economy predicted to maintain steady growth until 2008,2005-04-15,Economy and business,https://en.wikinews.org/wiki/Romanian_economy_predicted_to_maintain_steady_growth_until_2008,between 2005 and 2008,DATE
8072,Romanian economy predicted to maintain steady growth until 2008,2005-04-15,Economy and business,https://en.wikinews.org/wiki/Romanian_economy_predicted_to_maintain_steady_growth_until_2008,2004,DATE
8072,Romanian economy predicted to maintain steady growth until 2008,2005-04-15,Economy and business,https://en.wikinews.org/wiki/Romanian_economy_predicted_to_maintain_steady_growth_until_2008,nearly 3%,PERCENT
8072,Romanian economy predicted to maintain steady growth until 2008,2005-04-15,Economy and business,https://en.wikinews.org/wiki/Romanian_economy_predicted_to_maintain_steady_growth_until_2008,Romania,GPE
8072,Romanian economy predicted to maintain steady growth until 2008,2005-04-15,Economy and business,https://en.wikinews.org/wiki/Romanian_economy_predicted_to_maintain_steady_growth_until_2008,7%,PERCENT
8072,Romanian economy predicted to maintain steady growth until 2008,2005-04-15,Economy and business,https://en.wikinews.org/wiki/Romanian_economy_predicted_to_maintain_steady_growth_until_2008,this year,DATE
8072,Romanian economy predicted to maintain steady growth until 2008,2005-04-15,Economy and business,https://en.wikinews.org/wiki/Romanian_economy_predicted_to_maintain_steady_growth_until_2008,9.2%,PERCENT
8072,Romanian economy predicted to maintain steady growth until 2008,2005-04-15,Economy and business,https://en.wikinews.org/wiki/Romanian_economy_predicted_to_maintain_steady_growth_until_2008,2004,DATE
8072,Romanian economy predicted to maintain steady growth until 2008,2005-04-15,Economy and business,https://en.wikinews.org/wiki/Romanian_economy_predicted_to_maintain_steady_growth_until_2008,The National Bank of Romania,ORG
8072,Romanian economy predicted to maintain steady growth until 2008,2005-04-15,Economy and business,https://en.wikinews.org/wiki/Romanian_economy_predicted_to_maintain_steady_growth_until_2008,Romanian,NORP
8072,Romanian economy predicted to maintain steady growth until 2008,2005-04-15,Economy and business,https://en.wikinews.org/wiki/Romanian_economy_predicted_to_maintain_steady_growth_until_2008,EU,ORG
8072,Romanian economy predicted to maintain steady growth until 2008,2005-04-15,Economy and business,https://en.wikinews.org/wiki/Romanian_economy_predicted_to_maintain_steady_growth_until_2008,2007,DATE
8072,Romanian economy predicted to maintain steady growth until 2008,2005-04-15,Economy and business,https://en.wikinews.org/wiki/Romanian_economy_predicted_to_maintain_steady_growth_until_2008,6.2%,PERCENT
8072,Romanian economy predicted to maintain steady growth until 2008,2005-04-15,Economy and business,https://en.wikinews.org/wiki/Romanian_economy_predicted_to_maintain_steady_growth_until_2008,2004,DATE
8072,Romanian economy predicted to maintain steady growth until 2008,2005-04-15,Economy and business,https://en.wikinews.org/wiki/Romanian_economy_predicted_to_maintain_steady_growth_until_2008,one,CARDINAL
8072,Romanian economy predicted to maintain steady growth until 2008,2005-04-15,Economy and business,https://en.wikinews.org/wiki/Romanian_economy_predicted_to_maintain_steady_growth_until_2008,Europe,LOC
8072,Romanian economy predicted to maintain steady growth until 2008,2005-04-15,Economy and business,https://en.wikinews.org/wiki/Romanian_economy_predicted_to_maintain_steady_growth_until_2008,2005,DATE
8072,Romanian economy predicted to maintain steady growth until 2008,2005-04-15,Economy and business,https://en.wikinews.org/wiki/Romanian_economy_predicted_to_maintain_steady_growth_until_2008,around 7%,PERCENT
8072,Romanian economy predicted to maintain steady growth until 2008,2005-04-15,Economy and business,https://en.wikinews.org/wiki/Romanian_economy_predicted_to_maintain_steady_growth_until_2008,2008,DATE
8072,Romanian economy predicted to maintain steady growth until 2008,2005-04-15,Economy and business,https://en.wikinews.org/wiki/Romanian_economy_predicted_to_maintain_steady_growth_until_2008,6.1%,PERCENT
8072,Romanian economy predicted to maintain steady growth until 2008,2005-04-15,Economy and business,https://en.wikinews.org/wiki/Romanian_economy_predicted_to_maintain_steady_growth_until_2008,2008,DATE
8072,Romanian economy predicted to maintain steady growth until 2008,2005-04-15,Economy and business,https://en.wikinews.org/wiki/Romanian_economy_predicted_to_maintain_steady_growth_until_2008,2008,DATE
8072,Romanian economy predicted to maintain steady growth until 2008,2005-04-15,Economy and business,https://en.wikinews.org/wiki/Romanian_economy_predicted_to_maintain_steady_growth_until_2008,the National Forecast Committee,ORG
8072,Romanian economy predicted to maintain steady growth until 2008,2005-04-15,Economy and business,https://en.wikinews.org/wiki/Romanian_economy_predicted_to_maintain_steady_growth_until_2008,2006,DATE
8072,Romanian economy predicted to maintain steady growth until 2008,2005-04-15,Economy and business,https://en.wikinews.org/wiki/Romanian_economy_predicted_to_maintain_steady_growth_until_2008,6.2%,PERCENT
8072,Romanian economy predicted to maintain steady growth until 2008,2005-04-15,Economy and business,https://en.wikinews.org/wiki/Romanian_economy_predicted_to_maintain_steady_growth_until_2008,2008,DATE
8072,Romanian economy predicted to maintain steady growth until 2008,2005-04-15,Economy and business,https://en.wikinews.org/wiki/Romanian_economy_predicted_to_maintain_steady_growth_until_2008,around 5%,PERCENT
8072,Romanian economy predicted to maintain steady growth until 2008,2005-04-15,Economy and business,https://en.wikinews.org/wiki/Romanian_economy_predicted_to_maintain_steady_growth_until_2008,2004,DATE
8072,Romanian economy predicted to maintain steady growth until 2008,2005-04-15,Economy and business,https://en.wikinews.org/wiki/Romanian_economy_predicted_to_maintain_steady_growth_until_2008,nearly 7%,PERCENT
8072,Romanian economy predicted to maintain steady growth until 2008,2005-04-15,Economy and business,https://en.wikinews.org/wiki/Romanian_economy_predicted_to_maintain_steady_growth_until_2008,2008,DATE
8072,Romanian economy predicted to maintain steady growth until 2008,2005-04-15,Economy and business,https://en.wikinews.org/wiki/Romanian_economy_predicted_to_maintain_steady_growth_until_2008,2005,DATE
8072,Romanian economy predicted to maintain steady growth until 2008,2005-04-15,Economy and business,https://en.wikinews.org/wiki/Romanian_economy_predicted_to_maintain_steady_growth_until_2008,4.1 billion,CARDINAL
8072,Romanian economy predicted to maintain steady growth until 2008,2005-04-15,Economy and business,https://en.wikinews.org/wiki/Romanian_economy_predicted_to_maintain_steady_growth_until_2008,this year,DATE
8072,Romanian economy predicted to maintain steady growth until 2008,2005-04-15,Economy and business,https://en.wikinews.org/wiki/Romanian_economy_predicted_to_maintain_steady_growth_until_2008,2007,DATE
8072,Romanian economy predicted to maintain steady growth until 2008,2005-04-15,Economy and business,https://en.wikinews.org/wiki/Romanian_economy_predicted_to_maintain_steady_growth_until_2008,Romania,GPE
8072,Romanian economy predicted to maintain steady growth until 2008,2005-04-15,Economy and business,https://en.wikinews.org/wiki/Romanian_economy_predicted_to_maintain_steady_growth_until_2008,the European Union,ORG
13309,Romania redenominates its currency,2005-07-01,Economy and business,https://en.wikinews.org/wiki/Romania_redenominates_its_currency,Romania,GPE
13309,Romania redenominates its currency,2005-07-01,Economy and business,https://en.wikinews.org/wiki/Romania_redenominates_its_currency,RON,PERSON
13309,Romania redenominates its currency,2005-07-01,Economy and business,https://en.wikinews.org/wiki/Romania_redenominates_its_currency,"10,000",CARDINAL
13309,Romania redenominates its currency,2005-07-01,Economy and business,https://en.wikinews.org/wiki/Romania_redenominates_its_currency,ROL,ORG
13309,Romania redenominates its currency,2005-07-01,Economy and business,https://en.wikinews.org/wiki/Romania_redenominates_its_currency,March 2005,DATE
13309,Romania redenominates its currency,2005-07-01,Economy and business,https://en.wikinews.org/wiki/Romania_redenominates_its_currency,Romania,GPE
13309,Romania redenominates its currency,2005-07-01,Economy and business,https://en.wikinews.org/wiki/Romania_redenominates_its_currency,today,DATE
13309,Romania redenominates its currency,2005-07-01,Economy and business,https://en.wikinews.org/wiki/Romania_redenominates_its_currency,first,ORDINAL
13309,Romania redenominates its currency,2005-07-01,Economy and business,https://en.wikinews.org/wiki/Romania_redenominates_its_currency,Romania,GPE
13309,Romania redenominates its currency,2005-07-01,Economy and business,https://en.wikinews.org/wiki/Romania_redenominates_its_currency,"10,000",CARDINAL
13309,Romania redenominates its currency,2005-07-01,Economy and business,https://en.wikinews.org/wiki/Romania_redenominates_its_currency,1,CARDINAL
13309,Romania redenominates its currency,2005-07-01,Economy and business,https://en.wikinews.org/wiki/Romania_redenominates_its_currency,One US dollar,MONEY
13309,Romania redenominates its currency,2005-07-01,Economy and business,https://en.wikinews.org/wiki/Romania_redenominates_its_currency,2.98,CARDINAL
13309,Romania redenominates its currency,2005-07-01,Economy and business,https://en.wikinews.org/wiki/Romania_redenominates_its_currency,one,CARDINAL
13309,Romania redenominates its currency,2005-07-01,Economy and business,https://en.wikinews.org/wiki/Romania_redenominates_its_currency,3.6,CARDINAL
13309,Romania redenominates its currency,2005-07-01,Economy and business,https://en.wikinews.org/wiki/Romania_redenominates_its_currency,Turkey,GPE
13309,Romania redenominates its currency,2005-07-01,Economy and business,https://en.wikinews.org/wiki/Romania_redenominates_its_currency,US,GPE
13309,Romania redenominates its currency,2005-07-01,Economy and business,https://en.wikinews.org/wiki/Romania_redenominates_its_currency,"29,891",CARDINAL
13309,Romania redenominates its currency,2005-07-01,Economy and business,https://en.wikinews.org/wiki/Romania_redenominates_its_currency,"36,050",CARDINAL
13309,Romania redenominates its currency,2005-07-01,Economy and business,https://en.wikinews.org/wiki/Romania_redenominates_its_currency,30 June 2005,DATE
13309,Romania redenominates its currency,2005-07-01,Economy and business,https://en.wikinews.org/wiki/Romania_redenominates_its_currency,Romania,GPE
13309,Romania redenominates its currency,2005-07-01,Economy and business,https://en.wikinews.org/wiki/Romania_redenominates_its_currency,today,DATE
13309,Romania redenominates its currency,2005-07-01,Economy and business,https://en.wikinews.org/wiki/Romania_redenominates_its_currency,31 December 2006,DATE
13309,Romania redenominates its currency,2005-07-01,Economy and business,https://en.wikinews.org/wiki/Romania_redenominates_its_currency,1,CARDINAL
13309,Romania redenominates its currency,2005-07-01,Economy and business,https://en.wikinews.org/wiki/Romania_redenominates_its_currency,5,DATE
13309,Romania redenominates its currency,2005-07-01,Economy and business,https://en.wikinews.org/wiki/Romania_redenominates_its_currency,10,DATE
13309,Romania redenominates its currency,2005-07-01,Economy and business,https://en.wikinews.org/wiki/Romania_redenominates_its_currency,50,DATE
13309,Romania redenominates its currency,2005-07-01,Economy and business,https://en.wikinews.org/wiki/Romania_redenominates_its_currency,100,CARDINAL
13309,Romania redenominates its currency,2005-07-01,Economy and business,https://en.wikinews.org/wiki/Romania_redenominates_its_currency,500,CARDINAL
13309,Romania redenominates its currency,2005-07-01,Economy and business,https://en.wikinews.org/wiki/Romania_redenominates_its_currency,"1,000,000",CARDINAL
13309,Romania redenominates its currency,2005-07-01,Economy and business,https://en.wikinews.org/wiki/Romania_redenominates_its_currency,100,CARDINAL
13309,Romania redenominates its currency,2005-07-01,Economy and business,https://en.wikinews.org/wiki/Romania_redenominates_its_currency,500,CARDINAL
13309,Romania redenominates its currency,2005-07-01,Economy and business,https://en.wikinews.org/wiki/Romania_redenominates_its_currency,approximately US$167 and €,MONEY
13309,Romania redenominates its currency,2005-07-01,Economy and business,https://en.wikinews.org/wiki/Romania_redenominates_its_currency,139,MONEY
13309,Romania redenominates its currency,2005-07-01,Economy and business,https://en.wikinews.org/wiki/Romania_redenominates_its_currency,100,CARDINAL
13309,Romania redenominates its currency,2005-07-01,Economy and business,https://en.wikinews.org/wiki/Romania_redenominates_its_currency,"1,000,000",CARDINAL
13309,Romania redenominates its currency,2005-07-01,Economy and business,https://en.wikinews.org/wiki/Romania_redenominates_its_currency,Romania,GPE
13309,Romania redenominates its currency,2005-07-01,Economy and business,https://en.wikinews.org/wiki/Romania_redenominates_its_currency,first,ORDINAL
13309,Romania redenominates its currency,2005-07-01,Economy and business,https://en.wikinews.org/wiki/Romania_redenominates_its_currency,Europe,LOC
13309,Romania redenominates its currency,2005-07-01,Economy and business,https://en.wikinews.org/wiki/Romania_redenominates_its_currency,1999,DATE
13309,Romania redenominates its currency,2005-07-01,Economy and business,https://en.wikinews.org/wiki/Romania_redenominates_its_currency,the National Bank of Romania,ORG
13309,Romania redenominates its currency,2005-07-01,Economy and business,https://en.wikinews.org/wiki/Romania_redenominates_its_currency,Mugur Isărescu,PERSON
13309,Romania redenominates its currency,2005-07-01,Economy and business,https://en.wikinews.org/wiki/Romania_redenominates_its_currency,Romania,GPE
13309,Romania redenominates its currency,2005-07-01,Economy and business,https://en.wikinews.org/wiki/Romania_redenominates_its_currency,Communism,ORG
13309,Romania redenominates its currency,2005-07-01,Economy and business,https://en.wikinews.org/wiki/Romania_redenominates_its_currency,1989,DATE
13309,Romania redenominates its currency,2005-07-01,Economy and business,https://en.wikinews.org/wiki/Romania_redenominates_its_currency,the 1990s,DATE
13309,Romania redenominates its currency,2005-07-01,Economy and business,https://en.wikinews.org/wiki/Romania_redenominates_its_currency,2002,DATE
13309,Romania redenominates its currency,2005-07-01,Economy and business,https://en.wikinews.org/wiki/Romania_redenominates_its_currency,US,GPE
13309,Romania redenominates its currency,2005-07-01,Economy and business,https://en.wikinews.org/wiki/Romania_redenominates_its_currency,the past year,DATE
13309,Romania redenominates its currency,2005-07-01,Economy and business,https://en.wikinews.org/wiki/Romania_redenominates_its_currency,Romania,GPE
13309,Romania redenominates its currency,2005-07-01,Economy and business,https://en.wikinews.org/wiki/Romania_redenominates_its_currency,Romania,GPE
13309,Romania redenominates its currency,2005-07-01,Economy and business,https://en.wikinews.org/wiki/Romania_redenominates_its_currency,2012-2014,DATE
13309,Romania redenominates its currency,2005-07-01,Economy and business,https://en.wikinews.org/wiki/Romania_redenominates_its_currency,Romania,GPE
13309,Romania redenominates its currency,2005-07-01,Economy and business,https://en.wikinews.org/wiki/Romania_redenominates_its_currency,the European Union,ORG
13309,Romania redenominates its currency,2005-07-01,Economy and business,https://en.wikinews.org/wiki/Romania_redenominates_its_currency,2007,DATE
13309,Romania redenominates its currency,2005-07-01,Economy and business,https://en.wikinews.org/wiki/Romania_redenominates_its_currency,Romania,GPE
13309,Romania redenominates its currency,2005-07-01,Economy and business,https://en.wikinews.org/wiki/Romania_redenominates_its_currency,US,GPE
13309,Romania redenominates its currency,2005-07-01,Economy and business,https://en.wikinews.org/wiki/Romania_redenominates_its_currency,2002,DATE
13309,Romania redenominates its currency,2005-07-01,Economy and business,https://en.wikinews.org/wiki/Romania_redenominates_its_currency,the end of 2006,DATE
118131,Market maker Bernard L. Madoff arrested in $50B 'giant Ponzi scheme',2008-12-12,Economy and business,https://en.wikinews.org/wiki/Market_maker_Bernard_L._Madoff_arrested_in_$50B_%27giant_Ponzi_scheme%27,Bernard L. Madoff,PERSON
118131,Market maker Bernard L. Madoff arrested in $50B 'giant Ponzi scheme',2008-12-12,Economy and business,https://en.wikinews.org/wiki/Market_maker_Bernard_L._Madoff_arrested_in_$50B_%27giant_Ponzi_scheme%27,70,DATE
118131,Market maker Bernard L. Madoff arrested in $50B 'giant Ponzi scheme',2008-12-12,Economy and business,https://en.wikinews.org/wiki/Market_maker_Bernard_L._Madoff_arrested_in_$50B_%27giant_Ponzi_scheme%27,FBI,ORG
118131,Market maker Bernard L. Madoff arrested in $50B 'giant Ponzi scheme',2008-12-12,Economy and business,https://en.wikinews.org/wiki/Market_maker_Bernard_L._Madoff_arrested_in_$50B_%27giant_Ponzi_scheme%27,Thursday,DATE
118131,Market maker Bernard L. Madoff arrested in $50B 'giant Ponzi scheme',2008-12-12,Economy and business,https://en.wikinews.org/wiki/Market_maker_Bernard_L._Madoff_arrested_in_$50B_%27giant_Ponzi_scheme%27,Wednesday,DATE
118131,Market maker Bernard L. Madoff arrested in $50B 'giant Ponzi scheme',2008-12-12,Economy and business,https://en.wikinews.org/wiki/Market_maker_Bernard_L._Madoff_arrested_in_$50B_%27giant_Ponzi_scheme%27,$50 billion,MONEY
118131,Market maker Bernard L. Madoff arrested in $50B 'giant Ponzi scheme',2008-12-12,Economy and business,https://en.wikinews.org/wiki/Market_maker_Bernard_L._Madoff_arrested_in_$50B_%27giant_Ponzi_scheme%27,one,CARDINAL
118131,Market maker Bernard L. Madoff arrested in $50B 'giant Ponzi scheme',2008-12-12,Economy and business,https://en.wikinews.org/wiki/Market_maker_Bernard_L._Madoff_arrested_in_$50B_%27giant_Ponzi_scheme%27,at least 2005,DATE
118131,Market maker Bernard L. Madoff arrested in $50B 'giant Ponzi scheme',2008-12-12,Economy and business,https://en.wikinews.org/wiki/Market_maker_Bernard_L._Madoff_arrested_in_$50B_%27giant_Ponzi_scheme%27,Madoff,PERSON
118131,Market maker Bernard L. Madoff arrested in $50B 'giant Ponzi scheme',2008-12-12,Economy and business,https://en.wikinews.org/wiki/Market_maker_Bernard_L._Madoff_arrested_in_$50B_%27giant_Ponzi_scheme%27,up to 20 years,DATE
118131,Market maker Bernard L. Madoff arrested in $50B 'giant Ponzi scheme',2008-12-12,Economy and business,https://en.wikinews.org/wiki/Market_maker_Bernard_L._Madoff_arrested_in_$50B_%27giant_Ponzi_scheme%27,up to $5 million,MONEY
118131,Market maker Bernard L. Madoff arrested in $50B 'giant Ponzi scheme',2008-12-12,Economy and business,https://en.wikinews.org/wiki/Market_maker_Bernard_L._Madoff_arrested_in_$50B_%27giant_Ponzi_scheme%27,FBI,ORG
118131,Market maker Bernard L. Madoff arrested in $50B 'giant Ponzi scheme',2008-12-12,Economy and business,https://en.wikinews.org/wiki/Market_maker_Bernard_L._Madoff_arrested_in_$50B_%27giant_Ponzi_scheme%27,Theodore Cacioppi,PERSON
118131,Market maker Bernard L. Madoff arrested in $50B 'giant Ponzi scheme',2008-12-12,Economy and business,https://en.wikinews.org/wiki/Market_maker_Bernard_L._Madoff_arrested_in_$50B_%27giant_Ponzi_scheme%27,Madoff,PERSON
118131,Market maker Bernard L. Madoff arrested in $50B 'giant Ponzi scheme',2008-12-12,Economy and business,https://en.wikinews.org/wiki/Market_maker_Bernard_L._Madoff_arrested_in_$50B_%27giant_Ponzi_scheme%27,approximately $50 billion dollars,MONEY
118131,Market maker Bernard L. Madoff arrested in $50B 'giant Ponzi scheme',2008-12-12,Economy and business,https://en.wikinews.org/wiki/Market_maker_Bernard_L._Madoff_arrested_in_$50B_%27giant_Ponzi_scheme%27,the Nasdaq Stock Market,ORG
118131,Market maker Bernard L. Madoff arrested in $50B 'giant Ponzi scheme',2008-12-12,Economy and business,https://en.wikinews.org/wiki/Market_maker_Bernard_L._Madoff_arrested_in_$50B_%27giant_Ponzi_scheme%27,Bernard L. Madoff Investment,PERSON
118131,Market maker Bernard L. Madoff arrested in $50B 'giant Ponzi scheme',2008-12-12,Economy and business,https://en.wikinews.org/wiki/Market_maker_Bernard_L._Madoff_arrested_in_$50B_%27giant_Ponzi_scheme%27,1960,DATE
118131,Market maker Bernard L. Madoff arrested in $50B 'giant Ponzi scheme',2008-12-12,Economy and business,https://en.wikinews.org/wiki/Market_maker_Bernard_L._Madoff_arrested_in_$50B_%27giant_Ponzi_scheme%27,"5,000",MONEY
118131,Market maker Bernard L. Madoff arrested in $50B 'giant Ponzi scheme',2008-12-12,Economy and business,https://en.wikinews.org/wiki/Market_maker_Bernard_L._Madoff_arrested_in_$50B_%27giant_Ponzi_scheme%27,Hofstra University Law School,ORG
118131,Market maker Bernard L. Madoff arrested in $50B 'giant Ponzi scheme',2008-12-12,Economy and business,https://en.wikinews.org/wiki/Market_maker_Bernard_L._Madoff_arrested_in_$50B_%27giant_Ponzi_scheme%27,Rockaway Beach,FAC
118131,Market maker Bernard L. Madoff arrested in $50B 'giant Ponzi scheme',2008-12-12,Economy and business,https://en.wikinews.org/wiki/Market_maker_Bernard_L._Madoff_arrested_in_$50B_%27giant_Ponzi_scheme%27,Queens,GPE
118131,Market maker Bernard L. Madoff arrested in $50B 'giant Ponzi scheme',2008-12-12,Economy and business,https://en.wikinews.org/wiki/Market_maker_Bernard_L._Madoff_arrested_in_$50B_%27giant_Ponzi_scheme%27,nearly 50 years,DATE
118131,Market maker Bernard L. Madoff arrested in $50B 'giant Ponzi scheme',2008-12-12,Economy and business,https://en.wikinews.org/wiki/Market_maker_Bernard_L._Madoff_arrested_in_$50B_%27giant_Ponzi_scheme%27,the National Association of Securities Dealers,ORG
118131,Market maker Bernard L. Madoff arrested in $50B 'giant Ponzi scheme',2008-12-12,Economy and business,https://en.wikinews.org/wiki/Market_maker_Bernard_L._Madoff_arrested_in_$50B_%27giant_Ponzi_scheme%27,NASD,ORG
118131,Market maker Bernard L. Madoff arrested in $50B 'giant Ponzi scheme',2008-12-12,Economy and business,https://en.wikinews.org/wiki/Market_maker_Bernard_L._Madoff_arrested_in_$50B_%27giant_Ponzi_scheme%27,U.S.,GPE
118131,Market maker Bernard L. Madoff arrested in $50B 'giant Ponzi scheme',2008-12-12,Economy and business,https://en.wikinews.org/wiki/Market_maker_Bernard_L._Madoff_arrested_in_$50B_%27giant_Ponzi_scheme%27,one,CARDINAL
118131,Market maker Bernard L. Madoff arrested in $50B 'giant Ponzi scheme',2008-12-12,Economy and business,https://en.wikinews.org/wiki/Market_maker_Bernard_L._Madoff_arrested_in_$50B_%27giant_Ponzi_scheme%27,five,CARDINAL
118131,Market maker Bernard L. Madoff arrested in $50B 'giant Ponzi scheme',2008-12-12,Economy and business,https://en.wikinews.org/wiki/Market_maker_Bernard_L._Madoff_arrested_in_$50B_%27giant_Ponzi_scheme%27,NASDAQ,ORG
118131,Market maker Bernard L. Madoff arrested in $50B 'giant Ponzi scheme',2008-12-12,Economy and business,https://en.wikinews.org/wiki/Market_maker_Bernard_L._Madoff_arrested_in_$50B_%27giant_Ponzi_scheme%27,Madoff,GPE
118131,Market maker Bernard L. Madoff arrested in $50B 'giant Ponzi scheme',2008-12-12,Economy and business,https://en.wikinews.org/wiki/Market_maker_Bernard_L._Madoff_arrested_in_$50B_%27giant_Ponzi_scheme%27,Dan Horwitz,PERSON
118131,Market maker Bernard L. Madoff arrested in $50B 'giant Ponzi scheme',2008-12-12,Economy and business,https://en.wikinews.org/wiki/Market_maker_Bernard_L._Madoff_arrested_in_$50B_%27giant_Ponzi_scheme%27,Madoff,PERSON
118131,Market maker Bernard L. Madoff arrested in $50B 'giant Ponzi scheme',2008-12-12,Economy and business,https://en.wikinews.org/wiki/Market_maker_Bernard_L._Madoff_arrested_in_$50B_%27giant_Ponzi_scheme%27,Madoff,PERSON
118131,Market maker Bernard L. Madoff arrested in $50B 'giant Ponzi scheme',2008-12-12,Economy and business,https://en.wikinews.org/wiki/Market_maker_Bernard_L._Madoff_arrested_in_$50B_%27giant_Ponzi_scheme%27,the same day,DATE
118131,Market maker Bernard L. Madoff arrested in $50B 'giant Ponzi scheme',2008-12-12,Economy and business,https://en.wikinews.org/wiki/Market_maker_Bernard_L._Madoff_arrested_in_$50B_%27giant_Ponzi_scheme%27,2,CARDINAL
118131,Market maker Bernard L. Madoff arrested in $50B 'giant Ponzi scheme',2008-12-12,Economy and business,https://en.wikinews.org/wiki/Market_maker_Bernard_L._Madoff_arrested_in_$50B_%27giant_Ponzi_scheme%27,$10 million,MONEY
118131,Market maker Bernard L. Madoff arrested in $50B 'giant Ponzi scheme',2008-12-12,Economy and business,https://en.wikinews.org/wiki/Market_maker_Bernard_L._Madoff_arrested_in_$50B_%27giant_Ponzi_scheme%27,Manhattan,GPE
118131,Market maker Bernard L. Madoff arrested in $50B 'giant Ponzi scheme',2008-12-12,Economy and business,https://en.wikinews.org/wiki/Market_maker_Bernard_L._Madoff_arrested_in_$50B_%27giant_Ponzi_scheme%27,Court,ORG
118131,Market maker Bernard L. Madoff arrested in $50B 'giant Ponzi scheme',2008-12-12,Economy and business,https://en.wikinews.org/wiki/Market_maker_Bernard_L._Madoff_arrested_in_$50B_%27giant_Ponzi_scheme%27,January 12,DATE
118131,Market maker Bernard L. Madoff arrested in $50B 'giant Ponzi scheme',2008-12-12,Economy and business,https://en.wikinews.org/wiki/Market_maker_Bernard_L._Madoff_arrested_in_$50B_%27giant_Ponzi_scheme%27,Madoff's,ORG
118131,Market maker Bernard L. Madoff arrested in $50B 'giant Ponzi scheme',2008-12-12,Economy and business,https://en.wikinews.org/wiki/Market_maker_Bernard_L._Madoff_arrested_in_$50B_%27giant_Ponzi_scheme%27,Enron,ORG
118131,Market maker Bernard L. Madoff arrested in $50B 'giant Ponzi scheme',2008-12-12,Economy and business,https://en.wikinews.org/wiki/Market_maker_Bernard_L._Madoff_arrested_in_$50B_%27giant_Ponzi_scheme%27,2001,DATE
118131,Market maker Bernard L. Madoff arrested in $50B 'giant Ponzi scheme',2008-12-12,Economy and business,https://en.wikinews.org/wiki/Market_maker_Bernard_L._Madoff_arrested_in_$50B_%27giant_Ponzi_scheme%27,one,CARDINAL
118131,Market maker Bernard L. Madoff arrested in $50B 'giant Ponzi scheme',2008-12-12,Economy and business,https://en.wikinews.org/wiki/Market_maker_Bernard_L._Madoff_arrested_in_$50B_%27giant_Ponzi_scheme%27,$63.4 billion,MONEY
118131,Market maker Bernard L. Madoff arrested in $50B 'giant Ponzi scheme',2008-12-12,Economy and business,https://en.wikinews.org/wiki/Market_maker_Bernard_L._Madoff_arrested_in_$50B_%27giant_Ponzi_scheme%27,Ponzis,ORG
118131,Market maker Bernard L. Madoff arrested in $50B 'giant Ponzi scheme',2008-12-12,Economy and business,https://en.wikinews.org/wiki/Market_maker_Bernard_L._Madoff_arrested_in_$50B_%27giant_Ponzi_scheme%27,nearly five,CARDINAL
118131,Market maker Bernard L. Madoff arrested in $50B 'giant Ponzi scheme',2008-12-12,Economy and business,https://en.wikinews.org/wiki/Market_maker_Bernard_L._Madoff_arrested_in_$50B_%27giant_Ponzi_scheme%27,WorldCom,ORG
118131,Market maker Bernard L. Madoff arrested in $50B 'giant Ponzi scheme',2008-12-12,Economy and business,https://en.wikinews.org/wiki/Market_maker_Bernard_L._Madoff_arrested_in_$50B_%27giant_Ponzi_scheme%27,2002,DATE
118131,Market maker Bernard L. Madoff arrested in $50B 'giant Ponzi scheme',2008-12-12,Economy and business,https://en.wikinews.org/wiki/Market_maker_Bernard_L._Madoff_arrested_in_$50B_%27giant_Ponzi_scheme%27,The Securities and Exchange Commission,ORG
118131,Market maker Bernard L. Madoff arrested in $50B 'giant Ponzi scheme',2008-12-12,Economy and business,https://en.wikinews.org/wiki/Market_maker_Bernard_L._Madoff_arrested_in_$50B_%27giant_Ponzi_scheme%27,Thursday,DATE
118131,Market maker Bernard L. Madoff arrested in $50B 'giant Ponzi scheme',2008-12-12,Economy and business,https://en.wikinews.org/wiki/Market_maker_Bernard_L._Madoff_arrested_in_$50B_%27giant_Ponzi_scheme%27,Bernard L. Madoff Investment Securities,PERSON
118131,Market maker Bernard L. Madoff arrested in $50B 'giant Ponzi scheme',2008-12-12,Economy and business,https://en.wikinews.org/wiki/Market_maker_Bernard_L._Madoff_arrested_in_$50B_%27giant_Ponzi_scheme%27,Madoff,PERSON
118131,Market maker Bernard L. Madoff arrested in $50B 'giant Ponzi scheme',2008-12-12,Economy and business,https://en.wikinews.org/wiki/Market_maker_Bernard_L._Madoff_arrested_in_$50B_%27giant_Ponzi_scheme%27,U.S.,GPE
118131,Market maker Bernard L. Madoff arrested in $50B 'giant Ponzi scheme',2008-12-12,Economy and business,https://en.wikinews.org/wiki/Market_maker_Bernard_L._Madoff_arrested_in_$50B_%27giant_Ponzi_scheme%27,08,CARDINAL
118131,Market maker Bernard L. Madoff arrested in $50B 'giant Ponzi scheme',2008-12-12,Economy and business,https://en.wikinews.org/wiki/Market_maker_Bernard_L._Madoff_arrested_in_$50B_%27giant_Ponzi_scheme%27,the U.S. District Court,ORG
118131,Market maker Bernard L. Madoff arrested in $50B 'giant Ponzi scheme',2008-12-12,Economy and business,https://en.wikinews.org/wiki/Market_maker_Bernard_L._Madoff_arrested_in_$50B_%27giant_Ponzi_scheme%27,the Southern District,LOC
118131,Market maker Bernard L. Madoff arrested in $50B 'giant Ponzi scheme',2008-12-12,Economy and business,https://en.wikinews.org/wiki/Market_maker_Bernard_L._Madoff_arrested_in_$50B_%27giant_Ponzi_scheme%27,New York,GPE
118131,Market maker Bernard L. Madoff arrested in $50B 'giant Ponzi scheme',2008-12-12,Economy and business,https://en.wikinews.org/wiki/Market_maker_Bernard_L._Madoff_arrested_in_$50B_%27giant_Ponzi_scheme%27,Manhattan,GPE
118131,Market maker Bernard L. Madoff arrested in $50B 'giant Ponzi scheme',2008-12-12,Economy and business,https://en.wikinews.org/wiki/Market_maker_Bernard_L._Madoff_arrested_in_$50B_%27giant_Ponzi_scheme%27,SEC,ORG
118131,Market maker Bernard L. Madoff arrested in $50B 'giant Ponzi scheme',2008-12-12,Economy and business,https://en.wikinews.org/wiki/Market_maker_Bernard_L._Madoff_arrested_in_$50B_%27giant_Ponzi_scheme%27,New York,GPE
118131,Market maker Bernard L. Madoff arrested in $50B 'giant Ponzi scheme',2008-12-12,Economy and business,https://en.wikinews.org/wiki/Market_maker_Bernard_L._Madoff_arrested_in_$50B_%27giant_Ponzi_scheme%27,Andrew M. Calamari,PERSON
118131,Market maker Bernard L. Madoff arrested in $50B 'giant Ponzi scheme',2008-12-12,Economy and business,https://en.wikinews.org/wiki/Market_maker_Bernard_L._Madoff_arrested_in_$50B_%27giant_Ponzi_scheme%27,SEC,ORG
118131,Market maker Bernard L. Madoff arrested in $50B 'giant Ponzi scheme',2008-12-12,Economy and business,https://en.wikinews.org/wiki/Market_maker_Bernard_L._Madoff_arrested_in_$50B_%27giant_Ponzi_scheme%27,$50 billion,MONEY
118131,Market maker Bernard L. Madoff arrested in $50B 'giant Ponzi scheme',2008-12-12,Economy and business,https://en.wikinews.org/wiki/Market_maker_Bernard_L._Madoff_arrested_in_$50B_%27giant_Ponzi_scheme%27,years,DATE
118131,Market maker Bernard L. Madoff arrested in $50B 'giant Ponzi scheme',2008-12-12,Economy and business,https://en.wikinews.org/wiki/Market_maker_Bernard_L._Madoff_arrested_in_$50B_%27giant_Ponzi_scheme%27,Madoff,PERSON
118131,Market maker Bernard L. Madoff arrested in $50B 'giant Ponzi scheme',2008-12-12,Economy and business,https://en.wikinews.org/wiki/Market_maker_Bernard_L._Madoff_arrested_in_$50B_%27giant_Ponzi_scheme%27,between 11 and 25,CARDINAL
118131,Market maker Bernard L. Madoff arrested in $50B 'giant Ponzi scheme',2008-12-12,Economy and business,https://en.wikinews.org/wiki/Market_maker_Bernard_L._Madoff_arrested_in_$50B_%27giant_Ponzi_scheme%27,$17.1 billion,MONEY
118131,Market maker Bernard L. Madoff arrested in $50B 'giant Ponzi scheme',2008-12-12,Economy and business,https://en.wikinews.org/wiki/Market_maker_Bernard_L._Madoff_arrested_in_$50B_%27giant_Ponzi_scheme%27,United States District Court,ORG
118131,Market maker Bernard L. Madoff arrested in $50B 'giant Ponzi scheme',2008-12-12,Economy and business,https://en.wikinews.org/wiki/Market_maker_Bernard_L._Madoff_arrested_in_$50B_%27giant_Ponzi_scheme%27,the Southern District,LOC
118131,Market maker Bernard L. Madoff arrested in $50B 'giant Ponzi scheme',2008-12-12,Economy and business,https://en.wikinews.org/wiki/Market_maker_Bernard_L._Madoff_arrested_in_$50B_%27giant_Ponzi_scheme%27,Louis L. Stanton,PERSON
118131,Market maker Bernard L. Madoff arrested in $50B 'giant Ponzi scheme',2008-12-12,Economy and business,https://en.wikinews.org/wiki/Market_maker_Bernard_L._Madoff_arrested_in_$50B_%27giant_Ponzi_scheme%27,Thursday,DATE
118131,Market maker Bernard L. Madoff arrested in $50B 'giant Ponzi scheme',2008-12-12,Economy and business,https://en.wikinews.org/wiki/Market_maker_Bernard_L._Madoff_arrested_in_$50B_%27giant_Ponzi_scheme%27,Lee Richards,PERSON
118131,Market maker Bernard L. Madoff arrested in $50B 'giant Ponzi scheme',2008-12-12,Economy and business,https://en.wikinews.org/wiki/Market_maker_Bernard_L._Madoff_arrested_in_$50B_%27giant_Ponzi_scheme%27,Manhattan,GPE
118131,Market maker Bernard L. Madoff arrested in $50B 'giant Ponzi scheme',2008-12-12,Economy and business,https://en.wikinews.org/wiki/Market_maker_Bernard_L._Madoff_arrested_in_$50B_%27giant_Ponzi_scheme%27,Friday,DATE
118131,Market maker Bernard L. Madoff arrested in $50B 'giant Ponzi scheme',2008-12-12,Economy and business,https://en.wikinews.org/wiki/Market_maker_Bernard_L._Madoff_arrested_in_$50B_%27giant_Ponzi_scheme%27,SEC,ORG
118131,Market maker Bernard L. Madoff arrested in $50B 'giant Ponzi scheme',2008-12-12,Economy and business,https://en.wikinews.org/wiki/Market_maker_Bernard_L._Madoff_arrested_in_$50B_%27giant_Ponzi_scheme%27,Doug Kass,PERSON
118131,Market maker Bernard L. Madoff arrested in $50B 'giant Ponzi scheme',2008-12-12,Economy and business,https://en.wikinews.org/wiki/Market_maker_Bernard_L._Madoff_arrested_in_$50B_%27giant_Ponzi_scheme%27,Seabreeze Partners Management,ORG
2830341,"Apple, Inc. confirms acquisition of Shazam",2017-12-13,Economy and business,"https://en.wikinews.org/wiki/Apple,_Inc._confirms_acquisition_of_Shazam",Monday,DATE
2830341,"Apple, Inc. confirms acquisition of Shazam",2017-12-13,Economy and business,"https://en.wikinews.org/wiki/Apple,_Inc._confirms_acquisition_of_Shazam",US,GPE
2830341,"Apple, Inc. confirms acquisition of Shazam",2017-12-13,Economy and business,"https://en.wikinews.org/wiki/Apple,_Inc._confirms_acquisition_of_Shazam","Apple, Inc.",ORG
2830341,"Apple, Inc. confirms acquisition of Shazam",2017-12-13,Economy and business,"https://en.wikinews.org/wiki/Apple,_Inc._confirms_acquisition_of_Shazam",UK,GPE
2830341,"Apple, Inc. confirms acquisition of Shazam",2017-12-13,Economy and business,"https://en.wikinews.org/wiki/Apple,_Inc._confirms_acquisition_of_Shazam",US$400 million,MONEY
2830341,"Apple, Inc. confirms acquisition of Shazam",2017-12-13,Economy and business,"https://en.wikinews.org/wiki/Apple,_Inc._confirms_acquisition_of_Shazam",Shazam,PERSON
2830341,"Apple, Inc. confirms acquisition of Shazam",2017-12-13,Economy and business,"https://en.wikinews.org/wiki/Apple,_Inc._confirms_acquisition_of_Shazam",Apple,ORG
2830341,"Apple, Inc. confirms acquisition of Shazam",2017-12-13,Economy and business,"https://en.wikinews.org/wiki/Apple,_Inc._confirms_acquisition_of_Shazam",Shazam,ORG
2830341,"Apple, Inc. confirms acquisition of Shazam",2017-12-13,Economy and business,"https://en.wikinews.org/wiki/Apple,_Inc._confirms_acquisition_of_Shazam",Shazam spokesperson Giovanni Bossio,ORG
2830341,"Apple, Inc. confirms acquisition of Shazam",2017-12-13,Economy and business,"https://en.wikinews.org/wiki/Apple,_Inc._confirms_acquisition_of_Shazam",over one hundred million,CARDINAL
2830341,"Apple, Inc. confirms acquisition of Shazam",2017-12-13,Economy and business,"https://en.wikinews.org/wiki/Apple,_Inc._confirms_acquisition_of_Shazam",West London,GPE
2830341,"Apple, Inc. confirms acquisition of Shazam",2017-12-13,Economy and business,"https://en.wikinews.org/wiki/Apple,_Inc._confirms_acquisition_of_Shazam",1999,DATE
2830341,"Apple, Inc. confirms acquisition of Shazam",2017-12-13,Economy and business,"https://en.wikinews.org/wiki/Apple,_Inc._confirms_acquisition_of_Shazam",Avery Wang,PERSON
2830341,"Apple, Inc. confirms acquisition of Shazam",2017-12-13,Economy and business,"https://en.wikinews.org/wiki/Apple,_Inc._confirms_acquisition_of_Shazam",Chris Barton,PERSON
2830341,"Apple, Inc. confirms acquisition of Shazam",2017-12-13,Economy and business,"https://en.wikinews.org/wiki/Apple,_Inc._confirms_acquisition_of_Shazam",Dhiraj Mukharjee,PERSON
2830341,"Apple, Inc. confirms acquisition of Shazam",2017-12-13,Economy and business,"https://en.wikinews.org/wiki/Apple,_Inc._confirms_acquisition_of_Shazam",Philip Inghelbrecht,PERSON
2830341,"Apple, Inc. confirms acquisition of Shazam",2017-12-13,Economy and business,"https://en.wikinews.org/wiki/Apple,_Inc._confirms_acquisition_of_Shazam",Shazam,PERSON
2830341,"Apple, Inc. confirms acquisition of Shazam",2017-12-13,Economy and business,"https://en.wikinews.org/wiki/Apple,_Inc._confirms_acquisition_of_Shazam",release year,DATE
2830341,"Apple, Inc. confirms acquisition of Shazam",2017-12-13,Economy and business,"https://en.wikinews.org/wiki/Apple,_Inc._confirms_acquisition_of_Shazam",Apple Music,ORG
2830341,"Apple, Inc. confirms acquisition of Shazam",2017-12-13,Economy and business,"https://en.wikinews.org/wiki/Apple,_Inc._confirms_acquisition_of_Shazam",Google Play Music,ORG
2830341,"Apple, Inc. confirms acquisition of Shazam",2017-12-13,Economy and business,"https://en.wikinews.org/wiki/Apple,_Inc._confirms_acquisition_of_Shazam",Spotify,GPE
2830341,"Apple, Inc. confirms acquisition of Shazam",2017-12-13,Economy and business,"https://en.wikinews.org/wiki/Apple,_Inc._confirms_acquisition_of_Shazam",Apple,ORG
2830341,"Apple, Inc. confirms acquisition of Shazam",2017-12-13,Economy and business,"https://en.wikinews.org/wiki/Apple,_Inc._confirms_acquisition_of_Shazam",Tom Neumayr,PERSON
2830341,"Apple, Inc. confirms acquisition of Shazam",2017-12-13,Economy and business,"https://en.wikinews.org/wiki/Apple,_Inc._confirms_acquisition_of_Shazam",Apple Music and Shazam,ORG
2830341,"Apple, Inc. confirms acquisition of Shazam",2017-12-13,Economy and business,"https://en.wikinews.org/wiki/Apple,_Inc._confirms_acquisition_of_Shazam",Shazam,PERSON
2830341,"Apple, Inc. confirms acquisition of Shazam",2017-12-13,Economy and business,"https://en.wikinews.org/wiki/Apple,_Inc._confirms_acquisition_of_Shazam",today,DATE
2830341,"Apple, Inc. confirms acquisition of Shazam",2017-12-13,Economy and business,"https://en.wikinews.org/wiki/Apple,_Inc._confirms_acquisition_of_Shazam",Apple Music,ORG
2830341,"Apple, Inc. confirms acquisition of Shazam",2017-12-13,Economy and business,"https://en.wikinews.org/wiki/Apple,_Inc._confirms_acquisition_of_Shazam",about 27 million,CARDINAL
2830341,"Apple, Inc. confirms acquisition of Shazam",2017-12-13,Economy and business,"https://en.wikinews.org/wiki/Apple,_Inc._confirms_acquisition_of_Shazam",Spotify,GPE
2830341,"Apple, Inc. confirms acquisition of Shazam",2017-12-13,Economy and business,"https://en.wikinews.org/wiki/Apple,_Inc._confirms_acquisition_of_Shazam",about 60 million,CARDINAL
2830341,"Apple, Inc. confirms acquisition of Shazam",2017-12-13,Economy and business,"https://en.wikinews.org/wiki/Apple,_Inc._confirms_acquisition_of_Shazam",California,GPE
2830341,"Apple, Inc. confirms acquisition of Shazam",2017-12-13,Economy and business,"https://en.wikinews.org/wiki/Apple,_Inc._confirms_acquisition_of_Shazam","Apple, Inc.",ORG
2830341,"Apple, Inc. confirms acquisition of Shazam",2017-12-13,Economy and business,"https://en.wikinews.org/wiki/Apple,_Inc._confirms_acquisition_of_Shazam",Dre's Beats Electronics,ORG
2830341,"Apple, Inc. confirms acquisition of Shazam",2017-12-13,Economy and business,"https://en.wikinews.org/wiki/Apple,_Inc._confirms_acquisition_of_Shazam",three years ago,DATE
2830341,"Apple, Inc. confirms acquisition of Shazam",2017-12-13,Economy and business,"https://en.wikinews.org/wiki/Apple,_Inc._confirms_acquisition_of_Shazam",US$3 billion,MONEY
114565,Worldwide markets fall precipitously,2008-10-06,Economy and business,https://en.wikinews.org/wiki/Worldwide_markets_fall_precipitously,today,DATE
114565,Worldwide markets fall precipitously,2008-10-06,Economy and business,https://en.wikinews.org/wiki/Worldwide_markets_fall_precipitously,the US Government's,ORG
114565,Worldwide markets fall precipitously,2008-10-06,Economy and business,https://en.wikinews.org/wiki/Worldwide_markets_fall_precipitously,$700 billion,MONEY
114565,Worldwide markets fall precipitously,2008-10-06,Economy and business,https://en.wikinews.org/wiki/Worldwide_markets_fall_precipitously,UTC,ORG
114565,Worldwide markets fall precipitously,2008-10-06,Economy and business,https://en.wikinews.org/wiki/Worldwide_markets_fall_precipitously,UK,GPE
114565,Worldwide markets fall precipitously,2008-10-06,Economy and business,https://en.wikinews.org/wiki/Worldwide_markets_fall_precipitously,FTSE,ORG
114565,Worldwide markets fall precipitously,2008-10-06,Economy and business,https://en.wikinews.org/wiki/Worldwide_markets_fall_precipitously,100,CARDINAL
114565,Worldwide markets fall precipitously,2008-10-06,Economy and business,https://en.wikinews.org/wiki/Worldwide_markets_fall_precipitously,6.50%,PERCENT
114565,Worldwide markets fall precipitously,2008-10-06,Economy and business,https://en.wikinews.org/wiki/Worldwide_markets_fall_precipitously,323.65,CARDINAL
114565,Worldwide markets fall precipitously,2008-10-06,Economy and business,https://en.wikinews.org/wiki/Worldwide_markets_fall_precipitously,5000,CARDINAL
114565,Worldwide markets fall precipitously,2008-10-06,Economy and business,https://en.wikinews.org/wiki/Worldwide_markets_fall_precipitously,4656.60,CARDINAL
114565,Worldwide markets fall precipitously,2008-10-06,Economy and business,https://en.wikinews.org/wiki/Worldwide_markets_fall_precipitously,3.76%,PERCENT
114565,Worldwide markets fall precipitously,2008-10-06,Economy and business,https://en.wikinews.org/wiki/Worldwide_markets_fall_precipitously,UTC,ORG
114565,Worldwide markets fall precipitously,2008-10-06,Economy and business,https://en.wikinews.org/wiki/Worldwide_markets_fall_precipitously,earlier today,TIME
114565,Worldwide markets fall precipitously,2008-10-06,Economy and business,https://en.wikinews.org/wiki/Worldwide_markets_fall_precipitously,9936.94,CARDINAL
114565,Worldwide markets fall precipitously,2008-10-06,Economy and business,https://en.wikinews.org/wiki/Worldwide_markets_fall_precipitously,Nasdaq,ORG
114565,Worldwide markets fall precipitously,2008-10-06,Economy and business,https://en.wikinews.org/wiki/Worldwide_markets_fall_precipitously,100.12,CARDINAL
114565,Worldwide markets fall precipitously,2008-10-06,Economy and business,https://en.wikinews.org/wiki/Worldwide_markets_fall_precipitously,1847.27,CARDINAL
114565,Worldwide markets fall precipitously,2008-10-06,Economy and business,https://en.wikinews.org/wiki/Worldwide_markets_fall_precipitously,6.62%,PERCENT
114565,Worldwide markets fall precipitously,2008-10-06,Economy and business,https://en.wikinews.org/wiki/Worldwide_markets_fall_precipitously,the start of the day,DATE
114565,Worldwide markets fall precipitously,2008-10-06,Economy and business,https://en.wikinews.org/wiki/Worldwide_markets_fall_precipitously,UTC,ORG
114565,Worldwide markets fall precipitously,2008-10-06,Economy and business,https://en.wikinews.org/wiki/Worldwide_markets_fall_precipitously,Dow Jones,ORG
114565,Worldwide markets fall precipitously,2008-10-06,Economy and business,https://en.wikinews.org/wiki/Worldwide_markets_fall_precipitously,today,DATE
114565,Worldwide markets fall precipitously,2008-10-06,Economy and business,https://en.wikinews.org/wiki/Worldwide_markets_fall_precipitously,CAC,ORG
114565,Worldwide markets fall precipitously,2008-10-06,Economy and business,https://en.wikinews.org/wiki/Worldwide_markets_fall_precipitously,40,CARDINAL
114565,Worldwide markets fall precipitously,2008-10-06,Economy and business,https://en.wikinews.org/wiki/Worldwide_markets_fall_precipitously,Merval,ORG
114565,Worldwide markets fall precipitously,2008-10-06,Economy and business,https://en.wikinews.org/wiki/Worldwide_markets_fall_precipitously,today,DATE
114565,Worldwide markets fall precipitously,2008-10-06,Economy and business,https://en.wikinews.org/wiki/Worldwide_markets_fall_precipitously,10.12%,PERCENT
114565,Worldwide markets fall precipitously,2008-10-06,Economy and business,https://en.wikinews.org/wiki/Worldwide_markets_fall_precipitously,Merval 25,PRODUCT
114565,Worldwide markets fall precipitously,2008-10-06,Economy and business,https://en.wikinews.org/wiki/Worldwide_markets_fall_precipitously,10.03%,PERCENT
114565,Worldwide markets fall precipitously,2008-10-06,Economy and business,https://en.wikinews.org/wiki/Worldwide_markets_fall_precipitously,One,CARDINAL
114565,Worldwide markets fall precipitously,2008-10-06,Economy and business,https://en.wikinews.org/wiki/Worldwide_markets_fall_precipitously,the day,DATE
114565,Worldwide markets fall precipitously,2008-10-06,Economy and business,https://en.wikinews.org/wiki/Worldwide_markets_fall_precipitously,Brazilian Bovespa,ORG
114565,Worldwide markets fall precipitously,2008-10-06,Economy and business,https://en.wikinews.org/wiki/Worldwide_markets_fall_precipitously,14.45%,PERCENT
114565,Worldwide markets fall precipitously,2008-10-06,Economy and business,https://en.wikinews.org/wiki/Worldwide_markets_fall_precipitously,today,DATE
114565,Worldwide markets fall precipitously,2008-10-06,Economy and business,https://en.wikinews.org/wiki/Worldwide_markets_fall_precipitously,half,CARDINAL
114565,Worldwide markets fall precipitously,2008-10-06,Economy and business,https://en.wikinews.org/wiki/Worldwide_markets_fall_precipitously,the trading day,DATE
2854643,Technology giant Microsoft completes acquisition of GitHub,2018-10-29,Economy and business,https://en.wikinews.org/wiki/Technology_giant_Microsoft_completes_acquisition_of_GitHub,Friday,DATE
2854643,Technology giant Microsoft completes acquisition of GitHub,2018-10-29,Economy and business,https://en.wikinews.org/wiki/Technology_giant_Microsoft_completes_acquisition_of_GitHub,US,GPE
2854643,Technology giant Microsoft completes acquisition of GitHub,2018-10-29,Economy and business,https://en.wikinews.org/wiki/Technology_giant_Microsoft_completes_acquisition_of_GitHub,Microsoft,ORG
2854643,Technology giant Microsoft completes acquisition of GitHub,2018-10-29,Economy and business,https://en.wikinews.org/wiki/Technology_giant_Microsoft_completes_acquisition_of_GitHub,GitHub,ORG
2854643,Technology giant Microsoft completes acquisition of GitHub,2018-10-29,Economy and business,https://en.wikinews.org/wiki/Technology_giant_Microsoft_completes_acquisition_of_GitHub,Microsoft,ORG
2854643,Technology giant Microsoft completes acquisition of GitHub,2018-10-29,Economy and business,https://en.wikinews.org/wiki/Technology_giant_Microsoft_completes_acquisition_of_GitHub,Nat Friedman,PERSON
2854643,Technology giant Microsoft completes acquisition of GitHub,2018-10-29,Economy and business,https://en.wikinews.org/wiki/Technology_giant_Microsoft_completes_acquisition_of_GitHub,Microsoft,ORG
2854643,Technology giant Microsoft completes acquisition of GitHub,2018-10-29,Economy and business,https://en.wikinews.org/wiki/Technology_giant_Microsoft_completes_acquisition_of_GitHub,GitHub,ORG
2854643,Technology giant Microsoft completes acquisition of GitHub,2018-10-29,Economy and business,https://en.wikinews.org/wiki/Technology_giant_Microsoft_completes_acquisition_of_GitHub,7.5 billion US dollars,MONEY
2854643,Technology giant Microsoft completes acquisition of GitHub,2018-10-29,Economy and business,https://en.wikinews.org/wiki/Technology_giant_Microsoft_completes_acquisition_of_GitHub,June 4,DATE
2854643,Technology giant Microsoft completes acquisition of GitHub,2018-10-29,Economy and business,https://en.wikinews.org/wiki/Technology_giant_Microsoft_completes_acquisition_of_GitHub,October 19,DATE
2854643,Technology giant Microsoft completes acquisition of GitHub,2018-10-29,Economy and business,https://en.wikinews.org/wiki/Technology_giant_Microsoft_completes_acquisition_of_GitHub,the European Union's,ORG
2854643,Technology giant Microsoft completes acquisition of GitHub,2018-10-29,Economy and business,https://en.wikinews.org/wiki/Technology_giant_Microsoft_completes_acquisition_of_GitHub,June,DATE
2854643,Technology giant Microsoft completes acquisition of GitHub,2018-10-29,Economy and business,https://en.wikinews.org/wiki/Technology_giant_Microsoft_completes_acquisition_of_GitHub,Microsoft,ORG
2854643,Technology giant Microsoft completes acquisition of GitHub,2018-10-29,Economy and business,https://en.wikinews.org/wiki/Technology_giant_Microsoft_completes_acquisition_of_GitHub,Microsoft,ORG
2854643,Technology giant Microsoft completes acquisition of GitHub,2018-10-29,Economy and business,https://en.wikinews.org/wiki/Technology_giant_Microsoft_completes_acquisition_of_GitHub,Microsoft,ORG
2854643,Technology giant Microsoft completes acquisition of GitHub,2018-10-29,Economy and business,https://en.wikinews.org/wiki/Technology_giant_Microsoft_completes_acquisition_of_GitHub,Satya Nadella,PERSON
2854643,Technology giant Microsoft completes acquisition of GitHub,2018-10-29,Economy and business,https://en.wikinews.org/wiki/Technology_giant_Microsoft_completes_acquisition_of_GitHub,GitHub,ORG
2854643,Technology giant Microsoft completes acquisition of GitHub,2018-10-29,Economy and business,https://en.wikinews.org/wiki/Technology_giant_Microsoft_completes_acquisition_of_GitHub,Microsoft,ORG
2854643,Technology giant Microsoft completes acquisition of GitHub,2018-10-29,Economy and business,https://en.wikinews.org/wiki/Technology_giant_Microsoft_completes_acquisition_of_GitHub,GitHub,ORG
2854643,Technology giant Microsoft completes acquisition of GitHub,2018-10-29,Economy and business,https://en.wikinews.org/wiki/Technology_giant_Microsoft_completes_acquisition_of_GitHub,GitHub,PRODUCT
2854643,Technology giant Microsoft completes acquisition of GitHub,2018-10-29,Economy and business,https://en.wikinews.org/wiki/Technology_giant_Microsoft_completes_acquisition_of_GitHub,Nat Friedman,PERSON
2854643,Technology giant Microsoft completes acquisition of GitHub,2018-10-29,Economy and business,https://en.wikinews.org/wiki/Technology_giant_Microsoft_completes_acquisition_of_GitHub,GitHub,PRODUCT
2854643,Technology giant Microsoft completes acquisition of GitHub,2018-10-29,Economy and business,https://en.wikinews.org/wiki/Technology_giant_Microsoft_completes_acquisition_of_GitHub,first,ORDINAL
2854643,Technology giant Microsoft completes acquisition of GitHub,2018-10-29,Economy and business,https://en.wikinews.org/wiki/Technology_giant_Microsoft_completes_acquisition_of_GitHub,today,DATE
2854643,Technology giant Microsoft completes acquisition of GitHub,2018-10-29,Economy and business,https://en.wikinews.org/wiki/Technology_giant_Microsoft_completes_acquisition_of_GitHub,first day,DATE
2854643,Technology giant Microsoft completes acquisition of GitHub,2018-10-29,Economy and business,https://en.wikinews.org/wiki/Technology_giant_Microsoft_completes_acquisition_of_GitHub,GitHub,ORG
2854643,Technology giant Microsoft completes acquisition of GitHub,2018-10-29,Economy and business,https://en.wikinews.org/wiki/Technology_giant_Microsoft_completes_acquisition_of_GitHub,Friedman,PERSON
2854643,Technology giant Microsoft completes acquisition of GitHub,2018-10-29,Economy and business,https://en.wikinews.org/wiki/Technology_giant_Microsoft_completes_acquisition_of_GitHub,Xamarin,GPE
2854643,Technology giant Microsoft completes acquisition of GitHub,2018-10-29,Economy and business,https://en.wikinews.org/wiki/Technology_giant_Microsoft_completes_acquisition_of_GitHub,Android,ORG
2854643,Technology giant Microsoft completes acquisition of GitHub,2018-10-29,Economy and business,https://en.wikinews.org/wiki/Technology_giant_Microsoft_completes_acquisition_of_GitHub,Windows,LOC
2854643,Technology giant Microsoft completes acquisition of GitHub,2018-10-29,Economy and business,https://en.wikinews.org/wiki/Technology_giant_Microsoft_completes_acquisition_of_GitHub,Microsoft,ORG
2854643,Technology giant Microsoft completes acquisition of GitHub,2018-10-29,Economy and business,https://en.wikinews.org/wiki/Technology_giant_Microsoft_completes_acquisition_of_GitHub,Xamarin,GPE
2854643,Technology giant Microsoft completes acquisition of GitHub,2018-10-29,Economy and business,https://en.wikinews.org/wiki/Technology_giant_Microsoft_completes_acquisition_of_GitHub,2016,DATE
2854643,Technology giant Microsoft completes acquisition of GitHub,2018-10-29,Economy and business,https://en.wikinews.org/wiki/Technology_giant_Microsoft_completes_acquisition_of_GitHub,Friedman,ORG
2854643,Technology giant Microsoft completes acquisition of GitHub,2018-10-29,Economy and business,https://en.wikinews.org/wiki/Technology_giant_Microsoft_completes_acquisition_of_GitHub,GitHub,ORG
2854643,Technology giant Microsoft completes acquisition of GitHub,2018-10-29,Economy and business,https://en.wikinews.org/wiki/Technology_giant_Microsoft_completes_acquisition_of_GitHub,more than 31 million,CARDINAL
2854643,Technology giant Microsoft completes acquisition of GitHub,2018-10-29,Economy and business,https://en.wikinews.org/wiki/Technology_giant_Microsoft_completes_acquisition_of_GitHub,Airbnb,ORG
2854643,Technology giant Microsoft completes acquisition of GitHub,2018-10-29,Economy and business,https://en.wikinews.org/wiki/Technology_giant_Microsoft_completes_acquisition_of_GitHub,Apple,ORG
2854643,Technology giant Microsoft completes acquisition of GitHub,2018-10-29,Economy and business,https://en.wikinews.org/wiki/Technology_giant_Microsoft_completes_acquisition_of_GitHub,Microsoft,ORG
2854643,Technology giant Microsoft completes acquisition of GitHub,2018-10-29,Economy and business,https://en.wikinews.org/wiki/Technology_giant_Microsoft_completes_acquisition_of_GitHub,GitHub,ORG
2854643,Technology giant Microsoft completes acquisition of GitHub,2018-10-29,Economy and business,https://en.wikinews.org/wiki/Technology_giant_Microsoft_completes_acquisition_of_GitHub,"May 31, days",DATE
2854643,Technology giant Microsoft completes acquisition of GitHub,2018-10-29,Economy and business,https://en.wikinews.org/wiki/Technology_giant_Microsoft_completes_acquisition_of_GitHub,Microsoft,ORG
2854643,Technology giant Microsoft completes acquisition of GitHub,2018-10-29,Economy and business,https://en.wikinews.org/wiki/Technology_giant_Microsoft_completes_acquisition_of_GitHub,GitHub,ORG
2854643,Technology giant Microsoft completes acquisition of GitHub,2018-10-29,Economy and business,https://en.wikinews.org/wiki/Technology_giant_Microsoft_completes_acquisition_of_GitHub,GitHub,ORG
2854643,Technology giant Microsoft completes acquisition of GitHub,2018-10-29,Economy and business,https://en.wikinews.org/wiki/Technology_giant_Microsoft_completes_acquisition_of_GitHub,GitHub,ORG
2939597,UAE to impose corporate tax on business profits,2022-02-01,Economy and business,https://en.wikinews.org/wiki/UAE_to_impose_corporate_tax_on_business_profits,Monday,DATE
2939597,UAE to impose corporate tax on business profits,2022-02-01,Economy and business,https://en.wikinews.org/wiki/UAE_to_impose_corporate_tax_on_business_profits,the United Arab Emirates,GPE
2939597,UAE to impose corporate tax on business profits,2022-02-01,Economy and business,https://en.wikinews.org/wiki/UAE_to_impose_corporate_tax_on_business_profits,9%,PERCENT
2939597,UAE to impose corporate tax on business profits,2022-02-01,Economy and business,https://en.wikinews.org/wiki/UAE_to_impose_corporate_tax_on_business_profits,"June 1, 2023",DATE
2939597,UAE to impose corporate tax on business profits,2022-02-01,Economy and business,https://en.wikinews.org/wiki/UAE_to_impose_corporate_tax_on_business_profits,up to 375 thousand,CARDINAL
2939597,UAE to impose corporate tax on business profits,2022-02-01,Economy and business,https://en.wikinews.org/wiki/UAE_to_impose_corporate_tax_on_business_profits,Emirates,GPE
2939597,UAE to impose corporate tax on business profits,2022-02-01,Economy and business,https://en.wikinews.org/wiki/UAE_to_impose_corporate_tax_on_business_profits,The Ministry of Finance,ORG
240545,Toyota recalls 1.7m cars after new concerns,2011-01-26,Economy and business,https://en.wikinews.org/wiki/Toyota_recalls_1.7m_cars_after_new_concerns,Toyota,ORG
240545,Toyota recalls 1.7m cars after new concerns,2011-01-26,Economy and business,https://en.wikinews.org/wiki/Toyota_recalls_1.7m_cars_after_new_concerns,almost 1.7 million,CARDINAL
240545,Toyota recalls 1.7m cars after new concerns,2011-01-26,Economy and business,https://en.wikinews.org/wiki/Toyota_recalls_1.7m_cars_after_new_concerns,two,CARDINAL
240545,Toyota recalls 1.7m cars after new concerns,2011-01-26,Economy and business,https://en.wikinews.org/wiki/Toyota_recalls_1.7m_cars_after_new_concerns,Toyota,ORG
240545,Toyota recalls 1.7m cars after new concerns,2011-01-26,Economy and business,https://en.wikinews.org/wiki/Toyota_recalls_1.7m_cars_after_new_concerns,Avensis,PRODUCT
240545,Toyota recalls 1.7m cars after new concerns,2011-01-26,Economy and business,https://en.wikinews.org/wiki/Toyota_recalls_1.7m_cars_after_new_concerns,Lexus,ORG
240545,Toyota recalls 1.7m cars after new concerns,2011-01-26,Economy and business,https://en.wikinews.org/wiki/Toyota_recalls_1.7m_cars_after_new_concerns,250,CARDINAL
240545,Toyota recalls 1.7m cars after new concerns,2011-01-26,Economy and business,https://en.wikinews.org/wiki/Toyota_recalls_1.7m_cars_after_new_concerns,Toyota,ORG
240545,Toyota recalls 1.7m cars after new concerns,2011-01-26,Economy and business,https://en.wikinews.org/wiki/Toyota_recalls_1.7m_cars_after_new_concerns,six years,DATE
240545,Toyota recalls 1.7m cars after new concerns,2011-01-26,Economy and business,https://en.wikinews.org/wiki/Toyota_recalls_1.7m_cars_after_new_concerns,Japan,GPE
240545,Toyota recalls 1.7m cars after new concerns,2011-01-26,Economy and business,https://en.wikinews.org/wiki/Toyota_recalls_1.7m_cars_after_new_concerns,Avensis,PRODUCT
240545,Toyota recalls 1.7m cars after new concerns,2011-01-26,Economy and business,https://en.wikinews.org/wiki/Toyota_recalls_1.7m_cars_after_new_concerns,the United Kingdom,GPE
240545,Toyota recalls 1.7m cars after new concerns,2011-01-26,Economy and business,https://en.wikinews.org/wiki/Toyota_recalls_1.7m_cars_after_new_concerns,Toyota,ORG
240545,Toyota recalls 1.7m cars after new concerns,2011-01-26,Economy and business,https://en.wikinews.org/wiki/Toyota_recalls_1.7m_cars_after_new_concerns,around four and a half hours,DATE
240545,Toyota recalls 1.7m cars after new concerns,2011-01-26,Economy and business,https://en.wikinews.org/wiki/Toyota_recalls_1.7m_cars_after_new_concerns,Lexus,ORG
240545,Toyota recalls 1.7m cars after new concerns,2011-01-26,Economy and business,https://en.wikinews.org/wiki/Toyota_recalls_1.7m_cars_after_new_concerns,250,CARDINAL
240545,Toyota recalls 1.7m cars after new concerns,2011-01-26,Economy and business,https://en.wikinews.org/wiki/Toyota_recalls_1.7m_cars_after_new_concerns,around 280 thousand,CARDINAL
240545,Toyota recalls 1.7m cars after new concerns,2011-01-26,Economy and business,https://en.wikinews.org/wiki/Toyota_recalls_1.7m_cars_after_new_concerns,Japan,GPE
240545,Toyota recalls 1.7m cars after new concerns,2011-01-26,Economy and business,https://en.wikinews.org/wiki/Toyota_recalls_1.7m_cars_after_new_concerns,Toyota,ORG
240545,Toyota recalls 1.7m cars after new concerns,2011-01-26,Economy and business,https://en.wikinews.org/wiki/Toyota_recalls_1.7m_cars_after_new_concerns,GB,PERSON
240545,Toyota recalls 1.7m cars after new concerns,2011-01-26,Economy and business,https://en.wikinews.org/wiki/Toyota_recalls_1.7m_cars_after_new_concerns,first,ORDINAL
240545,Toyota recalls 1.7m cars after new concerns,2011-01-26,Economy and business,https://en.wikinews.org/wiki/Toyota_recalls_1.7m_cars_after_new_concerns,Toyota,ORG
240545,Toyota recalls 1.7m cars after new concerns,2011-01-26,Economy and business,https://en.wikinews.org/wiki/Toyota_recalls_1.7m_cars_after_new_concerns,over 16 million,CARDINAL
240545,Toyota recalls 1.7m cars after new concerns,2011-01-26,Economy and business,https://en.wikinews.org/wiki/Toyota_recalls_1.7m_cars_after_new_concerns,late 2009,DATE
30932,Free Software Foundation releases first draft of GPLv3,2006-01-16,Economy and business,https://en.wikinews.org/wiki/Free_Software_Foundation_releases_first_draft_of_GPLv3,The Free Software Foundation,ORG
30932,Free Software Foundation releases first draft of GPLv3,2006-01-16,Economy and business,https://en.wikinews.org/wiki/Free_Software_Foundation_releases_first_draft_of_GPLv3,first,ORDINAL
30932,Free Software Foundation releases first draft of GPLv3,2006-01-16,Economy and business,https://en.wikinews.org/wiki/Free_Software_Foundation_releases_first_draft_of_GPLv3,the International Public Conference,ORG
30932,Free Software Foundation releases first draft of GPLv3,2006-01-16,Economy and business,https://en.wikinews.org/wiki/Free_Software_Foundation_releases_first_draft_of_GPLv3,GPLv3,PERSON
30932,Free Software Foundation releases first draft of GPLv3,2006-01-16,Economy and business,https://en.wikinews.org/wiki/Free_Software_Foundation_releases_first_draft_of_GPLv3,Cambridge,GPE
30932,Free Software Foundation releases first draft of GPLv3,2006-01-16,Economy and business,https://en.wikinews.org/wiki/Free_Software_Foundation_releases_first_draft_of_GPLv3,Massachusetts,GPE
30932,Free Software Foundation releases first draft of GPLv3,2006-01-16,Economy and business,https://en.wikinews.org/wiki/Free_Software_Foundation_releases_first_draft_of_GPLv3,USA,GPE
30932,Free Software Foundation releases first draft of GPLv3,2006-01-16,Economy and business,https://en.wikinews.org/wiki/Free_Software_Foundation_releases_first_draft_of_GPLv3,today,DATE
30932,Free Software Foundation releases first draft of GPLv3,2006-01-16,Economy and business,https://en.wikinews.org/wiki/Free_Software_Foundation_releases_first_draft_of_GPLv3,first,ORDINAL
30932,Free Software Foundation releases first draft of GPLv3,2006-01-16,Economy and business,https://en.wikinews.org/wiki/Free_Software_Foundation_releases_first_draft_of_GPLv3,GPL,ORG
30932,Free Software Foundation releases first draft of GPLv3,2006-01-16,Economy and business,https://en.wikinews.org/wiki/Free_Software_Foundation_releases_first_draft_of_GPLv3,second,ORDINAL
30932,Free Software Foundation releases first draft of GPLv3,2006-01-16,Economy and business,https://en.wikinews.org/wiki/Free_Software_Foundation_releases_first_draft_of_GPLv3,1991,DATE
30932,Free Software Foundation releases first draft of GPLv3,2006-01-16,Economy and business,https://en.wikinews.org/wiki/Free_Software_Foundation_releases_first_draft_of_GPLv3,Richard M. Stallman,PERSON
30932,Free Software Foundation releases first draft of GPLv3,2006-01-16,Economy and business,https://en.wikinews.org/wiki/Free_Software_Foundation_releases_first_draft_of_GPLv3,the Free Software Foundation,ORG
30932,Free Software Foundation releases first draft of GPLv3,2006-01-16,Economy and business,https://en.wikinews.org/wiki/Free_Software_Foundation_releases_first_draft_of_GPLv3,GPLv3,PERSON
30932,Free Software Foundation releases first draft of GPLv3,2006-01-16,Economy and business,https://en.wikinews.org/wiki/Free_Software_Foundation_releases_first_draft_of_GPLv3,the Apache Software License,ORG
30932,Free Software Foundation releases first draft of GPLv3,2006-01-16,Economy and business,https://en.wikinews.org/wiki/Free_Software_Foundation_releases_first_draft_of_GPLv3,2.0,CARDINAL
30932,Free Software Foundation releases first draft of GPLv3,2006-01-16,Economy and business,https://en.wikinews.org/wiki/Free_Software_Foundation_releases_first_draft_of_GPLv3,Eclipse,PRODUCT
30932,Free Software Foundation releases first draft of GPLv3,2006-01-16,Economy and business,https://en.wikinews.org/wiki/Free_Software_Foundation_releases_first_draft_of_GPLv3,second,ORDINAL
30932,Free Software Foundation releases first draft of GPLv3,2006-01-16,Economy and business,https://en.wikinews.org/wiki/Free_Software_Foundation_releases_first_draft_of_GPLv3,Stallman,PERSON
30932,Free Software Foundation releases first draft of GPLv3,2006-01-16,Economy and business,https://en.wikinews.org/wiki/Free_Software_Foundation_releases_first_draft_of_GPLv3,GPL,ORG
30932,Free Software Foundation releases first draft of GPLv3,2006-01-16,Economy and business,https://en.wikinews.org/wiki/Free_Software_Foundation_releases_first_draft_of_GPLv3,Digital,ORG
30932,Free Software Foundation releases first draft of GPLv3,2006-01-16,Economy and business,https://en.wikinews.org/wiki/Free_Software_Foundation_releases_first_draft_of_GPLv3,DRM,ORG
30932,Free Software Foundation releases first draft of GPLv3,2006-01-16,Economy and business,https://en.wikinews.org/wiki/Free_Software_Foundation_releases_first_draft_of_GPLv3,noon EST,TIME
30932,Free Software Foundation releases first draft of GPLv3,2006-01-16,Economy and business,https://en.wikinews.org/wiki/Free_Software_Foundation_releases_first_draft_of_GPLv3,today,DATE
30932,Free Software Foundation releases first draft of GPLv3,2006-01-16,Economy and business,https://en.wikinews.org/wiki/Free_Software_Foundation_releases_first_draft_of_GPLv3,the Free Software Foundation's,ORG
30932,Free Software Foundation releases first draft of GPLv3,2006-01-16,Economy and business,https://en.wikinews.org/wiki/Free_Software_Foundation_releases_first_draft_of_GPLv3,Tuesday,DATE
30932,Free Software Foundation releases first draft of GPLv3,2006-01-16,Economy and business,https://en.wikinews.org/wiki/Free_Software_Foundation_releases_first_draft_of_GPLv3,250,CARDINAL
30932,Free Software Foundation releases first draft of GPLv3,2006-01-16,Economy and business,https://en.wikinews.org/wiki/Free_Software_Foundation_releases_first_draft_of_GPLv3,the Massachusetts Institute of Technology,ORG
30932,Free Software Foundation releases first draft of GPLv3,2006-01-16,Economy and business,https://en.wikinews.org/wiki/Free_Software_Foundation_releases_first_draft_of_GPLv3,Approximately 200,CARDINAL
30932,Free Software Foundation releases first draft of GPLv3,2006-01-16,Economy and business,https://en.wikinews.org/wiki/Free_Software_Foundation_releases_first_draft_of_GPLv3,morning,TIME
30932,Free Software Foundation releases first draft of GPLv3,2006-01-16,Economy and business,https://en.wikinews.org/wiki/Free_Software_Foundation_releases_first_draft_of_GPLv3,Eben Moglen,PERSON
30932,Free Software Foundation releases first draft of GPLv3,2006-01-16,Economy and business,https://en.wikinews.org/wiki/Free_Software_Foundation_releases_first_draft_of_GPLv3,90 minute,TIME
30932,Free Software Foundation releases first draft of GPLv3,2006-01-16,Economy and business,https://en.wikinews.org/wiki/Free_Software_Foundation_releases_first_draft_of_GPLv3,Moglen,PERSON
30932,Free Software Foundation releases first draft of GPLv3,2006-01-16,Economy and business,https://en.wikinews.org/wiki/Free_Software_Foundation_releases_first_draft_of_GPLv3,Dave Turner,PERSON
30932,Free Software Foundation releases first draft of GPLv3,2006-01-16,Economy and business,https://en.wikinews.org/wiki/Free_Software_Foundation_releases_first_draft_of_GPLv3,FSF,ORG
30932,Free Software Foundation releases first draft of GPLv3,2006-01-16,Economy and business,https://en.wikinews.org/wiki/Free_Software_Foundation_releases_first_draft_of_GPLv3,Moglen,PERSON
30932,Free Software Foundation releases first draft of GPLv3,2006-01-16,Economy and business,https://en.wikinews.org/wiki/Free_Software_Foundation_releases_first_draft_of_GPLv3,Stallman,PERSON
30932,Free Software Foundation releases first draft of GPLv3,2006-01-16,Economy and business,https://en.wikinews.org/wiki/Free_Software_Foundation_releases_first_draft_of_GPLv3,Bruce Perens,PERSON
30932,Free Software Foundation releases first draft of GPLv3,2006-01-16,Economy and business,https://en.wikinews.org/wiki/Free_Software_Foundation_releases_first_draft_of_GPLv3,Andrew Tridgell,PERSON
30932,Free Software Foundation releases first draft of GPLv3,2006-01-16,Economy and business,https://en.wikinews.org/wiki/Free_Software_Foundation_releases_first_draft_of_GPLv3,Chris,PERSON
30932,Free Software Foundation releases first draft of GPLv3,2006-01-16,Economy and business,https://en.wikinews.org/wiki/Free_Software_Foundation_releases_first_draft_of_GPLv3,Wikinews,ORG
30932,Free Software Foundation releases first draft of GPLv3,2006-01-16,Economy and business,https://en.wikinews.org/wiki/Free_Software_Foundation_releases_first_draft_of_GPLv3,Brandon Stafford,PERSON
30932,Free Software Foundation releases first draft of GPLv3,2006-01-16,Economy and business,https://en.wikinews.org/wiki/Free_Software_Foundation_releases_first_draft_of_GPLv3,IBM,ORG
30932,Free Software Foundation releases first draft of GPLv3,2006-01-16,Economy and business,https://en.wikinews.org/wiki/Free_Software_Foundation_releases_first_draft_of_GPLv3,Sun,ORG
30932,Free Software Foundation releases first draft of GPLv3,2006-01-16,Economy and business,https://en.wikinews.org/wiki/Free_Software_Foundation_releases_first_draft_of_GPLv3,Bob Sutor,PERSON
30932,Free Software Foundation releases first draft of GPLv3,2006-01-16,Economy and business,https://en.wikinews.org/wiki/Free_Software_Foundation_releases_first_draft_of_GPLv3,Craig Cook,PERSON
30932,Free Software Foundation releases first draft of GPLv3,2006-01-16,Economy and business,https://en.wikinews.org/wiki/Free_Software_Foundation_releases_first_draft_of_GPLv3,Mark Brown,PERSON
30932,Free Software Foundation releases first draft of GPLv3,2006-01-16,Economy and business,https://en.wikinews.org/wiki/Free_Software_Foundation_releases_first_draft_of_GPLv3,IBM,ORG
30932,Free Software Foundation releases first draft of GPLv3,2006-01-16,Economy and business,https://en.wikinews.org/wiki/Free_Software_Foundation_releases_first_draft_of_GPLv3,Simon Phipps,PERSON
30932,Free Software Foundation releases first draft of GPLv3,2006-01-16,Economy and business,https://en.wikinews.org/wiki/Free_Software_Foundation_releases_first_draft_of_GPLv3,Doug Johnson,PERSON
30932,Free Software Foundation releases first draft of GPLv3,2006-01-16,Economy and business,https://en.wikinews.org/wiki/Free_Software_Foundation_releases_first_draft_of_GPLv3,Sun,ORG
30932,Free Software Foundation releases first draft of GPLv3,2006-01-16,Economy and business,https://en.wikinews.org/wiki/Free_Software_Foundation_releases_first_draft_of_GPLv3,Intel,ORG
30932,Free Software Foundation releases first draft of GPLv3,2006-01-16,Economy and business,https://en.wikinews.org/wiki/Free_Software_Foundation_releases_first_draft_of_GPLv3,Hitachi,ORG
30932,Free Software Foundation releases first draft of GPLv3,2006-01-16,Economy and business,https://en.wikinews.org/wiki/Free_Software_Foundation_releases_first_draft_of_GPLv3,Qualcomm,PERSON
23973,Apple introduces new iPod with video playback capabilities,2005-10-13,Science and technology,https://en.wikinews.org/wiki/Apple_introduces_new_iPod_with_video_playback_capabilities,Wednesday,DATE
23973,Apple introduces new iPod with video playback capabilities,2005-10-13,Science and technology,https://en.wikinews.org/wiki/Apple_introduces_new_iPod_with_video_playback_capabilities,Apple,ORG
23973,Apple introduces new iPod with video playback capabilities,2005-10-13,Science and technology,https://en.wikinews.org/wiki/Apple_introduces_new_iPod_with_video_playback_capabilities,iPod,ORG
23973,Apple introduces new iPod with video playback capabilities,2005-10-13,Science and technology,https://en.wikinews.org/wiki/Apple_introduces_new_iPod_with_video_playback_capabilities,iTunes,NORP
23973,Apple introduces new iPod with video playback capabilities,2005-10-13,Science and technology,https://en.wikinews.org/wiki/Apple_introduces_new_iPod_with_video_playback_capabilities,Apple,ORG
23973,Apple introduces new iPod with video playback capabilities,2005-10-13,Science and technology,https://en.wikinews.org/wiki/Apple_introduces_new_iPod_with_video_playback_capabilities,Steve Jobs,PERSON
23973,Apple introduces new iPod with video playback capabilities,2005-10-13,Science and technology,https://en.wikinews.org/wiki/Apple_introduces_new_iPod_with_video_playback_capabilities,iPod,ORG
23973,Apple introduces new iPod with video playback capabilities,2005-10-13,Science and technology,https://en.wikinews.org/wiki/Apple_introduces_new_iPod_with_video_playback_capabilities,iPod,ORG
23973,Apple introduces new iPod with video playback capabilities,2005-10-13,Science and technology,https://en.wikinews.org/wiki/Apple_introduces_new_iPod_with_video_playback_capabilities,30,CARDINAL
23973,Apple introduces new iPod with video playback capabilities,2005-10-13,Science and technology,https://en.wikinews.org/wiki/Apple_introduces_new_iPod_with_video_playback_capabilities,GB,PERSON
23973,Apple introduces new iPod with video playback capabilities,2005-10-13,Science and technology,https://en.wikinews.org/wiki/Apple_introduces_new_iPod_with_video_playback_capabilities,60,CARDINAL
23973,Apple introduces new iPod with video playback capabilities,2005-10-13,Science and technology,https://en.wikinews.org/wiki/Apple_introduces_new_iPod_with_video_playback_capabilities,US$299 and US$399,MONEY
23973,Apple introduces new iPod with video playback capabilities,2005-10-13,Science and technology,https://en.wikinews.org/wiki/Apple_introduces_new_iPod_with_video_playback_capabilities,30,CARDINAL
23973,Apple introduces new iPod with video playback capabilities,2005-10-13,Science and technology,https://en.wikinews.org/wiki/Apple_introduces_new_iPod_with_video_playback_capabilities,75 hours,TIME
23973,Apple introduces new iPod with video playback capabilities,2005-10-13,Science and technology,https://en.wikinews.org/wiki/Apple_introduces_new_iPod_with_video_playback_capabilities,320x240,ORG
23973,Apple introduces new iPod with video playback capabilities,2005-10-13,Science and technology,https://en.wikinews.org/wiki/Apple_introduces_new_iPod_with_video_playback_capabilities,60,CARDINAL
23973,Apple introduces new iPod with video playback capabilities,2005-10-13,Science and technology,https://en.wikinews.org/wiki/Apple_introduces_new_iPod_with_video_playback_capabilities,150 hours,TIME
23973,Apple introduces new iPod with video playback capabilities,2005-10-13,Science and technology,https://en.wikinews.org/wiki/Apple_introduces_new_iPod_with_video_playback_capabilities,iPod,ORG
23973,Apple introduces new iPod with video playback capabilities,2005-10-13,Science and technology,https://en.wikinews.org/wiki/Apple_introduces_new_iPod_with_video_playback_capabilities,S-Video,ORG
23973,Apple introduces new iPod with video playback capabilities,2005-10-13,Science and technology,https://en.wikinews.org/wiki/Apple_introduces_new_iPod_with_video_playback_capabilities,iPod,ORG
23973,Apple introduces new iPod with video playback capabilities,2005-10-13,Science and technology,https://en.wikinews.org/wiki/Apple_introduces_new_iPod_with_video_playback_capabilities,Apple,ORG
23973,Apple introduces new iPod with video playback capabilities,2005-10-13,Science and technology,https://en.wikinews.org/wiki/Apple_introduces_new_iPod_with_video_playback_capabilities,ABC,ORG
23973,Apple introduces new iPod with video playback capabilities,2005-10-13,Science and technology,https://en.wikinews.org/wiki/Apple_introduces_new_iPod_with_video_playback_capabilities,Lost,ORG
23973,Apple introduces new iPod with video playback capabilities,2005-10-13,Science and technology,https://en.wikinews.org/wiki/Apple_introduces_new_iPod_with_video_playback_capabilities,Housewives,PERSON
23973,Apple introduces new iPod with video playback capabilities,2005-10-13,Science and technology,https://en.wikinews.org/wiki/Apple_introduces_new_iPod_with_video_playback_capabilities,the day,DATE
23973,Apple introduces new iPod with video playback capabilities,2005-10-13,Science and technology,https://en.wikinews.org/wiki/Apple_introduces_new_iPod_with_video_playback_capabilities,1.99,MONEY
23973,Apple introduces new iPod with video playback capabilities,2005-10-13,Science and technology,https://en.wikinews.org/wiki/Apple_introduces_new_iPod_with_video_playback_capabilities,Pixar,ORG
23973,Apple introduces new iPod with video playback capabilities,2005-10-13,Science and technology,https://en.wikinews.org/wiki/Apple_introduces_new_iPod_with_video_playback_capabilities,Apple,ORG
23973,Apple introduces new iPod with video playback capabilities,2005-10-13,Science and technology,https://en.wikinews.org/wiki/Apple_introduces_new_iPod_with_video_playback_capabilities,Steve Jobs,PERSON
23973,Apple introduces new iPod with video playback capabilities,2005-10-13,Science and technology,https://en.wikinews.org/wiki/Apple_introduces_new_iPod_with_video_playback_capabilities,Disney,ORG
23973,Apple introduces new iPod with video playback capabilities,2005-10-13,Science and technology,https://en.wikinews.org/wiki/Apple_introduces_new_iPod_with_video_playback_capabilities,Pixar,ORG
23973,Apple introduces new iPod with video playback capabilities,2005-10-13,Science and technology,https://en.wikinews.org/wiki/Apple_introduces_new_iPod_with_video_playback_capabilities,ABC,ORG
23973,Apple introduces new iPod with video playback capabilities,2005-10-13,Science and technology,https://en.wikinews.org/wiki/Apple_introduces_new_iPod_with_video_playback_capabilities,1.99,MONEY
23973,Apple introduces new iPod with video playback capabilities,2005-10-13,Science and technology,https://en.wikinews.org/wiki/Apple_introduces_new_iPod_with_video_playback_capabilities,iPod,ORG
23973,Apple introduces new iPod with video playback capabilities,2005-10-13,Science and technology,https://en.wikinews.org/wiki/Apple_introduces_new_iPod_with_video_playback_capabilities,iMac G5,ORG
23973,Apple introduces new iPod with video playback capabilities,2005-10-13,Science and technology,https://en.wikinews.org/wiki/Apple_introduces_new_iPod_with_video_playback_capabilities,iMac,ORG
23973,Apple introduces new iPod with video playback capabilities,2005-10-13,Science and technology,https://en.wikinews.org/wiki/Apple_introduces_new_iPod_with_video_playback_capabilities,iMac,ORG
23973,Apple introduces new iPod with video playback capabilities,2005-10-13,Science and technology,https://en.wikinews.org/wiki/Apple_introduces_new_iPod_with_video_playback_capabilities,Front Row,ORG
23973,Apple introduces new iPod with video playback capabilities,2005-10-13,Science and technology,https://en.wikinews.org/wiki/Apple_introduces_new_iPod_with_video_playback_capabilities,iMac,ORG
23973,Apple introduces new iPod with video playback capabilities,2005-10-13,Science and technology,https://en.wikinews.org/wiki/Apple_introduces_new_iPod_with_video_playback_capabilities,iMac,ORG
23973,Apple introduces new iPod with video playback capabilities,2005-10-13,Science and technology,https://en.wikinews.org/wiki/Apple_introduces_new_iPod_with_video_playback_capabilities,Apple iSight,ORG
115506,India's first lunar mission launched,2008-10-22,Science and technology,https://en.wikinews.org/wiki/India%27s_first_lunar_mission_launched,India,GPE
115506,India's first lunar mission launched,2008-10-22,Science and technology,https://en.wikinews.org/wiki/India%27s_first_lunar_mission_launched,first,ORDINAL
115506,India's first lunar mission launched,2008-10-22,Science and technology,https://en.wikinews.org/wiki/India%27s_first_lunar_mission_launched,Andhra Pradesh,ORG
115506,India's first lunar mission launched,2008-10-22,Science and technology,https://en.wikinews.org/wiki/India%27s_first_lunar_mission_launched,this morning,TIME
115506,India's first lunar mission launched,2008-10-22,Science and technology,https://en.wikinews.org/wiki/India%27s_first_lunar_mission_launched,India,GPE
115506,India's first lunar mission launched,2008-10-22,Science and technology,https://en.wikinews.org/wiki/India%27s_first_lunar_mission_launched,the United States,GPE
115506,India's first lunar mission launched,2008-10-22,Science and technology,https://en.wikinews.org/wiki/India%27s_first_lunar_mission_launched,Russia,GPE
115506,India's first lunar mission launched,2008-10-22,Science and technology,https://en.wikinews.org/wiki/India%27s_first_lunar_mission_launched,Japan,GPE
115506,India's first lunar mission launched,2008-10-22,Science and technology,https://en.wikinews.org/wiki/India%27s_first_lunar_mission_launched,China,GPE
115506,India's first lunar mission launched,2008-10-22,Science and technology,https://en.wikinews.org/wiki/India%27s_first_lunar_mission_launched,the European Space Agency,ORG
115506,India's first lunar mission launched,2008-10-22,Science and technology,https://en.wikinews.org/wiki/India%27s_first_lunar_mission_launched,the Satish Dhawan Space Centre,ORG
115506,India's first lunar mission launched,2008-10-22,Science and technology,https://en.wikinews.org/wiki/India%27s_first_lunar_mission_launched,6:22 am,TIME
115506,India's first lunar mission launched,2008-10-22,Science and technology,https://en.wikinews.org/wiki/India%27s_first_lunar_mission_launched,UTC,ORG
115506,India's first lunar mission launched,2008-10-22,Science and technology,https://en.wikinews.org/wiki/India%27s_first_lunar_mission_launched,Sriharikota,GPE
115506,India's first lunar mission launched,2008-10-22,Science and technology,https://en.wikinews.org/wiki/India%27s_first_lunar_mission_launched,about 88 km,QUANTITY
115506,India's first lunar mission launched,2008-10-22,Science and technology,https://en.wikinews.org/wiki/India%27s_first_lunar_mission_launched,55 mi,QUANTITY
115506,India's first lunar mission launched,2008-10-22,Science and technology,https://en.wikinews.org/wiki/India%27s_first_lunar_mission_launched,Indian,NORP
115506,India's first lunar mission launched,2008-10-22,Science and technology,https://en.wikinews.org/wiki/India%27s_first_lunar_mission_launched,Chennai,ORG
115506,India's first lunar mission launched,2008-10-22,Science and technology,https://en.wikinews.org/wiki/India%27s_first_lunar_mission_launched,3.4 billion rupees,MONEY
115506,India's first lunar mission launched,2008-10-22,Science and technology,https://en.wikinews.org/wiki/India%27s_first_lunar_mission_launched,US$78 million,MONEY
115506,India's first lunar mission launched,2008-10-22,Science and technology,https://en.wikinews.org/wiki/India%27s_first_lunar_mission_launched,Indian,NORP
115506,India's first lunar mission launched,2008-10-22,Science and technology,https://en.wikinews.org/wiki/India%27s_first_lunar_mission_launched,India,GPE
115506,India's first lunar mission launched,2008-10-22,Science and technology,https://en.wikinews.org/wiki/India%27s_first_lunar_mission_launched,five,CARDINAL
115506,India's first lunar mission launched,2008-10-22,Science and technology,https://en.wikinews.org/wiki/India%27s_first_lunar_mission_launched,India,GPE
115506,India's first lunar mission launched,2008-10-22,Science and technology,https://en.wikinews.org/wiki/India%27s_first_lunar_mission_launched,six,CARDINAL
115506,India's first lunar mission launched,2008-10-22,Science and technology,https://en.wikinews.org/wiki/India%27s_first_lunar_mission_launched,The Polar Satellite Launch Vehicle,ORG
115506,India's first lunar mission launched,2008-10-22,Science and technology,https://en.wikinews.org/wiki/India%27s_first_lunar_mission_launched,two-year,DATE
115506,India's first lunar mission launched,2008-10-22,Science and technology,https://en.wikinews.org/wiki/India%27s_first_lunar_mission_launched,China,GPE
115506,India's first lunar mission launched,2008-10-22,Science and technology,https://en.wikinews.org/wiki/India%27s_first_lunar_mission_launched,Japan,GPE
115506,India's first lunar mission launched,2008-10-22,Science and technology,https://en.wikinews.org/wiki/India%27s_first_lunar_mission_launched,just last month,DATE
115506,India's first lunar mission launched,2008-10-22,Science and technology,https://en.wikinews.org/wiki/India%27s_first_lunar_mission_launched,China,GPE
115506,India's first lunar mission launched,2008-10-22,Science and technology,https://en.wikinews.org/wiki/India%27s_first_lunar_mission_launched,third,ORDINAL
115506,India's first lunar mission launched,2008-10-22,Science and technology,https://en.wikinews.org/wiki/India%27s_first_lunar_mission_launched,India,GPE
7587,Wikimedia announces Yahoo! support,2005-04-08,Science and technology,https://en.wikinews.org/wiki/Wikimedia_announces_Yahoo!_support,The Wikimedia Foundation,ORG
7587,Wikimedia announces Yahoo! support,2005-04-08,Science and technology,https://en.wikinews.org/wiki/Wikimedia_announces_Yahoo!_support,Yahoo,ORG
7587,Wikimedia announces Yahoo! support,2005-04-08,Science and technology,https://en.wikinews.org/wiki/Wikimedia_announces_Yahoo!_support,Thursday,DATE
7587,Wikimedia announces Yahoo! support,2005-04-08,Science and technology,https://en.wikinews.org/wiki/Wikimedia_announces_Yahoo!_support,Yahoo,ORG
7587,Wikimedia announces Yahoo! support,2005-04-08,Science and technology,https://en.wikinews.org/wiki/Wikimedia_announces_Yahoo!_support,Wikimedia,GPE
7587,Wikimedia announces Yahoo! support,2005-04-08,Science and technology,https://en.wikinews.org/wiki/Wikimedia_announces_Yahoo!_support,one,CARDINAL
7587,Wikimedia announces Yahoo! support,2005-04-08,Science and technology,https://en.wikinews.org/wiki/Wikimedia_announces_Yahoo!_support,Asian,NORP
7587,Wikimedia announces Yahoo! support,2005-04-08,Science and technology,https://en.wikinews.org/wiki/Wikimedia_announces_Yahoo!_support,Wikimedia,ORG
7587,Wikimedia announces Yahoo! support,2005-04-08,Science and technology,https://en.wikinews.org/wiki/Wikimedia_announces_Yahoo!_support,Jimmy Wales,PERSON
7587,Wikimedia announces Yahoo! support,2005-04-08,Science and technology,https://en.wikinews.org/wiki/Wikimedia_announces_Yahoo!_support,the Wikimedia Foundation,ORG
7587,Wikimedia announces Yahoo! support,2005-04-08,Science and technology,https://en.wikinews.org/wiki/Wikimedia_announces_Yahoo!_support,Wikipedia,ORG
7587,Wikimedia announces Yahoo! support,2005-04-08,Science and technology,https://en.wikinews.org/wiki/Wikimedia_announces_Yahoo!_support,Yahoo,ORG
7587,Wikimedia announces Yahoo! support,2005-04-08,Science and technology,https://en.wikinews.org/wiki/Wikimedia_announces_Yahoo!_support,the Wikimedia Foundation,ORG
7587,Wikimedia announces Yahoo! support,2005-04-08,Science and technology,https://en.wikinews.org/wiki/Wikimedia_announces_Yahoo!_support,Wikimedia,ORG
7587,Wikimedia announces Yahoo! support,2005-04-08,Science and technology,https://en.wikinews.org/wiki/Wikimedia_announces_Yahoo!_support,April 7,DATE
7587,Wikimedia announces Yahoo! support,2005-04-08,Science and technology,https://en.wikinews.org/wiki/Wikimedia_announces_Yahoo!_support,Yahoo,ORG
7587,Wikimedia announces Yahoo! support,2005-04-08,Science and technology,https://en.wikinews.org/wiki/Wikimedia_announces_Yahoo!_support,Wikipedia,ORG
7587,Wikimedia announces Yahoo! support,2005-04-08,Science and technology,https://en.wikinews.org/wiki/Wikimedia_announces_Yahoo!_support,French,LANGUAGE
7587,Wikimedia announces Yahoo! support,2005-04-08,Science and technology,https://en.wikinews.org/wiki/Wikimedia_announces_Yahoo!_support,Asia,LOC
7587,Wikimedia announces Yahoo! support,2005-04-08,Science and technology,https://en.wikinews.org/wiki/Wikimedia_announces_Yahoo!_support,Latin America,LOC
7587,Wikimedia announces Yahoo! support,2005-04-08,Science and technology,https://en.wikinews.org/wiki/Wikimedia_announces_Yahoo!_support,Europe,LOC
7587,Wikimedia announces Yahoo! support,2005-04-08,Science and technology,https://en.wikinews.org/wiki/Wikimedia_announces_Yahoo!_support,the United States,GPE
7587,Wikimedia announces Yahoo! support,2005-04-08,Science and technology,https://en.wikinews.org/wiki/Wikimedia_announces_Yahoo!_support,Wikipedia,ORG
7587,Wikimedia announces Yahoo! support,2005-04-08,Science and technology,https://en.wikinews.org/wiki/Wikimedia_announces_Yahoo!_support,one,CARDINAL
7587,Wikimedia announces Yahoo! support,2005-04-08,Science and technology,https://en.wikinews.org/wiki/Wikimedia_announces_Yahoo!_support,the Wikimedia Foundation's,ORG
7587,Wikimedia announces Yahoo! support,2005-04-08,Science and technology,https://en.wikinews.org/wiki/Wikimedia_announces_Yahoo!_support,last year,DATE
7587,Wikimedia announces Yahoo! support,2005-04-08,Science and technology,https://en.wikinews.org/wiki/Wikimedia_announces_Yahoo!_support,Yahoo,ORG
7587,Wikimedia announces Yahoo! support,2005-04-08,Science and technology,https://en.wikinews.org/wiki/Wikimedia_announces_Yahoo!_support,Wikipedia,ORG
7587,Wikimedia announces Yahoo! support,2005-04-08,Science and technology,https://en.wikinews.org/wiki/Wikimedia_announces_Yahoo!_support,Content Acquisition Program,ORG
195689,Fire strikes Slovak Academy of Sciences,2010-07-17,Science and technology,https://en.wikinews.org/wiki/Fire_strikes_Slovak_Academy_of_Sciences,The Virology Institute of the Slovak Academy of Sciences,ORG
195689,Fire strikes Slovak Academy of Sciences,2010-07-17,Science and technology,https://en.wikinews.org/wiki/Fire_strikes_Slovak_Academy_of_Sciences,SAS,ORG
195689,Fire strikes Slovak Academy of Sciences,2010-07-17,Science and technology,https://en.wikinews.org/wiki/Fire_strikes_Slovak_Academy_of_Sciences,Bratislava,PERSON
195689,Fire strikes Slovak Academy of Sciences,2010-07-17,Science and technology,https://en.wikinews.org/wiki/Fire_strikes_Slovak_Academy_of_Sciences,as high as,CARDINAL
195689,Fire strikes Slovak Academy of Sciences,2010-07-17,Science and technology,https://en.wikinews.org/wiki/Fire_strikes_Slovak_Academy_of_Sciences,one hundred meters,QUANTITY
195689,Fire strikes Slovak Academy of Sciences,2010-07-17,Science and technology,https://en.wikinews.org/wiki/Fire_strikes_Slovak_Academy_of_Sciences,SAS,ORG
195689,Fire strikes Slovak Academy of Sciences,2010-07-17,Science and technology,https://en.wikinews.org/wiki/Fire_strikes_Slovak_Academy_of_Sciences,Viera Rosová,PERSON
195689,Fire strikes Slovak Academy of Sciences,2010-07-17,Science and technology,https://en.wikinews.org/wiki/Fire_strikes_Slovak_Academy_of_Sciences,Bratislava,PERSON
195689,Fire strikes Slovak Academy of Sciences,2010-07-17,Science and technology,https://en.wikinews.org/wiki/Fire_strikes_Slovak_Academy_of_Sciences,SAS,ORG
195689,Fire strikes Slovak Academy of Sciences,2010-07-17,Science and technology,https://en.wikinews.org/wiki/Fire_strikes_Slovak_Academy_of_Sciences,Rosová,ORG
195689,Fire strikes Slovak Academy of Sciences,2010-07-17,Science and technology,https://en.wikinews.org/wiki/Fire_strikes_Slovak_Academy_of_Sciences,about two thousand,CARDINAL
195689,Fire strikes Slovak Academy of Sciences,2010-07-17,Science and technology,https://en.wikinews.org/wiki/Fire_strikes_Slovak_Academy_of_Sciences,SAS,ORG
195689,Fire strikes Slovak Academy of Sciences,2010-07-17,Science and technology,https://en.wikinews.org/wiki/Fire_strikes_Slovak_Academy_of_Sciences,Albert Beier,PERSON
195689,Fire strikes Slovak Academy of Sciences,2010-07-17,Science and technology,https://en.wikinews.org/wiki/Fire_strikes_Slovak_Academy_of_Sciences,close to,CARDINAL
195689,Fire strikes Slovak Academy of Sciences,2010-07-17,Science and technology,https://en.wikinews.org/wiki/Fire_strikes_Slovak_Academy_of_Sciences,two million,CARDINAL
185638,SpaceX launches first Falcon 9 rocket,2010-06-04,Science and technology,https://en.wikinews.org/wiki/SpaceX_launches_first_Falcon_9_rocket,SpaceX,PERSON
185638,SpaceX launches first Falcon 9 rocket,2010-06-04,Science and technology,https://en.wikinews.org/wiki/SpaceX_launches_first_Falcon_9_rocket,Falcon,ORG
185638,SpaceX launches first Falcon 9 rocket,2010-06-04,Science and technology,https://en.wikinews.org/wiki/SpaceX_launches_first_Falcon_9_rocket,first,ORDINAL
185638,SpaceX launches first Falcon 9 rocket,2010-06-04,Science and technology,https://en.wikinews.org/wiki/SpaceX_launches_first_Falcon_9_rocket,1845,DATE
185638,SpaceX launches first Falcon 9 rocket,2010-06-04,Science and technology,https://en.wikinews.org/wiki/SpaceX_launches_first_Falcon_9_rocket,UTC,ORG
185638,SpaceX launches first Falcon 9 rocket,2010-06-04,Science and technology,https://en.wikinews.org/wiki/SpaceX_launches_first_Falcon_9_rocket,2:45 pm EDT,TIME
185638,SpaceX launches first Falcon 9 rocket,2010-06-04,Science and technology,https://en.wikinews.org/wiki/SpaceX_launches_first_Falcon_9_rocket,Kennedy Space Center,FAC
185638,SpaceX launches first Falcon 9 rocket,2010-06-04,Science and technology,https://en.wikinews.org/wiki/SpaceX_launches_first_Falcon_9_rocket,Cape Canaveral,GPE
185638,SpaceX launches first Falcon 9 rocket,2010-06-04,Science and technology,https://en.wikinews.org/wiki/SpaceX_launches_first_Falcon_9_rocket,Florida,GPE
185638,SpaceX launches first Falcon 9 rocket,2010-06-04,Science and technology,https://en.wikinews.org/wiki/SpaceX_launches_first_Falcon_9_rocket,United States,GPE
185638,SpaceX launches first Falcon 9 rocket,2010-06-04,Science and technology,https://en.wikinews.org/wiki/SpaceX_launches_first_Falcon_9_rocket,"9, second",TIME
185638,SpaceX launches first Falcon 9 rocket,2010-06-04,Science and technology,https://en.wikinews.org/wiki/SpaceX_launches_first_Falcon_9_rocket,Falcon,ORG
185638,SpaceX launches first Falcon 9 rocket,2010-06-04,Science and technology,https://en.wikinews.org/wiki/SpaceX_launches_first_Falcon_9_rocket,first,ORDINAL
185638,SpaceX launches first Falcon 9 rocket,2010-06-04,Science and technology,https://en.wikinews.org/wiki/SpaceX_launches_first_Falcon_9_rocket,nine,CARDINAL
185638,SpaceX launches first Falcon 9 rocket,2010-06-04,Science and technology,https://en.wikinews.org/wiki/SpaceX_launches_first_Falcon_9_rocket,1C,CARDINAL
185638,SpaceX launches first Falcon 9 rocket,2010-06-04,Science and technology,https://en.wikinews.org/wiki/SpaceX_launches_first_Falcon_9_rocket,second,ORDINAL
185638,SpaceX launches first Falcon 9 rocket,2010-06-04,Science and technology,https://en.wikinews.org/wiki/SpaceX_launches_first_Falcon_9_rocket,one,CARDINAL
185638,SpaceX launches first Falcon 9 rocket,2010-06-04,Science and technology,https://en.wikinews.org/wiki/SpaceX_launches_first_Falcon_9_rocket,Merlin,NORP
185638,SpaceX launches first Falcon 9 rocket,2010-06-04,Science and technology,https://en.wikinews.org/wiki/SpaceX_launches_first_Falcon_9_rocket,Today,DATE
185638,SpaceX launches first Falcon 9 rocket,2010-06-04,Science and technology,https://en.wikinews.org/wiki/SpaceX_launches_first_Falcon_9_rocket,the Dragon Spacecraft Qualification Unit,ORG
185638,SpaceX launches first Falcon 9 rocket,2010-06-04,Science and technology,https://en.wikinews.org/wiki/SpaceX_launches_first_Falcon_9_rocket,Dragon,ORG
185638,SpaceX launches first Falcon 9 rocket,2010-06-04,Science and technology,https://en.wikinews.org/wiki/SpaceX_launches_first_Falcon_9_rocket,Dragon,ORG
185638,SpaceX launches first Falcon 9 rocket,2010-06-04,Science and technology,https://en.wikinews.org/wiki/SpaceX_launches_first_Falcon_9_rocket,the International Space Station,ORG
185638,SpaceX launches first Falcon 9 rocket,2010-06-04,Science and technology,https://en.wikinews.org/wiki/SpaceX_launches_first_Falcon_9_rocket,NASA,ORG
185638,SpaceX launches first Falcon 9 rocket,2010-06-04,Science and technology,https://en.wikinews.org/wiki/SpaceX_launches_first_Falcon_9_rocket,COTS,ORG
185638,SpaceX launches first Falcon 9 rocket,2010-06-04,Science and technology,https://en.wikinews.org/wiki/SpaceX_launches_first_Falcon_9_rocket,Obama,PERSON
185638,SpaceX launches first Falcon 9 rocket,2010-06-04,Science and technology,https://en.wikinews.org/wiki/SpaceX_launches_first_Falcon_9_rocket,NASA,ORG
185638,SpaceX launches first Falcon 9 rocket,2010-06-04,Science and technology,https://en.wikinews.org/wiki/SpaceX_launches_first_Falcon_9_rocket,Obama,PERSON
185638,SpaceX launches first Falcon 9 rocket,2010-06-04,Science and technology,https://en.wikinews.org/wiki/SpaceX_launches_first_Falcon_9_rocket,NASA,ORG
185638,SpaceX launches first Falcon 9 rocket,2010-06-04,Science and technology,https://en.wikinews.org/wiki/SpaceX_launches_first_Falcon_9_rocket,LEO,ORG
185638,SpaceX launches first Falcon 9 rocket,2010-06-04,Science and technology,https://en.wikinews.org/wiki/SpaceX_launches_first_Falcon_9_rocket,NASA,ORG
185638,SpaceX launches first Falcon 9 rocket,2010-06-04,Science and technology,https://en.wikinews.org/wiki/SpaceX_launches_first_Falcon_9_rocket,SpaceX,PERSON
185638,SpaceX launches first Falcon 9 rocket,2010-06-04,Science and technology,https://en.wikinews.org/wiki/SpaceX_launches_first_Falcon_9_rocket,Elon Musk,PERSON
185638,SpaceX launches first Falcon 9 rocket,2010-06-04,Science and technology,https://en.wikinews.org/wiki/SpaceX_launches_first_Falcon_9_rocket,Musk,PERSON
185638,SpaceX launches first Falcon 9 rocket,2010-06-04,Science and technology,https://en.wikinews.org/wiki/SpaceX_launches_first_Falcon_9_rocket,Obama,PERSON
185638,SpaceX launches first Falcon 9 rocket,2010-06-04,Science and technology,https://en.wikinews.org/wiki/SpaceX_launches_first_Falcon_9_rocket,Elon Musk,PERSON
185638,SpaceX launches first Falcon 9 rocket,2010-06-04,Science and technology,https://en.wikinews.org/wiki/SpaceX_launches_first_Falcon_9_rocket,Republican,NORP
185638,SpaceX launches first Falcon 9 rocket,2010-06-04,Science and technology,https://en.wikinews.org/wiki/SpaceX_launches_first_Falcon_9_rocket,Richard Shelby,PERSON
185638,SpaceX launches first Falcon 9 rocket,2010-06-04,Science and technology,https://en.wikinews.org/wiki/SpaceX_launches_first_Falcon_9_rocket,NASA,ORG
185638,SpaceX launches first Falcon 9 rocket,2010-06-04,Science and technology,https://en.wikinews.org/wiki/SpaceX_launches_first_Falcon_9_rocket,Today,DATE
185638,SpaceX launches first Falcon 9 rocket,2010-06-04,Science and technology,https://en.wikinews.org/wiki/SpaceX_launches_first_Falcon_9_rocket,NASA,ORG
185638,SpaceX launches first Falcon 9 rocket,2010-06-04,Science and technology,https://en.wikinews.org/wiki/SpaceX_launches_first_Falcon_9_rocket,today,DATE
185638,SpaceX launches first Falcon 9 rocket,2010-06-04,Science and technology,https://en.wikinews.org/wiki/SpaceX_launches_first_Falcon_9_rocket,Musk,PERSON
185638,SpaceX launches first Falcon 9 rocket,2010-06-04,Science and technology,https://en.wikinews.org/wiki/SpaceX_launches_first_Falcon_9_rocket,Falcon,ORG
185638,SpaceX launches first Falcon 9 rocket,2010-06-04,Science and technology,https://en.wikinews.org/wiki/SpaceX_launches_first_Falcon_9_rocket,NASA,ORG
185638,SpaceX launches first Falcon 9 rocket,2010-06-04,Science and technology,https://en.wikinews.org/wiki/SpaceX_launches_first_Falcon_9_rocket,first,ORDINAL
185638,SpaceX launches first Falcon 9 rocket,2010-06-04,Science and technology,https://en.wikinews.org/wiki/SpaceX_launches_first_Falcon_9_rocket,Falcon,ORG
250064,Japan earthquake shifts Earth's axis 10 centimetres,2011-03-14,Science and technology,https://en.wikinews.org/wiki/Japan_earthquake_shifts_Earth%27s_axis_10_centimetres,Italian,NORP
250064,Japan earthquake shifts Earth's axis 10 centimetres,2011-03-14,Science and technology,https://en.wikinews.org/wiki/Japan_earthquake_shifts_Earth%27s_axis_10_centimetres,National Institute of Geophysics and Volcanology,ORG
250064,Japan earthquake shifts Earth's axis 10 centimetres,2011-03-14,Science and technology,https://en.wikinews.org/wiki/Japan_earthquake_shifts_Earth%27s_axis_10_centimetres,8.9,CARDINAL
250064,Japan earthquake shifts Earth's axis 10 centimetres,2011-03-14,Science and technology,https://en.wikinews.org/wiki/Japan_earthquake_shifts_Earth%27s_axis_10_centimetres,Japan,GPE
250064,Japan earthquake shifts Earth's axis 10 centimetres,2011-03-14,Science and technology,https://en.wikinews.org/wiki/Japan_earthquake_shifts_Earth%27s_axis_10_centimetres,Friday,DATE
250064,Japan earthquake shifts Earth's axis 10 centimetres,2011-03-14,Science and technology,https://en.wikinews.org/wiki/Japan_earthquake_shifts_Earth%27s_axis_10_centimetres,Earth,LOC
250064,Japan earthquake shifts Earth's axis 10 centimetres,2011-03-14,Science and technology,https://en.wikinews.org/wiki/Japan_earthquake_shifts_Earth%27s_axis_10_centimetres,approximately ten,CARDINAL
250064,Japan earthquake shifts Earth's axis 10 centimetres,2011-03-14,Science and technology,https://en.wikinews.org/wiki/Japan_earthquake_shifts_Earth%27s_axis_10_centimetres,Earth,LOC
250064,Japan earthquake shifts Earth's axis 10 centimetres,2011-03-14,Science and technology,https://en.wikinews.org/wiki/Japan_earthquake_shifts_Earth%27s_axis_10_centimetres,2004,DATE
250064,Japan earthquake shifts Earth's axis 10 centimetres,2011-03-14,Science and technology,https://en.wikinews.org/wiki/Japan_earthquake_shifts_Earth%27s_axis_10_centimetres,Sumatra,GPE
250064,Japan earthquake shifts Earth's axis 10 centimetres,2011-03-14,Science and technology,https://en.wikinews.org/wiki/Japan_earthquake_shifts_Earth%27s_axis_10_centimetres,l'axe de rotation de la Terre,ORG
250064,Japan earthquake shifts Earth's axis 10 centimetres,2011-03-14,Science and technology,https://en.wikinews.org/wiki/Japan_earthquake_shifts_Earth%27s_axis_10_centimetres,Sumatra,NORP
250064,Japan earthquake shifts Earth's axis 10 centimetres,2011-03-14,Science and technology,https://en.wikinews.org/wiki/Japan_earthquake_shifts_Earth%27s_axis_10_centimetres,La Nación,PERSON
250064,Japan earthquake shifts Earth's axis 10 centimetres,2011-03-14,Science and technology,https://en.wikinews.org/wiki/Japan_earthquake_shifts_Earth%27s_axis_10_centimetres,Japanese,NORP
250064,Japan earthquake shifts Earth's axis 10 centimetres,2011-03-14,Science and technology,https://en.wikinews.org/wiki/Japan_earthquake_shifts_Earth%27s_axis_10_centimetres,one hundred,CARDINAL
250064,Japan earthquake shifts Earth's axis 10 centimetres,2011-03-14,Science and technology,https://en.wikinews.org/wiki/Japan_earthquake_shifts_Earth%27s_axis_10_centimetres,Haiti,GPE
250064,Japan earthquake shifts Earth's axis 10 centimetres,2011-03-14,Science and technology,https://en.wikinews.org/wiki/Japan_earthquake_shifts_Earth%27s_axis_10_centimetres,2010,DATE
250064,Japan earthquake shifts Earth's axis 10 centimetres,2011-03-14,Science and technology,https://en.wikinews.org/wiki/Japan_earthquake_shifts_Earth%27s_axis_10_centimetres,the National Institute of Geophysics and Volcanology,ORG
250064,Japan earthquake shifts Earth's axis 10 centimetres,2011-03-14,Science and technology,https://en.wikinews.org/wiki/Japan_earthquake_shifts_Earth%27s_axis_10_centimetres,Antonio Piersanti,PERSON
250064,Japan earthquake shifts Earth's axis 10 centimetres,2011-03-14,Science and technology,https://en.wikinews.org/wiki/Japan_earthquake_shifts_Earth%27s_axis_10_centimetres,es))Spanish,NORP
250064,Japan earthquake shifts Earth's axis 10 centimetres,2011-03-14,Science and technology,https://en.wikinews.org/wiki/Japan_earthquake_shifts_Earth%27s_axis_10_centimetres,más tiempo,PERSON
250064,Japan earthquake shifts Earth's axis 10 centimetres,2011-03-14,Science and technology,https://en.wikinews.org/wiki/Japan_earthquake_shifts_Earth%27s_axis_10_centimetres,sino de cálculos,ORG
250064,Japan earthquake shifts Earth's axis 10 centimetres,2011-03-14,Science and technology,https://en.wikinews.org/wiki/Japan_earthquake_shifts_Earth%27s_axis_10_centimetres,Richard Gross,PERSON
250064,Japan earthquake shifts Earth's axis 10 centimetres,2011-03-14,Science and technology,https://en.wikinews.org/wiki/Japan_earthquake_shifts_Earth%27s_axis_10_centimetres,NASA,ORG
250064,Japan earthquake shifts Earth's axis 10 centimetres,2011-03-14,Science and technology,https://en.wikinews.org/wiki/Japan_earthquake_shifts_Earth%27s_axis_10_centimetres,Jet Propulsion Laboratory,ORG
250064,Japan earthquake shifts Earth's axis 10 centimetres,2011-03-14,Science and technology,https://en.wikinews.org/wiki/Japan_earthquake_shifts_Earth%27s_axis_10_centimetres,Earth,LOC
250064,Japan earthquake shifts Earth's axis 10 centimetres,2011-03-14,Science and technology,https://en.wikinews.org/wiki/Japan_earthquake_shifts_Earth%27s_axis_10_centimetres,2010,DATE
250064,Japan earthquake shifts Earth's axis 10 centimetres,2011-03-14,Science and technology,https://en.wikinews.org/wiki/Japan_earthquake_shifts_Earth%27s_axis_10_centimetres,Chile,GPE
250064,Japan earthquake shifts Earth's axis 10 centimetres,2011-03-14,Science and technology,https://en.wikinews.org/wiki/Japan_earthquake_shifts_Earth%27s_axis_10_centimetres,daily,DATE
250064,Japan earthquake shifts Earth's axis 10 centimetres,2011-03-14,Science and technology,https://en.wikinews.org/wiki/Japan_earthquake_shifts_Earth%27s_axis_10_centimetres,es))Spanish,NORP
250064,Japan earthquake shifts Earth's axis 10 centimetres,2011-03-14,Science and technology,https://en.wikinews.org/wiki/Japan_earthquake_shifts_Earth%27s_axis_10_centimetres,Gross,PERSON
250064,Japan earthquake shifts Earth's axis 10 centimetres,2011-03-14,Science and technology,https://en.wikinews.org/wiki/Japan_earthquake_shifts_Earth%27s_axis_10_centimetres,Earth,LOC
250064,Japan earthquake shifts Earth's axis 10 centimetres,2011-03-14,Science and technology,https://en.wikinews.org/wiki/Japan_earthquake_shifts_Earth%27s_axis_10_centimetres,Japanese,NORP
250064,Japan earthquake shifts Earth's axis 10 centimetres,2011-03-14,Science and technology,https://en.wikinews.org/wiki/Japan_earthquake_shifts_Earth%27s_axis_10_centimetres,Earth,LOC
250064,Japan earthquake shifts Earth's axis 10 centimetres,2011-03-14,Science and technology,https://en.wikinews.org/wiki/Japan_earthquake_shifts_Earth%27s_axis_10_centimetres,about 1.6,CARDINAL
250064,Japan earthquake shifts Earth's axis 10 centimetres,2011-03-14,Science and technology,https://en.wikinews.org/wiki/Japan_earthquake_shifts_Earth%27s_axis_10_centimetres,es))Spanish,LANGUAGE
250064,Japan earthquake shifts Earth's axis 10 centimetres,2011-03-14,Science and technology,https://en.wikinews.org/wiki/Japan_earthquake_shifts_Earth%27s_axis_10_centimetres,‍Aunque,NORP
250064,Japan earthquake shifts Earth's axis 10 centimetres,2011-03-14,Science and technology,https://en.wikinews.org/wiki/Japan_earthquake_shifts_Earth%27s_axis_10_centimetres,indican,NORP
250064,Japan earthquake shifts Earth's axis 10 centimetres,2011-03-14,Science and technology,https://en.wikinews.org/wiki/Japan_earthquake_shifts_Earth%27s_axis_10_centimetres,el cambio de la,PERSON
250064,Japan earthquake shifts Earth's axis 10 centimetres,2011-03-14,Science and technology,https://en.wikinews.org/wiki/Japan_earthquake_shifts_Earth%27s_axis_10_centimetres,distribución de la masa,PERSON
250064,Japan earthquake shifts Earth's axis 10 centimetres,2011-03-14,Science and technology,https://en.wikinews.org/wiki/Japan_earthquake_shifts_Earth%27s_axis_10_centimetres,terrestre causado,PERSON
250064,Japan earthquake shifts Earth's axis 10 centimetres,2011-03-14,Science and technology,https://en.wikinews.org/wiki/Japan_earthquake_shifts_Earth%27s_axis_10_centimetres,el terremoto,ORG
250064,Japan earthquake shifts Earth's axis 10 centimetres,2011-03-14,Science and technology,https://en.wikinews.org/wiki/Japan_earthquake_shifts_Earth%27s_axis_10_centimetres,haber hecho,PERSON
250064,Japan earthquake shifts Earth's axis 10 centimetres,2011-03-14,Science and technology,https://en.wikinews.org/wiki/Japan_earthquake_shifts_Earth%27s_axis_10_centimetres,la duración del día,FAC
250064,Japan earthquake shifts Earth's axis 10 centimetres,2011-03-14,Science and technology,https://en.wikinews.org/wiki/Japan_earthquake_shifts_Earth%27s_axis_10_centimetres,"1,6",CARDINAL
250064,Japan earthquake shifts Earth's axis 10 centimetres,2011-03-14,Science and technology,https://en.wikinews.org/wiki/Japan_earthquake_shifts_Earth%27s_axis_10_centimetres,Earth,LOC
250064,Japan earthquake shifts Earth's axis 10 centimetres,2011-03-14,Science and technology,https://en.wikinews.org/wiki/Japan_earthquake_shifts_Earth%27s_axis_10_centimetres,es))Spanish,NORP
250064,Japan earthquake shifts Earth's axis 10 centimetres,2011-03-14,Science and technology,https://en.wikinews.org/wiki/Japan_earthquake_shifts_Earth%27s_axis_10_centimetres,del eje de rotación de la Tierra,ORG
250064,Japan earthquake shifts Earth's axis 10 centimetres,2011-03-14,Science and technology,https://en.wikinews.org/wiki/Japan_earthquake_shifts_Earth%27s_axis_10_centimetres,se tambalee,PERSON
250064,Japan earthquake shifts Earth's axis 10 centimetres,2011-03-14,Science and technology,https://en.wikinews.org/wiki/Japan_earthquake_shifts_Earth%27s_axis_10_centimetres,ya que,PERSON
7679,Mozilla Foundation prepares third Firefox security update,2005-04-09,Science and technology,https://en.wikinews.org/wiki/Mozilla_Foundation_prepares_third_Firefox_security_update,The Mozilla Foundation,ORG
7679,Mozilla Foundation prepares third Firefox security update,2005-04-09,Science and technology,https://en.wikinews.org/wiki/Mozilla_Foundation_prepares_third_Firefox_security_update,third,ORDINAL
7679,Mozilla Foundation prepares third Firefox security update,2005-04-09,Science and technology,https://en.wikinews.org/wiki/Mozilla_Foundation_prepares_third_Firefox_security_update,Firefox,PERSON
7679,Mozilla Foundation prepares third Firefox security update,2005-04-09,Science and technology,https://en.wikinews.org/wiki/Mozilla_Foundation_prepares_third_Firefox_security_update,Secunia,GPE
7679,Mozilla Foundation prepares third Firefox security update,2005-04-09,Science and technology,https://en.wikinews.org/wiki/Mozilla_Foundation_prepares_third_Firefox_security_update,Firefox,ORG
7679,Mozilla Foundation prepares third Firefox security update,2005-04-09,Science and technology,https://en.wikinews.org/wiki/Mozilla_Foundation_prepares_third_Firefox_security_update,Secunia,GPE
7679,Mozilla Foundation prepares third Firefox security update,2005-04-09,Science and technology,https://en.wikinews.org/wiki/Mozilla_Foundation_prepares_third_Firefox_security_update,Secunia,GPE
7679,Mozilla Foundation prepares third Firefox security update,2005-04-09,Science and technology,https://en.wikinews.org/wiki/Mozilla_Foundation_prepares_third_Firefox_security_update,Javascript,PERSON
7679,Mozilla Foundation prepares third Firefox security update,2005-04-09,Science and technology,https://en.wikinews.org/wiki/Mozilla_Foundation_prepares_third_Firefox_security_update,third,ORDINAL
7679,Mozilla Foundation prepares third Firefox security update,2005-04-09,Science and technology,https://en.wikinews.org/wiki/Mozilla_Foundation_prepares_third_Firefox_security_update,1.0.2,CARDINAL
7679,Mozilla Foundation prepares third Firefox security update,2005-04-09,Science and technology,https://en.wikinews.org/wiki/Mozilla_Foundation_prepares_third_Firefox_security_update,March 23,DATE
7679,Mozilla Foundation prepares third Firefox security update,2005-04-09,Science and technology,https://en.wikinews.org/wiki/Mozilla_Foundation_prepares_third_Firefox_security_update,4.7,CARDINAL
7679,Mozilla Foundation prepares third Firefox security update,2005-04-09,Science and technology,https://en.wikinews.org/wiki/Mozilla_Foundation_prepares_third_Firefox_security_update,MB,ORG
7679,Mozilla Foundation prepares third Firefox security update,2005-04-09,Science and technology,https://en.wikinews.org/wiki/Mozilla_Foundation_prepares_third_Firefox_security_update,Microsoft,ORG
7679,Mozilla Foundation prepares third Firefox security update,2005-04-09,Science and technology,https://en.wikinews.org/wiki/Mozilla_Foundation_prepares_third_Firefox_security_update,Mozilla,PERSON
7679,Mozilla Foundation prepares third Firefox security update,2005-04-09,Science and technology,https://en.wikinews.org/wiki/Mozilla_Foundation_prepares_third_Firefox_security_update,Extensions,ORG
723166,Study: Taste of beer causes chemical reward in male brain,2013-04-16,Science and technology,https://en.wikinews.org/wiki/Study:_Taste_of_beer_causes_chemical_reward_in_male_brain,yesterday,DATE
723166,Study: Taste of beer causes chemical reward in male brain,2013-04-16,Science and technology,https://en.wikinews.org/wiki/Study:_Taste_of_beer_causes_chemical_reward_in_male_brain,the Indiana University School of Medicine,ORG
723166,Study: Taste of beer causes chemical reward in male brain,2013-04-16,Science and technology,https://en.wikinews.org/wiki/Study:_Taste_of_beer_causes_chemical_reward_in_male_brain,drug-,ORG
723166,Study: Taste of beer causes chemical reward in male brain,2013-04-16,Science and technology,https://en.wikinews.org/wiki/Study:_Taste_of_beer_causes_chemical_reward_in_male_brain,15,CARDINAL
723166,Study: Taste of beer causes chemical reward in male brain,2013-04-16,Science and technology,https://en.wikinews.org/wiki/Study:_Taste_of_beer_causes_chemical_reward_in_male_brain,15 minutes,TIME
723166,Study: Taste of beer causes chemical reward in male brain,2013-04-16,Science and technology,https://en.wikinews.org/wiki/Study:_Taste_of_beer_causes_chemical_reward_in_male_brain,15,CARDINAL
723166,Study: Taste of beer causes chemical reward in male brain,2013-04-16,Science and technology,https://en.wikinews.org/wiki/Study:_Taste_of_beer_causes_chemical_reward_in_male_brain,Brain,ORG
723166,Study: Taste of beer causes chemical reward in male brain,2013-04-16,Science and technology,https://en.wikinews.org/wiki/Study:_Taste_of_beer_causes_chemical_reward_in_male_brain,David A. Kareken,PERSON
723166,Study: Taste of beer causes chemical reward in male brain,2013-04-16,Science and technology,https://en.wikinews.org/wiki/Study:_Taste_of_beer_causes_chemical_reward_in_male_brain,first,ORDINAL
723166,Study: Taste of beer causes chemical reward in male brain,2013-04-16,Science and technology,https://en.wikinews.org/wiki/Study:_Taste_of_beer_causes_chemical_reward_in_male_brain,Peter Anderson,PERSON
723166,Study: Taste of beer causes chemical reward in male brain,2013-04-16,Science and technology,https://en.wikinews.org/wiki/Study:_Taste_of_beer_causes_chemical_reward_in_male_brain,Newcastle University,ORG
723166,Study: Taste of beer causes chemical reward in male brain,2013-04-16,Science and technology,https://en.wikinews.org/wiki/Study:_Taste_of_beer_causes_chemical_reward_in_male_brain,UK,GPE
108421,Technology giants battle for USB 3.0 standards,2008-06-24,Science and technology,https://en.wikinews.org/wiki/Technology_giants_battle_for_USB_3.0_standards,USB,ORG
108421,Technology giants battle for USB 3.0 standards,2008-06-24,Science and technology,https://en.wikinews.org/wiki/Technology_giants_battle_for_USB_3.0_standards,3.0,CARDINAL
108421,Technology giants battle for USB 3.0 standards,2008-06-24,Science and technology,https://en.wikinews.org/wiki/Technology_giants_battle_for_USB_3.0_standards,2009,DATE
108421,Technology giants battle for USB 3.0 standards,2008-06-24,Science and technology,https://en.wikinews.org/wiki/Technology_giants_battle_for_USB_3.0_standards,2010,DATE
108421,Technology giants battle for USB 3.0 standards,2008-06-24,Science and technology,https://en.wikinews.org/wiki/Technology_giants_battle_for_USB_3.0_standards,Intel,ORG
108421,Technology giants battle for USB 3.0 standards,2008-06-24,Science and technology,https://en.wikinews.org/wiki/Technology_giants_battle_for_USB_3.0_standards,AMD,ORG
108421,Technology giants battle for USB 3.0 standards,2008-06-24,Science and technology,https://en.wikinews.org/wiki/Technology_giants_battle_for_USB_3.0_standards,nVidia,ORG
108421,Technology giants battle for USB 3.0 standards,2008-06-24,Science and technology,https://en.wikinews.org/wiki/Technology_giants_battle_for_USB_3.0_standards,USB,ORG
108421,Technology giants battle for USB 3.0 standards,2008-06-24,Science and technology,https://en.wikinews.org/wiki/Technology_giants_battle_for_USB_3.0_standards,3.0,PRODUCT
108421,Technology giants battle for USB 3.0 standards,2008-06-24,Science and technology,https://en.wikinews.org/wiki/Technology_giants_battle_for_USB_3.0_standards,1995,DATE
108421,Technology giants battle for USB 3.0 standards,2008-06-24,Science and technology,https://en.wikinews.org/wiki/Technology_giants_battle_for_USB_3.0_standards,Intel,ORG
108421,Technology giants battle for USB 3.0 standards,2008-06-24,Science and technology,https://en.wikinews.org/wiki/Technology_giants_battle_for_USB_3.0_standards,Microsoft,ORG
108421,Technology giants battle for USB 3.0 standards,2008-06-24,Science and technology,https://en.wikinews.org/wiki/Technology_giants_battle_for_USB_3.0_standards,Hewlett-Packard,ORG
108421,Technology giants battle for USB 3.0 standards,2008-06-24,Science and technology,https://en.wikinews.org/wiki/Technology_giants_battle_for_USB_3.0_standards,Texas Instruments,ORG
108421,Technology giants battle for USB 3.0 standards,2008-06-24,Science and technology,https://en.wikinews.org/wiki/Technology_giants_battle_for_USB_3.0_standards,NEC,ORG
108421,Technology giants battle for USB 3.0 standards,2008-06-24,Science and technology,https://en.wikinews.org/wiki/Technology_giants_battle_for_USB_3.0_standards,NXP Semiconductors,ORG
108421,Technology giants battle for USB 3.0 standards,2008-06-24,Science and technology,https://en.wikinews.org/wiki/Technology_giants_battle_for_USB_3.0_standards,AMD,ORG
108421,Technology giants battle for USB 3.0 standards,2008-06-24,Science and technology,https://en.wikinews.org/wiki/Technology_giants_battle_for_USB_3.0_standards,nVidia,ORG
108421,Technology giants battle for USB 3.0 standards,2008-06-24,Science and technology,https://en.wikinews.org/wiki/Technology_giants_battle_for_USB_3.0_standards,VIA Technologies,ORG
108421,Technology giants battle for USB 3.0 standards,2008-06-24,Science and technology,https://en.wikinews.org/wiki/Technology_giants_battle_for_USB_3.0_standards,3.0,PRODUCT
108421,Technology giants battle for USB 3.0 standards,2008-06-24,Science and technology,https://en.wikinews.org/wiki/Technology_giants_battle_for_USB_3.0_standards,Intel,ORG
108421,Technology giants battle for USB 3.0 standards,2008-06-24,Science and technology,https://en.wikinews.org/wiki/Technology_giants_battle_for_USB_3.0_standards,Intel,ORG
108421,Technology giants battle for USB 3.0 standards,2008-06-24,Science and technology,https://en.wikinews.org/wiki/Technology_giants_battle_for_USB_3.0_standards,USB,ORG
108421,Technology giants battle for USB 3.0 standards,2008-06-24,Science and technology,https://en.wikinews.org/wiki/Technology_giants_battle_for_USB_3.0_standards,USB,ORG
108421,Technology giants battle for USB 3.0 standards,2008-06-24,Science and technology,https://en.wikinews.org/wiki/Technology_giants_battle_for_USB_3.0_standards,3.0,PRODUCT
108421,Technology giants battle for USB 3.0 standards,2008-06-24,Science and technology,https://en.wikinews.org/wiki/Technology_giants_battle_for_USB_3.0_standards,two,CARDINAL
108421,Technology giants battle for USB 3.0 standards,2008-06-24,Science and technology,https://en.wikinews.org/wiki/Technology_giants_battle_for_USB_3.0_standards,the Federal Trade Commission,ORG
108421,Technology giants battle for USB 3.0 standards,2008-06-24,Science and technology,https://en.wikinews.org/wiki/Technology_giants_battle_for_USB_3.0_standards,Intel,ORG
108421,Technology giants battle for USB 3.0 standards,2008-06-24,Science and technology,https://en.wikinews.org/wiki/Technology_giants_battle_for_USB_3.0_standards,USB,ORG
108421,Technology giants battle for USB 3.0 standards,2008-06-24,Science and technology,https://en.wikinews.org/wiki/Technology_giants_battle_for_USB_3.0_standards,the Federal Trade Commission,ORG
108421,Technology giants battle for USB 3.0 standards,2008-06-24,Science and technology,https://en.wikinews.org/wiki/Technology_giants_battle_for_USB_3.0_standards,Nick Knupffer,PERSON
108421,Technology giants battle for USB 3.0 standards,2008-06-24,Science and technology,https://en.wikinews.org/wiki/Technology_giants_battle_for_USB_3.0_standards,Intel,ORG
108421,Technology giants battle for USB 3.0 standards,2008-06-24,Science and technology,https://en.wikinews.org/wiki/Technology_giants_battle_for_USB_3.0_standards,Intel,ORG
108421,Technology giants battle for USB 3.0 standards,2008-06-24,Science and technology,https://en.wikinews.org/wiki/Technology_giants_battle_for_USB_3.0_standards,USB 3.0,ORG
57107,Wikipedia founder Jimmy Wales to start wiki-based search engine,2006-12-24,Science and technology,https://en.wikinews.org/wiki/Wikipedia_founder_Jimmy_Wales_to_start_wiki-based_search_engine,Jimmy Wales,PERSON
57107,Wikipedia founder Jimmy Wales to start wiki-based search engine,2006-12-24,Science and technology,https://en.wikinews.org/wiki/Wikipedia_founder_Jimmy_Wales_to_start_wiki-based_search_engine,Wikipedia,ORG
57107,Wikipedia founder Jimmy Wales to start wiki-based search engine,2006-12-24,Science and technology,https://en.wikinews.org/wiki/Wikipedia_founder_Jimmy_Wales_to_start_wiki-based_search_engine,Wikia,ORG
57107,Wikipedia founder Jimmy Wales to start wiki-based search engine,2006-12-24,Science and technology,https://en.wikinews.org/wiki/Wikipedia_founder_Jimmy_Wales_to_start_wiki-based_search_engine,early 2007,DATE
57107,Wikipedia founder Jimmy Wales to start wiki-based search engine,2006-12-24,Science and technology,https://en.wikinews.org/wiki/Wikipedia_founder_Jimmy_Wales_to_start_wiki-based_search_engine,Google,ORG
57107,Wikipedia founder Jimmy Wales to start wiki-based search engine,2006-12-24,Science and technology,https://en.wikinews.org/wiki/Wikipedia_founder_Jimmy_Wales_to_start_wiki-based_search_engine,Wales,PERSON
57107,Wikipedia founder Jimmy Wales to start wiki-based search engine,2006-12-24,Science and technology,https://en.wikinews.org/wiki/Wikipedia_founder_Jimmy_Wales_to_start_wiki-based_search_engine,UK,GPE
57107,Wikipedia founder Jimmy Wales to start wiki-based search engine,2006-12-24,Science and technology,https://en.wikinews.org/wiki/Wikipedia_founder_Jimmy_Wales_to_start_wiki-based_search_engine,Times,ORG
57107,Wikipedia founder Jimmy Wales to start wiki-based search engine,2006-12-24,Science and technology,https://en.wikinews.org/wiki/Wikipedia_founder_Jimmy_Wales_to_start_wiki-based_search_engine,Tampa,GPE
57107,Wikipedia founder Jimmy Wales to start wiki-based search engine,2006-12-24,Science and technology,https://en.wikinews.org/wiki/Wikipedia_founder_Jimmy_Wales_to_start_wiki-based_search_engine,Wikiasari,WORK_OF_ART
57107,Wikipedia founder Jimmy Wales to start wiki-based search engine,2006-12-24,Science and technology,https://en.wikinews.org/wiki/Wikipedia_founder_Jimmy_Wales_to_start_wiki-based_search_engine,Wales,ORG
57107,Wikipedia founder Jimmy Wales to start wiki-based search engine,2006-12-24,Science and technology,https://en.wikinews.org/wiki/Wikipedia_founder_Jimmy_Wales_to_start_wiki-based_search_engine,Amazon,ORG
57107,Wikipedia founder Jimmy Wales to start wiki-based search engine,2006-12-24,Science and technology,https://en.wikinews.org/wiki/Wikipedia_founder_Jimmy_Wales_to_start_wiki-based_search_engine,A9,ORG
57107,Wikipedia founder Jimmy Wales to start wiki-based search engine,2006-12-24,Science and technology,https://en.wikinews.org/wiki/Wikipedia_founder_Jimmy_Wales_to_start_wiki-based_search_engine,Wikipedia,ORG
57107,Wikipedia founder Jimmy Wales to start wiki-based search engine,2006-12-24,Science and technology,https://en.wikinews.org/wiki/Wikipedia_founder_Jimmy_Wales_to_start_wiki-based_search_engine,Wikiasari,WORK_OF_ART
57107,Wikipedia founder Jimmy Wales to start wiki-based search engine,2006-12-24,Science and technology,https://en.wikinews.org/wiki/Wikipedia_founder_Jimmy_Wales_to_start_wiki-based_search_engine,Hawaiian,NORP
57107,Wikipedia founder Jimmy Wales to start wiki-based search engine,2006-12-24,Science and technology,https://en.wikinews.org/wiki/Wikipedia_founder_Jimmy_Wales_to_start_wiki-based_search_engine,asari,PERSON
57107,Wikipedia founder Jimmy Wales to start wiki-based search engine,2006-12-24,Science and technology,https://en.wikinews.org/wiki/Wikipedia_founder_Jimmy_Wales_to_start_wiki-based_search_engine,Japanese,NORP
10367,Endangered cow cloned in Brazil,2005-05-22,Science and technology,https://en.wikinews.org/wiki/Endangered_cow_cloned_in_Brazil,Brazil,GPE
10367,Endangered cow cloned in Brazil,2005-05-22,Science and technology,https://en.wikinews.org/wiki/Endangered_cow_cloned_in_Brazil,The Brazilian Agricultural Research Corporation,ORG
10367,Endangered cow cloned in Brazil,2005-05-22,Science and technology,https://en.wikinews.org/wiki/Endangered_cow_cloned_in_Brazil,"the Brazilian Ministry of Agriculture, Livestock and Supply",ORG
10367,Endangered cow cloned in Brazil,2005-05-22,Science and technology,https://en.wikinews.org/wiki/Endangered_cow_cloned_in_Brazil,two,CARDINAL
10367,Endangered cow cloned in Brazil,2005-05-22,Science and technology,https://en.wikinews.org/wiki/Endangered_cow_cloned_in_Brazil,Junqueira,PERSON
10367,Endangered cow cloned in Brazil,2005-05-22,Science and technology,https://en.wikinews.org/wiki/Endangered_cow_cloned_in_Brazil,Junqueira,PERSON
10367,Endangered cow cloned in Brazil,2005-05-22,Science and technology,https://en.wikinews.org/wiki/Endangered_cow_cloned_in_Brazil,less than 100,CARDINAL
10367,Endangered cow cloned in Brazil,2005-05-22,Science and technology,https://en.wikinews.org/wiki/Endangered_cow_cloned_in_Brazil,Brazilian,NORP
10367,Endangered cow cloned in Brazil,2005-05-22,Science and technology,https://en.wikinews.org/wiki/Endangered_cow_cloned_in_Brazil,nine year old,DATE
10367,Endangered cow cloned in Brazil,2005-05-22,Science and technology,https://en.wikinews.org/wiki/Endangered_cow_cloned_in_Brazil,first,ORDINAL
10367,Endangered cow cloned in Brazil,2005-05-22,Science and technology,https://en.wikinews.org/wiki/Endangered_cow_cloned_in_Brazil,April 10,DATE
10367,Endangered cow cloned in Brazil,2005-05-22,Science and technology,https://en.wikinews.org/wiki/Endangered_cow_cloned_in_Brazil,55,CARDINAL
10367,Endangered cow cloned in Brazil,2005-05-22,Science and technology,https://en.wikinews.org/wiki/Endangered_cow_cloned_in_Brazil,25 kg,QUANTITY
10367,Endangered cow cloned in Brazil,2005-05-22,Science and technology,https://en.wikinews.org/wiki/Endangered_cow_cloned_in_Brazil,292 days,DATE
10367,Endangered cow cloned in Brazil,2005-05-22,Science and technology,https://en.wikinews.org/wiki/Endangered_cow_cloned_in_Brazil,Potira,WORK_OF_ART
10367,Endangered cow cloned in Brazil,2005-05-22,Science and technology,https://en.wikinews.org/wiki/Endangered_cow_cloned_in_Brazil,second,ORDINAL
10367,Endangered cow cloned in Brazil,2005-05-22,Science and technology,https://en.wikinews.org/wiki/Endangered_cow_cloned_in_Brazil,64,CARDINAL
10367,Endangered cow cloned in Brazil,2005-05-22,Science and technology,https://en.wikinews.org/wiki/Endangered_cow_cloned_in_Brazil,29 kg,QUANTITY
10367,Endangered cow cloned in Brazil,2005-05-22,Science and technology,https://en.wikinews.org/wiki/Endangered_cow_cloned_in_Brazil,April 24,DATE
10367,Endangered cow cloned in Brazil,2005-05-22,Science and technology,https://en.wikinews.org/wiki/Endangered_cow_cloned_in_Brazil,290-day,DATE
10367,Endangered cow cloned in Brazil,2005-05-22,Science and technology,https://en.wikinews.org/wiki/Endangered_cow_cloned_in_Brazil,Junqueira,PERSON
10367,Endangered cow cloned in Brazil,2005-05-22,Science and technology,https://en.wikinews.org/wiki/Endangered_cow_cloned_in_Brazil,first,ORDINAL
10367,Endangered cow cloned in Brazil,2005-05-22,Science and technology,https://en.wikinews.org/wiki/Endangered_cow_cloned_in_Brazil,Brazil,GPE
10367,Endangered cow cloned in Brazil,2005-05-22,Science and technology,https://en.wikinews.org/wiki/Endangered_cow_cloned_in_Brazil,Spanish,LANGUAGE
10367,Endangered cow cloned in Brazil,2005-05-22,Science and technology,https://en.wikinews.org/wiki/Endangered_cow_cloned_in_Brazil,Portuguese,NORP
10367,Endangered cow cloned in Brazil,2005-05-22,Science and technology,https://en.wikinews.org/wiki/Endangered_cow_cloned_in_Brazil,São Paulo,PERSON
10367,Endangered cow cloned in Brazil,2005-05-22,Science and technology,https://en.wikinews.org/wiki/Endangered_cow_cloned_in_Brazil,the 18th and 19th centuries,DATE
10367,Endangered cow cloned in Brazil,2005-05-22,Science and technology,https://en.wikinews.org/wiki/Endangered_cow_cloned_in_Brazil,Brazilian,NORP
10367,Endangered cow cloned in Brazil,2005-05-22,Science and technology,https://en.wikinews.org/wiki/Endangered_cow_cloned_in_Brazil,Embrapa,PERSON
10367,Endangered cow cloned in Brazil,2005-05-22,Science and technology,https://en.wikinews.org/wiki/Endangered_cow_cloned_in_Brazil,Arthur da Silva Mariante,PERSON
10367,Endangered cow cloned in Brazil,2005-05-22,Science and technology,https://en.wikinews.org/wiki/Endangered_cow_cloned_in_Brazil,Lílian Iguma,PERSON
129614,Foxconn employee commits suicide over missing iPhone in China,2009-07-22,Science and technology,https://en.wikinews.org/wiki/Foxconn_employee_commits_suicide_over_missing_iPhone_in_China,Sun Danyong,ORG
129614,Foxconn employee commits suicide over missing iPhone in China,2009-07-22,Science and technology,https://en.wikinews.org/wiki/Foxconn_employee_commits_suicide_over_missing_iPhone_in_China,25-year-old,DATE
129614,Foxconn employee commits suicide over missing iPhone in China,2009-07-22,Science and technology,https://en.wikinews.org/wiki/Foxconn_employee_commits_suicide_over_missing_iPhone_in_China,Foxconn,GPE
129614,Foxconn employee commits suicide over missing iPhone in China,2009-07-22,Science and technology,https://en.wikinews.org/wiki/Foxconn_employee_commits_suicide_over_missing_iPhone_in_China,the 12th,DATE
129614,Foxconn employee commits suicide over missing iPhone in China,2009-07-22,Science and technology,https://en.wikinews.org/wiki/Foxconn_employee_commits_suicide_over_missing_iPhone_in_China,Shenzhen,GPE
129614,Foxconn employee commits suicide over missing iPhone in China,2009-07-22,Science and technology,https://en.wikinews.org/wiki/Foxconn_employee_commits_suicide_over_missing_iPhone_in_China,China,GPE
129614,Foxconn employee commits suicide over missing iPhone in China,2009-07-22,Science and technology,https://en.wikinews.org/wiki/Foxconn_employee_commits_suicide_over_missing_iPhone_in_China,iPhone,ORG
129614,Foxconn employee commits suicide over missing iPhone in China,2009-07-22,Science and technology,https://en.wikinews.org/wiki/Foxconn_employee_commits_suicide_over_missing_iPhone_in_China,Foxconn,GPE
129614,Foxconn employee commits suicide over missing iPhone in China,2009-07-22,Science and technology,https://en.wikinews.org/wiki/Foxconn_employee_commits_suicide_over_missing_iPhone_in_China,iPhone,ORG
129614,Foxconn employee commits suicide over missing iPhone in China,2009-07-22,Science and technology,https://en.wikinews.org/wiki/Foxconn_employee_commits_suicide_over_missing_iPhone_in_China,Guanlan,GPE
129614,Foxconn employee commits suicide over missing iPhone in China,2009-07-22,Science and technology,https://en.wikinews.org/wiki/Foxconn_employee_commits_suicide_over_missing_iPhone_in_China,Bao'an District,GPE
129614,Foxconn employee commits suicide over missing iPhone in China,2009-07-22,Science and technology,https://en.wikinews.org/wiki/Foxconn_employee_commits_suicide_over_missing_iPhone_in_China,Shenzhen,GPE
129614,Foxconn employee commits suicide over missing iPhone in China,2009-07-22,Science and technology,https://en.wikinews.org/wiki/Foxconn_employee_commits_suicide_over_missing_iPhone_in_China,Harbin Institute of Technology,ORG
129614,Foxconn employee commits suicide over missing iPhone in China,2009-07-22,Science and technology,https://en.wikinews.org/wiki/Foxconn_employee_commits_suicide_over_missing_iPhone_in_China,last year,DATE
129614,Foxconn employee commits suicide over missing iPhone in China,2009-07-22,Science and technology,https://en.wikinews.org/wiki/Foxconn_employee_commits_suicide_over_missing_iPhone_in_China,iPhones,ORG
129614,Foxconn employee commits suicide over missing iPhone in China,2009-07-22,Science and technology,https://en.wikinews.org/wiki/Foxconn_employee_commits_suicide_over_missing_iPhone_in_China,July 9,DATE
129614,Foxconn employee commits suicide over missing iPhone in China,2009-07-22,Science and technology,https://en.wikinews.org/wiki/Foxconn_employee_commits_suicide_over_missing_iPhone_in_China,The next day,DATE
129614,Foxconn employee commits suicide over missing iPhone in China,2009-07-22,Science and technology,https://en.wikinews.org/wiki/Foxconn_employee_commits_suicide_over_missing_iPhone_in_China,one,CARDINAL
129614,Foxconn employee commits suicide over missing iPhone in China,2009-07-22,Science and technology,https://en.wikinews.org/wiki/Foxconn_employee_commits_suicide_over_missing_iPhone_in_China,Apple,ORG
129614,Foxconn employee commits suicide over missing iPhone in China,2009-07-22,Science and technology,https://en.wikinews.org/wiki/Foxconn_employee_commits_suicide_over_missing_iPhone_in_China,Sun,ORG
129614,Foxconn employee commits suicide over missing iPhone in China,2009-07-22,Science and technology,https://en.wikinews.org/wiki/Foxconn_employee_commits_suicide_over_missing_iPhone_in_China,July 13,DATE
129614,Foxconn employee commits suicide over missing iPhone in China,2009-07-22,Science and technology,https://en.wikinews.org/wiki/Foxconn_employee_commits_suicide_over_missing_iPhone_in_China,Foxconn,GPE
129614,Foxconn employee commits suicide over missing iPhone in China,2009-07-22,Science and technology,https://en.wikinews.org/wiki/Foxconn_employee_commits_suicide_over_missing_iPhone_in_China,two days later,DATE
129614,Foxconn employee commits suicide over missing iPhone in China,2009-07-22,Science and technology,https://en.wikinews.org/wiki/Foxconn_employee_commits_suicide_over_missing_iPhone_in_China,Sun,ORG
129614,Foxconn employee commits suicide over missing iPhone in China,2009-07-22,Science and technology,https://en.wikinews.org/wiki/Foxconn_employee_commits_suicide_over_missing_iPhone_in_China,Sun,ORG
2854354,Simple animals could live in Martian brines: Wikinews interviews planetary scientist Vlada Stamenković,2019-01-09,Science and technology,https://en.wikinews.org/wiki/Simple_animals_could_live_in_Martian_brines:_Wikinews_interviews_planetary_scientist_Vlada_Stamenkovi%C4%87,Vlada Stamenković,PERSON
2854354,Simple animals could live in Martian brines: Wikinews interviews planetary scientist Vlada Stamenković,2019-01-09,Science and technology,https://en.wikinews.org/wiki/Simple_animals_could_live_in_Martian_brines:_Wikinews_interviews_planetary_scientist_Vlada_Stamenkovi%C4%87,the NASA Jet Propulsion Laboratory,ORG
2854354,Simple animals could live in Martian brines: Wikinews interviews planetary scientist Vlada Stamenković,2019-01-09,Science and technology,https://en.wikinews.org/wiki/Simple_animals_could_live_in_Martian_brines:_Wikinews_interviews_planetary_scientist_Vlada_Stamenkovi%C4%87,Martian,NORP
2854354,Simple animals could live in Martian brines: Wikinews interviews planetary scientist Vlada Stamenković,2019-01-09,Science and technology,https://en.wikinews.org/wiki/Simple_animals_could_live_in_Martian_brines:_Wikinews_interviews_planetary_scientist_Vlada_Stamenkovi%C4%87,Nature,WORK_OF_ART
2854354,Simple animals could live in Martian brines: Wikinews interviews planetary scientist Vlada Stamenković,2019-01-09,Science and technology,https://en.wikinews.org/wiki/Simple_animals_could_live_in_Martian_brines:_Wikinews_interviews_planetary_scientist_Vlada_Stamenkovi%C4%87,October 22,DATE
2854354,Simple animals could live in Martian brines: Wikinews interviews planetary scientist Vlada Stamenković,2019-01-09,Science and technology,https://en.wikinews.org/wiki/Simple_animals_could_live_in_Martian_brines:_Wikinews_interviews_planetary_scientist_Vlada_Stamenkovi%C4%87,Mars,LOC
2854354,Simple animals could live in Martian brines: Wikinews interviews planetary scientist Vlada Stamenković,2019-01-09,Science and technology,https://en.wikinews.org/wiki/Simple_animals_could_live_in_Martian_brines:_Wikinews_interviews_planetary_scientist_Vlada_Stamenkovi%C4%87,0.6%,PERCENT
2854354,Simple animals could live in Martian brines: Wikinews interviews planetary scientist Vlada Stamenković,2019-01-09,Science and technology,https://en.wikinews.org/wiki/Simple_animals_could_live_in_Martian_brines:_Wikinews_interviews_planetary_scientist_Vlada_Stamenkovi%C4%87,Earth,LOC
2854354,Simple animals could live in Martian brines: Wikinews interviews planetary scientist Vlada Stamenković,2019-01-09,Science and technology,https://en.wikinews.org/wiki/Simple_animals_could_live_in_Martian_brines:_Wikinews_interviews_planetary_scientist_Vlada_Stamenkovi%C4%87,only 0.145%,PERCENT
2854354,Simple animals could live in Martian brines: Wikinews interviews planetary scientist Vlada Stamenković,2019-01-09,Science and technology,https://en.wikinews.org/wiki/Simple_animals_could_live_in_Martian_brines:_Wikinews_interviews_planetary_scientist_Vlada_Stamenkovi%C4%87,Martian,NORP
2854354,Simple animals could live in Martian brines: Wikinews interviews planetary scientist Vlada Stamenković,2019-01-09,Science and technology,https://en.wikinews.org/wiki/Simple_animals_could_live_in_Martian_brines:_Wikinews_interviews_planetary_scientist_Vlada_Stamenkovi%C4%87,these minute,TIME
2854354,Simple animals could live in Martian brines: Wikinews interviews planetary scientist Vlada Stamenković,2019-01-09,Science and technology,https://en.wikinews.org/wiki/Simple_animals_could_live_in_Martian_brines:_Wikinews_interviews_planetary_scientist_Vlada_Stamenkovi%C4%87,Earth,LOC
2854354,Simple animals could live in Martian brines: Wikinews interviews planetary scientist Vlada Stamenković,2019-01-09,Science and technology,https://en.wikinews.org/wiki/Simple_animals_could_live_in_Martian_brines:_Wikinews_interviews_planetary_scientist_Vlada_Stamenkovi%C4%87,Earth,LOC
2854354,Simple animals could live in Martian brines: Wikinews interviews planetary scientist Vlada Stamenković,2019-01-09,Science and technology,https://en.wikinews.org/wiki/Simple_animals_could_live_in_Martian_brines:_Wikinews_interviews_planetary_scientist_Vlada_Stamenkovi%C4%87,five,CARDINAL
2854354,Simple animals could live in Martian brines: Wikinews interviews planetary scientist Vlada Stamenković,2019-01-09,Science and technology,https://en.wikinews.org/wiki/Simple_animals_could_live_in_Martian_brines:_Wikinews_interviews_planetary_scientist_Vlada_Stamenkovi%C4%87,National Geographic,ORG
2854354,Simple animals could live in Martian brines: Wikinews interviews planetary scientist Vlada Stamenković,2019-01-09,Science and technology,https://en.wikinews.org/wiki/Simple_animals_could_live_in_Martian_brines:_Wikinews_interviews_planetary_scientist_Vlada_Stamenkovi%C4%87,Mars,LOC
2854354,Simple animals could live in Martian brines: Wikinews interviews planetary scientist Vlada Stamenković,2019-01-09,Science and technology,https://en.wikinews.org/wiki/Simple_animals_could_live_in_Martian_brines:_Wikinews_interviews_planetary_scientist_Vlada_Stamenkovi%C4%87,Scientific American,ORG
2854354,Simple animals could live in Martian brines: Wikinews interviews planetary scientist Vlada Stamenković,2019-01-09,Science and technology,https://en.wikinews.org/wiki/Simple_animals_could_live_in_Martian_brines:_Wikinews_interviews_planetary_scientist_Vlada_Stamenkovi%C4%87,Mars,LOC
2854354,Simple animals could live in Martian brines: Wikinews interviews planetary scientist Vlada Stamenković,2019-01-09,Science and technology,https://en.wikinews.org/wiki/Simple_animals_could_live_in_Martian_brines:_Wikinews_interviews_planetary_scientist_Vlada_Stamenkovi%C4%87,2014,DATE
2854354,Simple animals could live in Martian brines: Wikinews interviews planetary scientist Vlada Stamenković,2019-01-09,Science and technology,https://en.wikinews.org/wiki/Simple_animals_could_live_in_Martian_brines:_Wikinews_interviews_planetary_scientist_Vlada_Stamenkovi%C4%87,only 0.002,CARDINAL
2854354,Simple animals could live in Martian brines: Wikinews interviews planetary scientist Vlada Stamenković,2019-01-09,Science and technology,https://en.wikinews.org/wiki/Simple_animals_could_live_in_Martian_brines:_Wikinews_interviews_planetary_scientist_Vlada_Stamenkovi%C4%87,per cubic meter,PERSON
2854354,Simple animals could live in Martian brines: Wikinews interviews planetary scientist Vlada Stamenković,2019-01-09,Science and technology,https://en.wikinews.org/wiki/Simple_animals_could_live_in_Martian_brines:_Wikinews_interviews_planetary_scientist_Vlada_Stamenkovi%C4%87,0.064,CARDINAL
2854354,Simple animals could live in Martian brines: Wikinews interviews planetary scientist Vlada Stamenković,2019-01-09,Science and technology,https://en.wikinews.org/wiki/Simple_animals_could_live_in_Martian_brines:_Wikinews_interviews_planetary_scientist_Vlada_Stamenkovi%C4%87,as little as a millionth,CARDINAL
2854354,Simple animals could live in Martian brines: Wikinews interviews planetary scientist Vlada Stamenković,2019-01-09,Science and technology,https://en.wikinews.org/wiki/Simple_animals_could_live_in_Martian_brines:_Wikinews_interviews_planetary_scientist_Vlada_Stamenkovi%C4%87,cubic meter,PERSON
2854354,Simple animals could live in Martian brines: Wikinews interviews planetary scientist Vlada Stamenković,2019-01-09,Science and technology,https://en.wikinews.org/wiki/Simple_animals_could_live_in_Martian_brines:_Wikinews_interviews_planetary_scientist_Vlada_Stamenkovi%C4%87,Mars,LOC
2854354,Simple animals could live in Martian brines: Wikinews interviews planetary scientist Vlada Stamenković,2019-01-09,Science and technology,https://en.wikinews.org/wiki/Simple_animals_could_live_in_Martian_brines:_Wikinews_interviews_planetary_scientist_Vlada_Stamenkovi%C4%87,2014,DATE
2854354,Simple animals could live in Martian brines: Wikinews interviews planetary scientist Vlada Stamenković,2019-01-09,Science and technology,https://en.wikinews.org/wiki/Simple_animals_could_live_in_Martian_brines:_Wikinews_interviews_planetary_scientist_Vlada_Stamenkovi%C4%87,Mars,LOC
2854354,Simple animals could live in Martian brines: Wikinews interviews planetary scientist Vlada Stamenković,2019-01-09,Science and technology,https://en.wikinews.org/wiki/Simple_animals_could_live_in_Martian_brines:_Wikinews_interviews_planetary_scientist_Vlada_Stamenkovi%C4%87,the German Aerospace Center,ORG
2854354,Simple animals could live in Martian brines: Wikinews interviews planetary scientist Vlada Stamenković,2019-01-09,Science and technology,https://en.wikinews.org/wiki/Simple_animals_could_live_in_Martian_brines:_Wikinews_interviews_planetary_scientist_Vlada_Stamenkovi%C4%87,Pleopsidium,GPE
2854354,Simple animals could live in Martian brines: Wikinews interviews planetary scientist Vlada Stamenković,2019-01-09,Science and technology,https://en.wikinews.org/wiki/Simple_animals_could_live_in_Martian_brines:_Wikinews_interviews_planetary_scientist_Vlada_Stamenkovi%C4%87,Antarctic,LOC
2854354,Simple animals could live in Martian brines: Wikinews interviews planetary scientist Vlada Stamenković,2019-01-09,Science and technology,https://en.wikinews.org/wiki/Simple_animals_could_live_in_Martian_brines:_Wikinews_interviews_planetary_scientist_Vlada_Stamenkovi%C4%87,Mars,LOC
2854354,Simple animals could live in Martian brines: Wikinews interviews planetary scientist Vlada Stamenković,2019-01-09,Science and technology,https://en.wikinews.org/wiki/Simple_animals_could_live_in_Martian_brines:_Wikinews_interviews_planetary_scientist_Vlada_Stamenkovi%C4%87,al,ORG
2854354,Simple animals could live in Martian brines: Wikinews interviews planetary scientist Vlada Stamenković,2019-01-09,Science and technology,https://en.wikinews.org/wiki/Simple_animals_could_live_in_Martian_brines:_Wikinews_interviews_planetary_scientist_Vlada_Stamenkovi%C4%87,Martian,NORP
2854354,Simple animals could live in Martian brines: Wikinews interviews planetary scientist Vlada Stamenković,2019-01-09,Science and technology,https://en.wikinews.org/wiki/Simple_animals_could_live_in_Martian_brines:_Wikinews_interviews_planetary_scientist_Vlada_Stamenkovi%C4%87,Mars,LOC
2854354,Simple animals could live in Martian brines: Wikinews interviews planetary scientist Vlada Stamenković,2019-01-09,Science and technology,https://en.wikinews.org/wiki/Simple_animals_could_live_in_Martian_brines:_Wikinews_interviews_planetary_scientist_Vlada_Stamenkovi%C4%87,about 67.5,CARDINAL
2854354,Simple animals could live in Martian brines: Wikinews interviews planetary scientist Vlada Stamenković,2019-01-09,Science and technology,https://en.wikinews.org/wiki/Simple_animals_could_live_in_Martian_brines:_Wikinews_interviews_planetary_scientist_Vlada_Stamenkovi%C4%87,about 72.5,CARDINAL
2854354,Simple animals could live in Martian brines: Wikinews interviews planetary scientist Vlada Stamenković,2019-01-09,Science and technology,https://en.wikinews.org/wiki/Simple_animals_could_live_in_Martian_brines:_Wikinews_interviews_planetary_scientist_Vlada_Stamenkovi%C4%87,Earth,LOC
2854354,Simple animals could live in Martian brines: Wikinews interviews planetary scientist Vlada Stamenković,2019-01-09,Science and technology,https://en.wikinews.org/wiki/Simple_animals_could_live_in_Martian_brines:_Wikinews_interviews_planetary_scientist_Vlada_Stamenkovi%C4%87,0.2,CARDINAL
2854354,Simple animals could live in Martian brines: Wikinews interviews planetary scientist Vlada Stamenković,2019-01-09,Science and technology,https://en.wikinews.org/wiki/Simple_animals_could_live_in_Martian_brines:_Wikinews_interviews_planetary_scientist_Vlada_Stamenkovi%C4%87,cubic meter,PERSON
2854354,Simple animals could live in Martian brines: Wikinews interviews planetary scientist Vlada Stamenković,2019-01-09,Science and technology,https://en.wikinews.org/wiki/Simple_animals_could_live_in_Martian_brines:_Wikinews_interviews_planetary_scientist_Vlada_Stamenkovi%C4%87,6.4,CARDINAL
2854354,Simple animals could live in Martian brines: Wikinews interviews planetary scientist Vlada Stamenković,2019-01-09,Science and technology,https://en.wikinews.org/wiki/Simple_animals_could_live_in_Martian_brines:_Wikinews_interviews_planetary_scientist_Vlada_Stamenkovi%C4%87,Earth,LOC
2854354,Simple animals could live in Martian brines: Wikinews interviews planetary scientist Vlada Stamenković,2019-01-09,Science and technology,https://en.wikinews.org/wiki/Simple_animals_could_live_in_Martian_brines:_Wikinews_interviews_planetary_scientist_Vlada_Stamenkovi%C4%87,the muddy sea,LOC
2854354,Simple animals could live in Martian brines: Wikinews interviews planetary scientist Vlada Stamenković,2019-01-09,Science and technology,https://en.wikinews.org/wiki/Simple_animals_could_live_in_Martian_brines:_Wikinews_interviews_planetary_scientist_Vlada_Stamenkovi%C4%87,1,CARDINAL
2854354,Simple animals could live in Martian brines: Wikinews interviews planetary scientist Vlada Stamenković,2019-01-09,Science and technology,https://en.wikinews.org/wiki/Simple_animals_could_live_in_Martian_brines:_Wikinews_interviews_planetary_scientist_Vlada_Stamenkovi%C4%87,3,CARDINAL
2854354,Simple animals could live in Martian brines: Wikinews interviews planetary scientist Vlada Stamenković,2019-01-09,Science and technology,https://en.wikinews.org/wiki/Simple_animals_could_live_in_Martian_brines:_Wikinews_interviews_planetary_scientist_Vlada_Stamenkovi%C4%87,6,CARDINAL
2854354,Simple animals could live in Martian brines: Wikinews interviews planetary scientist Vlada Stamenković,2019-01-09,Science and technology,https://en.wikinews.org/wiki/Simple_animals_could_live_in_Martian_brines:_Wikinews_interviews_planetary_scientist_Vlada_Stamenkovi%C4%87,0.2,CARDINAL
2854354,Simple animals could live in Martian brines: Wikinews interviews planetary scientist Vlada Stamenković,2019-01-09,Science and technology,https://en.wikinews.org/wiki/Simple_animals_could_live_in_Martian_brines:_Wikinews_interviews_planetary_scientist_Vlada_Stamenkovi%C4%87,cubic meter,PERSON
2854354,Simple animals could live in Martian brines: Wikinews interviews planetary scientist Vlada Stamenković,2019-01-09,Science and technology,https://en.wikinews.org/wiki/Simple_animals_could_live_in_Martian_brines:_Wikinews_interviews_planetary_scientist_Vlada_Stamenkovi%C4%87,6.4,CARDINAL
2854354,Simple animals could live in Martian brines: Wikinews interviews planetary scientist Vlada Stamenković,2019-01-09,Science and technology,https://en.wikinews.org/wiki/Simple_animals_could_live_in_Martian_brines:_Wikinews_interviews_planetary_scientist_Vlada_Stamenkovi%C4%87,al,PERSON
2854354,Simple animals could live in Martian brines: Wikinews interviews planetary scientist Vlada Stamenković,2019-01-09,Science and technology,https://en.wikinews.org/wiki/Simple_animals_could_live_in_Martian_brines:_Wikinews_interviews_planetary_scientist_Vlada_Stamenkovi%C4%87,Mars,LOC
2854354,Simple animals could live in Martian brines: Wikinews interviews planetary scientist Vlada Stamenković,2019-01-09,Science and technology,https://en.wikinews.org/wiki/Simple_animals_could_live_in_Martian_brines:_Wikinews_interviews_planetary_scientist_Vlada_Stamenkovi%C4%87,al,ORG
2854354,Simple animals could live in Martian brines: Wikinews interviews planetary scientist Vlada Stamenković,2019-01-09,Science and technology,https://en.wikinews.org/wiki/Simple_animals_could_live_in_Martian_brines:_Wikinews_interviews_planetary_scientist_Vlada_Stamenkovi%C4%87,Mars,LOC
2854354,Simple animals could live in Martian brines: Wikinews interviews planetary scientist Vlada Stamenković,2019-01-09,Science and technology,https://en.wikinews.org/wiki/Simple_animals_could_live_in_Martian_brines:_Wikinews_interviews_planetary_scientist_Vlada_Stamenkovi%C4%87,Stamenković,ORG
2854354,Simple animals could live in Martian brines: Wikinews interviews planetary scientist Vlada Stamenković,2019-01-09,Science and technology,https://en.wikinews.org/wiki/Simple_animals_could_live_in_Martian_brines:_Wikinews_interviews_planetary_scientist_Vlada_Stamenkovi%C4%87,Mars,LOC
2854354,Simple animals could live in Martian brines: Wikinews interviews planetary scientist Vlada Stamenković,2019-01-09,Science and technology,https://en.wikinews.org/wiki/Simple_animals_could_live_in_Martian_brines:_Wikinews_interviews_planetary_scientist_Vlada_Stamenkovi%C4%87,Stamenković,ORG
2854354,Simple animals could live in Martian brines: Wikinews interviews planetary scientist Vlada Stamenković,2019-01-09,Science and technology,https://en.wikinews.org/wiki/Simple_animals_could_live_in_Martian_brines:_Wikinews_interviews_planetary_scientist_Vlada_Stamenkovi%C4%87,Wikinews,WORK_OF_ART
2854354,Simple animals could live in Martian brines: Wikinews interviews planetary scientist Vlada Stamenković,2019-01-09,Science and technology,https://en.wikinews.org/wiki/Simple_animals_could_live_in_Martian_brines:_Wikinews_interviews_planetary_scientist_Vlada_Stamenkovi%C4%87,Mars,LOC
2854354,Simple animals could live in Martian brines: Wikinews interviews planetary scientist Vlada Stamenković,2019-01-09,Science and technology,https://en.wikinews.org/wiki/Simple_animals_could_live_in_Martian_brines:_Wikinews_interviews_planetary_scientist_Vlada_Stamenkovi%C4%87,Earth,LOC
2854354,Simple animals could live in Martian brines: Wikinews interviews planetary scientist Vlada Stamenković,2019-01-09,Science and technology,https://en.wikinews.org/wiki/Simple_animals_could_live_in_Martian_brines:_Wikinews_interviews_planetary_scientist_Vlada_Stamenkovi%C4%87,Wikinews,ORG
2854354,Simple animals could live in Martian brines: Wikinews interviews planetary scientist Vlada Stamenković,2019-01-09,Science and technology,https://en.wikinews.org/wiki/Simple_animals_could_live_in_Martian_brines:_Wikinews_interviews_planetary_scientist_Vlada_Stamenkovi%C4%87,Stamenković,ORG
2854354,Simple animals could live in Martian brines: Wikinews interviews planetary scientist Vlada Stamenković,2019-01-09,Science and technology,https://en.wikinews.org/wiki/Simple_animals_could_live_in_Martian_brines:_Wikinews_interviews_planetary_scientist_Vlada_Stamenkovi%C4%87,Wikinews,ORG
2854354,Simple animals could live in Martian brines: Wikinews interviews planetary scientist Vlada Stamenković,2019-01-09,Science and technology,https://en.wikinews.org/wiki/Simple_animals_could_live_in_Martian_brines:_Wikinews_interviews_planetary_scientist_Vlada_Stamenkovi%C4%87,Stamenković,ORG
2854354,Simple animals could live in Martian brines: Wikinews interviews planetary scientist Vlada Stamenković,2019-01-09,Science and technology,https://en.wikinews.org/wiki/Simple_animals_could_live_in_Martian_brines:_Wikinews_interviews_planetary_scientist_Vlada_Stamenkovi%C4%87,the Martian South Pole,LOC
6645,"Magnitude 8.7 earthquake hits Northern Sumatra, Indonesia",2005-03-28,Science and technology,"https://en.wikinews.org/wiki/Magnitude_8.7_earthquake_hits_Northern_Sumatra,_Indonesia",8.7,CARDINAL
6645,"Magnitude 8.7 earthquake hits Northern Sumatra, Indonesia",2005-03-28,Science and technology,"https://en.wikinews.org/wiki/Magnitude_8.7_earthquake_hits_Northern_Sumatra,_Indonesia",Sumatra,GPE
6645,"Magnitude 8.7 earthquake hits Northern Sumatra, Indonesia",2005-03-28,Science and technology,"https://en.wikinews.org/wiki/Magnitude_8.7_earthquake_hits_Northern_Sumatra,_Indonesia",Indonesia,GPE
6645,"Magnitude 8.7 earthquake hits Northern Sumatra, Indonesia",2005-03-28,Science and technology,"https://en.wikinews.org/wiki/Magnitude_8.7_earthquake_hits_Northern_Sumatra,_Indonesia",the U.S. Geological Survey,ORG
6645,"Magnitude 8.7 earthquake hits Northern Sumatra, Indonesia",2005-03-28,Science and technology,"https://en.wikinews.org/wiki/Magnitude_8.7_earthquake_hits_Northern_Sumatra,_Indonesia",8.2 magnitude,QUANTITY
6645,"Magnitude 8.7 earthquake hits Northern Sumatra, Indonesia",2005-03-28,Science and technology,"https://en.wikinews.org/wiki/Magnitude_8.7_earthquake_hits_Northern_Sumatra,_Indonesia",GMT,ORG
6645,"Magnitude 8.7 earthquake hits Northern Sumatra, Indonesia",2005-03-28,Science and technology,"https://en.wikinews.org/wiki/Magnitude_8.7_earthquake_hits_Northern_Sumatra,_Indonesia",USGS,ORG
6645,"Magnitude 8.7 earthquake hits Northern Sumatra, Indonesia",2005-03-28,Science and technology,"https://en.wikinews.org/wiki/Magnitude_8.7_earthquake_hits_Northern_Sumatra,_Indonesia",8.7,CARDINAL
6645,"Magnitude 8.7 earthquake hits Northern Sumatra, Indonesia",2005-03-28,Science and technology,"https://en.wikinews.org/wiki/Magnitude_8.7_earthquake_hits_Northern_Sumatra,_Indonesia",Agus Mendrova,PERSON
6645,"Magnitude 8.7 earthquake hits Northern Sumatra, Indonesia",2005-03-28,Science and technology,"https://en.wikinews.org/wiki/Magnitude_8.7_earthquake_hits_Northern_Sumatra,_Indonesia",more than 290,CARDINAL
6645,"Magnitude 8.7 earthquake hits Northern Sumatra, Indonesia",2005-03-28,Science and technology,"https://en.wikinews.org/wiki/Magnitude_8.7_earthquake_hits_Northern_Sumatra,_Indonesia",Nias,GPE
6645,"Magnitude 8.7 earthquake hits Northern Sumatra, Indonesia",2005-03-28,Science and technology,"https://en.wikinews.org/wiki/Magnitude_8.7_earthquake_hits_Northern_Sumatra,_Indonesia",Hundreds,CARDINAL
6645,"Magnitude 8.7 earthquake hits Northern Sumatra, Indonesia",2005-03-28,Science and technology,"https://en.wikinews.org/wiki/Magnitude_8.7_earthquake_hits_Northern_Sumatra,_Indonesia",December 26th,DATE
6645,"Magnitude 8.7 earthquake hits Northern Sumatra, Indonesia",2005-03-28,Science and technology,"https://en.wikinews.org/wiki/Magnitude_8.7_earthquake_hits_Northern_Sumatra,_Indonesia",USGS,ORG
6645,"Magnitude 8.7 earthquake hits Northern Sumatra, Indonesia",2005-03-28,Science and technology,"https://en.wikinews.org/wiki/Magnitude_8.7_earthquake_hits_Northern_Sumatra,_Indonesia",Cocos Islands,LOC
6645,"Magnitude 8.7 earthquake hits Northern Sumatra, Indonesia",2005-03-28,Science and technology,"https://en.wikinews.org/wiki/Magnitude_8.7_earthquake_hits_Northern_Sumatra,_Indonesia",USGS,ORG
6645,"Magnitude 8.7 earthquake hits Northern Sumatra, Indonesia",2005-03-28,Science and technology,"https://en.wikinews.org/wiki/Magnitude_8.7_earthquake_hits_Northern_Sumatra,_Indonesia",Tsunami,PERSON
6645,"Magnitude 8.7 earthquake hits Northern Sumatra, Indonesia",2005-03-28,Science and technology,"https://en.wikinews.org/wiki/Magnitude_8.7_earthquake_hits_Northern_Sumatra,_Indonesia",16:09,CARDINAL
6645,"Magnitude 8.7 earthquake hits Northern Sumatra, Indonesia",2005-03-28,Science and technology,"https://en.wikinews.org/wiki/Magnitude_8.7_earthquake_hits_Northern_Sumatra,_Indonesia",GMT,ORG
6645,"Magnitude 8.7 earthquake hits Northern Sumatra, Indonesia",2005-03-28,Science and technology,"https://en.wikinews.org/wiki/Magnitude_8.7_earthquake_hits_Northern_Sumatra,_Indonesia",seven,CARDINAL
6645,"Magnitude 8.7 earthquake hits Northern Sumatra, Indonesia",2005-03-28,Science and technology,"https://en.wikinews.org/wiki/Magnitude_8.7_earthquake_hits_Northern_Sumatra,_Indonesia",50 kilometres,QUANTITY
6645,"Magnitude 8.7 earthquake hits Northern Sumatra, Indonesia",2005-03-28,Science and technology,"https://en.wikinews.org/wiki/Magnitude_8.7_earthquake_hits_Northern_Sumatra,_Indonesia",Earth,LOC
6645,"Magnitude 8.7 earthquake hits Northern Sumatra, Indonesia",2005-03-28,Science and technology,"https://en.wikinews.org/wiki/Magnitude_8.7_earthquake_hits_Northern_Sumatra,_Indonesia",December 26th,DATE
6645,"Magnitude 8.7 earthquake hits Northern Sumatra, Indonesia",2005-03-28,Science and technology,"https://en.wikinews.org/wiki/Magnitude_8.7_earthquake_hits_Northern_Sumatra,_Indonesia",Indian Ocean,LOC
6645,"Magnitude 8.7 earthquake hits Northern Sumatra, Indonesia",2005-03-28,Science and technology,"https://en.wikinews.org/wiki/Magnitude_8.7_earthquake_hits_Northern_Sumatra,_Indonesia",The U.S. Geological Survey,ORG
6645,"Magnitude 8.7 earthquake hits Northern Sumatra, Indonesia",2005-03-28,Science and technology,"https://en.wikinews.org/wiki/Magnitude_8.7_earthquake_hits_Northern_Sumatra,_Indonesia",8.2,CARDINAL
6645,"Magnitude 8.7 earthquake hits Northern Sumatra, Indonesia",2005-03-28,Science and technology,"https://en.wikinews.org/wiki/Magnitude_8.7_earthquake_hits_Northern_Sumatra,_Indonesia",Japan,GPE
6645,"Magnitude 8.7 earthquake hits Northern Sumatra, Indonesia",2005-03-28,Science and technology,"https://en.wikinews.org/wiki/Magnitude_8.7_earthquake_hits_Northern_Sumatra,_Indonesia",Meteorological Agency,ORG
6645,"Magnitude 8.7 earthquake hits Northern Sumatra, Indonesia",2005-03-28,Science and technology,"https://en.wikinews.org/wiki/Magnitude_8.7_earthquake_hits_Northern_Sumatra,_Indonesia",the U.S. Geological Survey,ORG
6645,"Magnitude 8.7 earthquake hits Northern Sumatra, Indonesia",2005-03-28,Science and technology,"https://en.wikinews.org/wiki/Magnitude_8.7_earthquake_hits_Northern_Sumatra,_Indonesia",8.7,CARDINAL
6645,"Magnitude 8.7 earthquake hits Northern Sumatra, Indonesia",2005-03-28,Science and technology,"https://en.wikinews.org/wiki/Magnitude_8.7_earthquake_hits_Northern_Sumatra,_Indonesia",last December's,DATE
6645,"Magnitude 8.7 earthquake hits Northern Sumatra, Indonesia",2005-03-28,Science and technology,"https://en.wikinews.org/wiki/Magnitude_8.7_earthquake_hits_Northern_Sumatra,_Indonesia",8.1,CARDINAL
6645,"Magnitude 8.7 earthquake hits Northern Sumatra, Indonesia",2005-03-28,Science and technology,"https://en.wikinews.org/wiki/Magnitude_8.7_earthquake_hits_Northern_Sumatra,_Indonesia",USGS,ORG
6645,"Magnitude 8.7 earthquake hits Northern Sumatra, Indonesia",2005-03-28,Science and technology,"https://en.wikinews.org/wiki/Magnitude_8.7_earthquake_hits_Northern_Sumatra,_Indonesia",9.1 to 9.3,CARDINAL
6645,"Magnitude 8.7 earthquake hits Northern Sumatra, Indonesia",2005-03-28,Science and technology,"https://en.wikinews.org/wiki/Magnitude_8.7_earthquake_hits_Northern_Sumatra,_Indonesia",February 2005,DATE
6645,"Magnitude 8.7 earthquake hits Northern Sumatra, Indonesia",2005-03-28,Science and technology,"https://en.wikinews.org/wiki/Magnitude_8.7_earthquake_hits_Northern_Sumatra,_Indonesia",UTC,ORG
6645,"Magnitude 8.7 earthquake hits Northern Sumatra, Indonesia",2005-03-28,Science and technology,"https://en.wikinews.org/wiki/Magnitude_8.7_earthquake_hits_Northern_Sumatra,_Indonesia",Tsunami Bulletin,PERSON
6645,"Magnitude 8.7 earthquake hits Northern Sumatra, Indonesia",2005-03-28,Science and technology,"https://en.wikinews.org/wiki/Magnitude_8.7_earthquake_hits_Northern_Sumatra,_Indonesia",Number 001,CARDINAL
6645,"Magnitude 8.7 earthquake hits Northern Sumatra, Indonesia",2005-03-28,Science and technology,"https://en.wikinews.org/wiki/Magnitude_8.7_earthquake_hits_Northern_Sumatra,_Indonesia",the Pacific Tsunami Warning Center,ORG
6645,"Magnitude 8.7 earthquake hits Northern Sumatra, Indonesia",2005-03-28,Science and technology,"https://en.wikinews.org/wiki/Magnitude_8.7_earthquake_hits_Northern_Sumatra,_Indonesia",Pacific,ORG
6645,"Magnitude 8.7 earthquake hits Northern Sumatra, Indonesia",2005-03-28,Science and technology,"https://en.wikinews.org/wiki/Magnitude_8.7_earthquake_hits_Northern_Sumatra,_Indonesia",Sri Lanka,PERSON
6645,"Magnitude 8.7 earthquake hits Northern Sumatra, Indonesia",2005-03-28,Science and technology,"https://en.wikinews.org/wiki/Magnitude_8.7_earthquake_hits_Northern_Sumatra,_Indonesia",Banda Aceh,PERSON
6645,"Magnitude 8.7 earthquake hits Northern Sumatra, Indonesia",2005-03-28,Science and technology,"https://en.wikinews.org/wiki/Magnitude_8.7_earthquake_hits_Northern_Sumatra,_Indonesia",Indonesia,GPE
6645,"Magnitude 8.7 earthquake hits Northern Sumatra, Indonesia",2005-03-28,Science and technology,"https://en.wikinews.org/wiki/Magnitude_8.7_earthquake_hits_Northern_Sumatra,_Indonesia",one,CARDINAL
6645,"Magnitude 8.7 earthquake hits Northern Sumatra, Indonesia",2005-03-28,Science and technology,"https://en.wikinews.org/wiki/Magnitude_8.7_earthquake_hits_Northern_Sumatra,_Indonesia",December,DATE
6645,"Magnitude 8.7 earthquake hits Northern Sumatra, Indonesia",2005-03-28,Science and technology,"https://en.wikinews.org/wiki/Magnitude_8.7_earthquake_hits_Northern_Sumatra,_Indonesia",December 26th,DATE
6645,"Magnitude 8.7 earthquake hits Northern Sumatra, Indonesia",2005-03-28,Science and technology,"https://en.wikinews.org/wiki/Magnitude_8.7_earthquake_hits_Northern_Sumatra,_Indonesia",Thailand,GPE
6645,"Magnitude 8.7 earthquake hits Northern Sumatra, Indonesia",2005-03-28,Science and technology,"https://en.wikinews.org/wiki/Magnitude_8.7_earthquake_hits_Northern_Sumatra,_Indonesia",last December's,DATE
142516,NASA completes successful test flight of new Ares IX rocket,2009-10-29,Science and technology,https://en.wikinews.org/wiki/NASA_completes_successful_test_flight_of_new_Ares_IX_rocket,NASA,ORG
142516,NASA completes successful test flight of new Ares IX rocket,2009-10-29,Science and technology,https://en.wikinews.org/wiki/NASA_completes_successful_test_flight_of_new_Ares_IX_rocket,first,ORDINAL
142516,NASA completes successful test flight of new Ares IX rocket,2009-10-29,Science and technology,https://en.wikinews.org/wiki/NASA_completes_successful_test_flight_of_new_Ares_IX_rocket,yesterday,DATE
142516,NASA completes successful test flight of new Ares IX rocket,2009-10-29,Science and technology,https://en.wikinews.org/wiki/NASA_completes_successful_test_flight_of_new_Ares_IX_rocket,24 hours,TIME
142516,NASA completes successful test flight of new Ares IX rocket,2009-10-29,Science and technology,https://en.wikinews.org/wiki/NASA_completes_successful_test_flight_of_new_Ares_IX_rocket,11:30 (EDT,TIME
142516,NASA completes successful test flight of new Ares IX rocket,2009-10-29,Science and technology,https://en.wikinews.org/wiki/NASA_completes_successful_test_flight_of_new_Ares_IX_rocket,the morning,TIME
142516,NASA completes successful test flight of new Ares IX rocket,2009-10-29,Science and technology,https://en.wikinews.org/wiki/NASA_completes_successful_test_flight_of_new_Ares_IX_rocket,Kennedy Space Center,FAC
142516,NASA completes successful test flight of new Ares IX rocket,2009-10-29,Science and technology,https://en.wikinews.org/wiki/NASA_completes_successful_test_flight_of_new_Ares_IX_rocket,Florida,GPE
142516,NASA completes successful test flight of new Ares IX rocket,2009-10-29,Science and technology,https://en.wikinews.org/wiki/NASA_completes_successful_test_flight_of_new_Ares_IX_rocket,327-foot,QUANTITY
142516,NASA completes successful test flight of new Ares IX rocket,2009-10-29,Science and technology,https://en.wikinews.org/wiki/NASA_completes_successful_test_flight_of_new_Ares_IX_rocket,2.6 million pounds,MONEY
142516,NASA completes successful test flight of new Ares IX rocket,2009-10-29,Science and technology,https://en.wikinews.org/wiki/NASA_completes_successful_test_flight_of_new_Ares_IX_rocket,nearly 3,CARDINAL
142516,NASA completes successful test flight of new Ares IX rocket,2009-10-29,Science and technology,https://en.wikinews.org/wiki/NASA_completes_successful_test_flight_of_new_Ares_IX_rocket,Mach,PERSON
142516,NASA completes successful test flight of new Ares IX rocket,2009-10-29,Science and technology,https://en.wikinews.org/wiki/NASA_completes_successful_test_flight_of_new_Ares_IX_rocket,4.76,CARDINAL
142516,NASA completes successful test flight of new Ares IX rocket,2009-10-29,Science and technology,https://en.wikinews.org/wiki/NASA_completes_successful_test_flight_of_new_Ares_IX_rocket,"150,000 feet",QUANTITY
142516,NASA completes successful test flight of new Ares IX rocket,2009-10-29,Science and technology,https://en.wikinews.org/wiki/NASA_completes_successful_test_flight_of_new_Ares_IX_rocket,first,ORDINAL
142516,NASA completes successful test flight of new Ares IX rocket,2009-10-29,Science and technology,https://en.wikinews.org/wiki/NASA_completes_successful_test_flight_of_new_Ares_IX_rocket,four,CARDINAL
142516,NASA completes successful test flight of new Ares IX rocket,2009-10-29,Science and technology,https://en.wikinews.org/wiki/NASA_completes_successful_test_flight_of_new_Ares_IX_rocket,about 40 km,QUANTITY
142516,NASA completes successful test flight of new Ares IX rocket,2009-10-29,Science and technology,https://en.wikinews.org/wiki/NASA_completes_successful_test_flight_of_new_Ares_IX_rocket,first,ORDINAL
142516,NASA completes successful test flight of new Ares IX rocket,2009-10-29,Science and technology,https://en.wikinews.org/wiki/NASA_completes_successful_test_flight_of_new_Ares_IX_rocket,second,ORDINAL
142516,NASA completes successful test flight of new Ares IX rocket,2009-10-29,Science and technology,https://en.wikinews.org/wiki/NASA_completes_successful_test_flight_of_new_Ares_IX_rocket,"around 46,000 metres",QUANTITY
142516,NASA completes successful test flight of new Ares IX rocket,2009-10-29,Science and technology,https://en.wikinews.org/wiki/NASA_completes_successful_test_flight_of_new_Ares_IX_rocket,approximately 230 nautical miles,QUANTITY
142516,NASA completes successful test flight of new Ares IX rocket,2009-10-29,Science and technology,https://en.wikinews.org/wiki/NASA_completes_successful_test_flight_of_new_Ares_IX_rocket,first,ORDINAL
142516,NASA completes successful test flight of new Ares IX rocket,2009-10-29,Science and technology,https://en.wikinews.org/wiki/NASA_completes_successful_test_flight_of_new_Ares_IX_rocket,NASA,ORG
142516,NASA completes successful test flight of new Ares IX rocket,2009-10-29,Science and technology,https://en.wikinews.org/wiki/NASA_completes_successful_test_flight_of_new_Ares_IX_rocket,NASA,ORG
142516,NASA completes successful test flight of new Ares IX rocket,2009-10-29,Science and technology,https://en.wikinews.org/wiki/NASA_completes_successful_test_flight_of_new_Ares_IX_rocket,American,NORP
142516,NASA completes successful test flight of new Ares IX rocket,2009-10-29,Science and technology,https://en.wikinews.org/wiki/NASA_completes_successful_test_flight_of_new_Ares_IX_rocket,Earth,LOC
142516,NASA completes successful test flight of new Ares IX rocket,2009-10-29,Science and technology,https://en.wikinews.org/wiki/NASA_completes_successful_test_flight_of_new_Ares_IX_rocket,Doug Cooke,PERSON
142516,NASA completes successful test flight of new Ares IX rocket,2009-10-29,Science and technology,https://en.wikinews.org/wiki/NASA_completes_successful_test_flight_of_new_Ares_IX_rocket,the Exploration Systems Mission Directorate,ORG
142516,NASA completes successful test flight of new Ares IX rocket,2009-10-29,Science and technology,https://en.wikinews.org/wiki/NASA_completes_successful_test_flight_of_new_Ares_IX_rocket,NASA Headquarters,ORG
142516,NASA completes successful test flight of new Ares IX rocket,2009-10-29,Science and technology,https://en.wikinews.org/wiki/NASA_completes_successful_test_flight_of_new_Ares_IX_rocket,"Washington, D.C",GPE
142516,NASA completes successful test flight of new Ares IX rocket,2009-10-29,Science and technology,https://en.wikinews.org/wiki/NASA_completes_successful_test_flight_of_new_Ares_IX_rocket,Constellation,PRODUCT
142516,NASA completes successful test flight of new Ares IX rocket,2009-10-29,Science and technology,https://en.wikinews.org/wiki/NASA_completes_successful_test_flight_of_new_Ares_IX_rocket,the Vision for Space Exploration,ORG
142516,NASA completes successful test flight of new Ares IX rocket,2009-10-29,Science and technology,https://en.wikinews.org/wiki/NASA_completes_successful_test_flight_of_new_Ares_IX_rocket,2004,DATE
142516,NASA completes successful test flight of new Ares IX rocket,2009-10-29,Science and technology,https://en.wikinews.org/wiki/NASA_completes_successful_test_flight_of_new_Ares_IX_rocket,George W. Bush,PERSON
142516,NASA completes successful test flight of new Ares IX rocket,2009-10-29,Science and technology,https://en.wikinews.org/wiki/NASA_completes_successful_test_flight_of_new_Ares_IX_rocket,Space Shuttle,PERSON
142516,NASA completes successful test flight of new Ares IX rocket,2009-10-29,Science and technology,https://en.wikinews.org/wiki/NASA_completes_successful_test_flight_of_new_Ares_IX_rocket,Orion,PRODUCT
142516,NASA completes successful test flight of new Ares IX rocket,2009-10-29,Science and technology,https://en.wikinews.org/wiki/NASA_completes_successful_test_flight_of_new_Ares_IX_rocket,the International Space Station,ORG
142516,NASA completes successful test flight of new Ares IX rocket,2009-10-29,Science and technology,https://en.wikinews.org/wiki/NASA_completes_successful_test_flight_of_new_Ares_IX_rocket,Orion,ORG
142516,NASA completes successful test flight of new Ares IX rocket,2009-10-29,Science and technology,https://en.wikinews.org/wiki/NASA_completes_successful_test_flight_of_new_Ares_IX_rocket,Altair,PERSON
143973,German football goalkeeper Robert Enke is dead,2009-11-11,Sports,https://en.wikinews.org/wiki/German_football_goalkeeper_Robert_Enke_is_dead,the Hannover Police Department,ORG
143973,German football goalkeeper Robert Enke is dead,2009-11-11,Sports,https://en.wikinews.org/wiki/German_football_goalkeeper_Robert_Enke_is_dead,German,NORP
143973,German football goalkeeper Robert Enke is dead,2009-11-11,Sports,https://en.wikinews.org/wiki/German_football_goalkeeper_Robert_Enke_is_dead,Robert Enke,PERSON
143973,German football goalkeeper Robert Enke is dead,2009-11-11,Sports,https://en.wikinews.org/wiki/German_football_goalkeeper_Robert_Enke_is_dead,the early evening,TIME
143973,German football goalkeeper Robert Enke is dead,2009-11-11,Sports,https://en.wikinews.org/wiki/German_football_goalkeeper_Robert_Enke_is_dead,yesterday,DATE
143973,German football goalkeeper Robert Enke is dead,2009-11-11,Sports,https://en.wikinews.org/wiki/German_football_goalkeeper_Robert_Enke_is_dead,Enke,PERSON
143973,German football goalkeeper Robert Enke is dead,2009-11-11,Sports,https://en.wikinews.org/wiki/German_football_goalkeeper_Robert_Enke_is_dead,Neustadt-Eilvese,ORG
143973,German football goalkeeper Robert Enke is dead,2009-11-11,Sports,https://en.wikinews.org/wiki/German_football_goalkeeper_Robert_Enke_is_dead,32-year-old,DATE
143973,German football goalkeeper Robert Enke is dead,2009-11-11,Sports,https://en.wikinews.org/wiki/German_football_goalkeeper_Robert_Enke_is_dead,Hannover 96,ORG
143973,German football goalkeeper Robert Enke is dead,2009-11-11,Sports,https://en.wikinews.org/wiki/German_football_goalkeeper_Robert_Enke_is_dead,Enke,PERSON
143973,German football goalkeeper Robert Enke is dead,2009-11-11,Sports,https://en.wikinews.org/wiki/German_football_goalkeeper_Robert_Enke_is_dead,2006,DATE
143973,German football goalkeeper Robert Enke is dead,2009-11-11,Sports,https://en.wikinews.org/wiki/German_football_goalkeeper_Robert_Enke_is_dead,two years old,DATE
143973,German football goalkeeper Robert Enke is dead,2009-11-11,Sports,https://en.wikinews.org/wiki/German_football_goalkeeper_Robert_Enke_is_dead,Enke,PERSON
143973,German football goalkeeper Robert Enke is dead,2009-11-11,Sports,https://en.wikinews.org/wiki/German_football_goalkeeper_Robert_Enke_is_dead,Enke,PERSON
143973,German football goalkeeper Robert Enke is dead,2009-11-11,Sports,https://en.wikinews.org/wiki/German_football_goalkeeper_Robert_Enke_is_dead,Jena,GPE
143973,German football goalkeeper Robert Enke is dead,2009-11-11,Sports,https://en.wikinews.org/wiki/German_football_goalkeeper_Robert_Enke_is_dead,first,ORDINAL
143973,German football goalkeeper Robert Enke is dead,2009-11-11,Sports,https://en.wikinews.org/wiki/German_football_goalkeeper_Robert_Enke_is_dead,1998,DATE
143973,German football goalkeeper Robert Enke is dead,2009-11-11,Sports,https://en.wikinews.org/wiki/German_football_goalkeeper_Robert_Enke_is_dead,Borussia Mönchengladbach,ORG
143973,German football goalkeeper Robert Enke is dead,2009-11-11,Sports,https://en.wikinews.org/wiki/German_football_goalkeeper_Robert_Enke_is_dead,eight,CARDINAL
143973,German football goalkeeper Robert Enke is dead,2009-11-11,Sports,https://en.wikinews.org/wiki/German_football_goalkeeper_Robert_Enke_is_dead,German,NORP
143973,German football goalkeeper Robert Enke is dead,2009-11-11,Sports,https://en.wikinews.org/wiki/German_football_goalkeeper_Robert_Enke_is_dead,2007,DATE
143973,German football goalkeeper Robert Enke is dead,2009-11-11,Sports,https://en.wikinews.org/wiki/German_football_goalkeeper_Robert_Enke_is_dead,UEFA Euro,ORG
143973,German football goalkeeper Robert Enke is dead,2009-11-11,Sports,https://en.wikinews.org/wiki/German_football_goalkeeper_Robert_Enke_is_dead,2008,DATE
143973,German football goalkeeper Robert Enke is dead,2009-11-11,Sports,https://en.wikinews.org/wiki/German_football_goalkeeper_Robert_Enke_is_dead,the 2010,EVENT
143973,German football goalkeeper Robert Enke is dead,2009-11-11,Sports,https://en.wikinews.org/wiki/German_football_goalkeeper_Robert_Enke_is_dead,World Cup,EVENT
74157,Tour de France: Filippo Pozzato wins stage 5,2007-07-12,Sports,https://en.wikinews.org/wiki/Tour_de_France:_Filippo_Pozzato_wins_stage_5,Italian,NORP
74157,Tour de France: Filippo Pozzato wins stage 5,2007-07-12,Sports,https://en.wikinews.org/wiki/Tour_de_France:_Filippo_Pozzato_wins_stage_5,Filippo Pozzato,PERSON
74157,Tour de France: Filippo Pozzato wins stage 5,2007-07-12,Sports,https://en.wikinews.org/wiki/Tour_de_France:_Filippo_Pozzato_wins_stage_5,5,CARDINAL
74157,Tour de France: Filippo Pozzato wins stage 5,2007-07-12,Sports,https://en.wikinews.org/wiki/Tour_de_France:_Filippo_Pozzato_wins_stage_5,Fabian Cancellara,PERSON
74157,Tour de France: Filippo Pozzato wins stage 5,2007-07-12,Sports,https://en.wikinews.org/wiki/Tour_de_France:_Filippo_Pozzato_wins_stage_5,Switzerland,GPE
74157,Tour de France: Filippo Pozzato wins stage 5,2007-07-12,Sports,https://en.wikinews.org/wiki/Tour_de_France:_Filippo_Pozzato_wins_stage_5,182.5 km,QUANTITY
74157,Tour de France: Filippo Pozzato wins stage 5,2007-07-12,Sports,https://en.wikinews.org/wiki/Tour_de_France:_Filippo_Pozzato_wins_stage_5,fifth,ORDINAL
74157,Tour de France: Filippo Pozzato wins stage 5,2007-07-12,Sports,https://en.wikinews.org/wiki/Tour_de_France:_Filippo_Pozzato_wins_stage_5,Chablis,GPE
74157,Tour de France: Filippo Pozzato wins stage 5,2007-07-12,Sports,https://en.wikinews.org/wiki/Tour_de_France:_Filippo_Pozzato_wins_stage_5,eight,CARDINAL
74157,Tour de France: Filippo Pozzato wins stage 5,2007-07-12,Sports,https://en.wikinews.org/wiki/Tour_de_France:_Filippo_Pozzato_wins_stage_5,one,CARDINAL
74157,Tour de France: Filippo Pozzato wins stage 5,2007-07-12,Sports,https://en.wikinews.org/wiki/Tour_de_France:_Filippo_Pozzato_wins_stage_5,Category 2,NORP
74157,Tour de France: Filippo Pozzato wins stage 5,2007-07-12,Sports,https://en.wikinews.org/wiki/Tour_de_France:_Filippo_Pozzato_wins_stage_5,Alexandre Vinokourov,PERSON
74157,Tour de France: Filippo Pozzato wins stage 5,2007-07-12,Sports,https://en.wikinews.org/wiki/Tour_de_France:_Filippo_Pozzato_wins_stage_5,Vinokourov,PERSON
74157,Tour de France: Filippo Pozzato wins stage 5,2007-07-12,Sports,https://en.wikinews.org/wiki/Tour_de_France:_Filippo_Pozzato_wins_stage_5,Andreas Klöden,GPE
74157,Tour de France: Filippo Pozzato wins stage 5,2007-07-12,Sports,https://en.wikinews.org/wiki/Tour_de_France:_Filippo_Pozzato_wins_stage_5,second,ORDINAL
74157,Tour de France: Filippo Pozzato wins stage 5,2007-07-12,Sports,https://en.wikinews.org/wiki/Tour_de_France:_Filippo_Pozzato_wins_stage_5,Tour,ORG
74157,Tour de France: Filippo Pozzato wins stage 5,2007-07-12,Sports,https://en.wikinews.org/wiki/Tour_de_France:_Filippo_Pozzato_wins_stage_5,Klöden,GPE
46689,Jenson Button wins 2006 Hungarian Grand Prix,2006-08-06,Sports,https://en.wikinews.org/wiki/Jenson_Button_wins_2006_Hungarian_Grand_Prix,weekend,DATE
46689,Jenson Button wins 2006 Hungarian Grand Prix,2006-08-06,Sports,https://en.wikinews.org/wiki/Jenson_Button_wins_2006_Hungarian_Grand_Prix,13th,ORDINAL
46689,Jenson Button wins 2006 Hungarian Grand Prix,2006-08-06,Sports,https://en.wikinews.org/wiki/Jenson_Button_wins_2006_Hungarian_Grand_Prix,FIA,ORG
46689,Jenson Button wins 2006 Hungarian Grand Prix,2006-08-06,Sports,https://en.wikinews.org/wiki/Jenson_Button_wins_2006_Hungarian_Grand_Prix,The Hungarian Grand Prix,LAW
46689,Jenson Button wins 2006 Hungarian Grand Prix,2006-08-06,Sports,https://en.wikinews.org/wiki/Jenson_Button_wins_2006_Hungarian_Grand_Prix,Hungaroring,GPE
46689,Jenson Button wins 2006 Hungarian Grand Prix,2006-08-06,Sports,https://en.wikinews.org/wiki/Jenson_Button_wins_2006_Hungarian_Grand_Prix,Budapest,GPE
46689,Jenson Button wins 2006 Hungarian Grand Prix,2006-08-06,Sports,https://en.wikinews.org/wiki/Jenson_Button_wins_2006_Hungarian_Grand_Prix,Renault,ORG
46689,Jenson Button wins 2006 Hungarian Grand Prix,2006-08-06,Sports,https://en.wikinews.org/wiki/Jenson_Button_wins_2006_Hungarian_Grand_Prix,Ferrari,GPE
46689,Jenson Button wins 2006 Hungarian Grand Prix,2006-08-06,Sports,https://en.wikinews.org/wiki/Jenson_Button_wins_2006_Hungarian_Grand_Prix,Felipe Massa,PERSON
46689,Jenson Button wins 2006 Hungarian Grand Prix,2006-08-06,Sports,https://en.wikinews.org/wiki/Jenson_Button_wins_2006_Hungarian_Grand_Prix,Giancarlo Fisichella,PERSON
46689,Jenson Button wins 2006 Hungarian Grand Prix,2006-08-06,Sports,https://en.wikinews.org/wiki/Jenson_Button_wins_2006_Hungarian_Grand_Prix,Fernando Alonso,PERSON
46689,Jenson Button wins 2006 Hungarian Grand Prix,2006-08-06,Sports,https://en.wikinews.org/wiki/Jenson_Button_wins_2006_Hungarian_Grand_Prix,Michael Schumacher,PERSON
46689,Jenson Button wins 2006 Hungarian Grand Prix,2006-08-06,Sports,https://en.wikinews.org/wiki/Jenson_Button_wins_2006_Hungarian_Grand_Prix,Alonso,PERSON
46689,Jenson Button wins 2006 Hungarian Grand Prix,2006-08-06,Sports,https://en.wikinews.org/wiki/Jenson_Button_wins_2006_Hungarian_Grand_Prix,Jenson Button,PERSON
46689,Jenson Button wins 2006 Hungarian Grand Prix,2006-08-06,Sports,https://en.wikinews.org/wiki/Jenson_Button_wins_2006_Hungarian_Grand_Prix,Honda,ORG
46689,Jenson Button wins 2006 Hungarian Grand Prix,2006-08-06,Sports,https://en.wikinews.org/wiki/Jenson_Button_wins_2006_Hungarian_Grand_Prix,Kimi Raikkonen,PERSON
46689,Jenson Button wins 2006 Hungarian Grand Prix,2006-08-06,Sports,https://en.wikinews.org/wiki/Jenson_Button_wins_2006_Hungarian_Grand_Prix,Vitantonio Liuzzi,PERSON
46689,Jenson Button wins 2006 Hungarian Grand Prix,2006-08-06,Sports,https://en.wikinews.org/wiki/Jenson_Button_wins_2006_Hungarian_Grand_Prix,Pedro De La Rosa,PERSON
46689,Jenson Button wins 2006 Hungarian Grand Prix,2006-08-06,Sports,https://en.wikinews.org/wiki/Jenson_Button_wins_2006_Hungarian_Grand_Prix,second,ORDINAL
46689,Jenson Button wins 2006 Hungarian Grand Prix,2006-08-06,Sports,https://en.wikinews.org/wiki/Jenson_Button_wins_2006_Hungarian_Grand_Prix,Nick Heifeld,PERSON
46689,Jenson Button wins 2006 Hungarian Grand Prix,2006-08-06,Sports,https://en.wikinews.org/wiki/Jenson_Button_wins_2006_Hungarian_Grand_Prix,BMW-Sauber,ORG
46689,Jenson Button wins 2006 Hungarian Grand Prix,2006-08-06,Sports,https://en.wikinews.org/wiki/Jenson_Button_wins_2006_Hungarian_Grand_Prix,third,ORDINAL
98466,New York Giants upset New England Patriots' quest for perfect season,2008-02-04,Sports,https://en.wikinews.org/wiki/New_York_Giants_upset_New_England_Patriots%27_quest_for_perfect_season,The New York Giants,ORG
98466,New York Giants upset New England Patriots' quest for perfect season,2008-02-04,Sports,https://en.wikinews.org/wiki/New_York_Giants_upset_New_England_Patriots%27_quest_for_perfect_season,the New England Patriots,ORG
98466,New York Giants upset New England Patriots' quest for perfect season,2008-02-04,Sports,https://en.wikinews.org/wiki/New_York_Giants_upset_New_England_Patriots%27_quest_for_perfect_season,17,CARDINAL
98466,New York Giants upset New England Patriots' quest for perfect season,2008-02-04,Sports,https://en.wikinews.org/wiki/New_York_Giants_upset_New_England_Patriots%27_quest_for_perfect_season,Super Bowl XLII,ORG
98466,New York Giants upset New England Patriots' quest for perfect season,2008-02-04,Sports,https://en.wikinews.org/wiki/New_York_Giants_upset_New_England_Patriots%27_quest_for_perfect_season,University of Phoenix Stadium,ORG
98466,New York Giants upset New England Patriots' quest for perfect season,2008-02-04,Sports,https://en.wikinews.org/wiki/New_York_Giants_upset_New_England_Patriots%27_quest_for_perfect_season,Glendale,GPE
98466,New York Giants upset New England Patriots' quest for perfect season,2008-02-04,Sports,https://en.wikinews.org/wiki/New_York_Giants_upset_New_England_Patriots%27_quest_for_perfect_season,Arizona,GPE
98466,New York Giants upset New England Patriots' quest for perfect season,2008-02-04,Sports,https://en.wikinews.org/wiki/New_York_Giants_upset_New_England_Patriots%27_quest_for_perfect_season,Sunday,DATE
98466,New York Giants upset New England Patriots' quest for perfect season,2008-02-04,Sports,https://en.wikinews.org/wiki/New_York_Giants_upset_New_England_Patriots%27_quest_for_perfect_season,night,TIME
98466,New York Giants upset New England Patriots' quest for perfect season,2008-02-04,Sports,https://en.wikinews.org/wiki/New_York_Giants_upset_New_England_Patriots%27_quest_for_perfect_season,the New York Giants,ORG
98466,New York Giants upset New England Patriots' quest for perfect season,2008-02-04,Sports,https://en.wikinews.org/wiki/New_York_Giants_upset_New_England_Patriots%27_quest_for_perfect_season,the last seconds,TIME
98466,New York Giants upset New England Patriots' quest for perfect season,2008-02-04,Sports,https://en.wikinews.org/wiki/New_York_Giants_upset_New_England_Patriots%27_quest_for_perfect_season,the New England Patriots',ORG
98466,New York Giants upset New England Patriots' quest for perfect season,2008-02-04,Sports,https://en.wikinews.org/wiki/New_York_Giants_upset_New_England_Patriots%27_quest_for_perfect_season,Patriots,ORG
98466,New York Giants upset New England Patriots' quest for perfect season,2008-02-04,Sports,https://en.wikinews.org/wiki/New_York_Giants_upset_New_England_Patriots%27_quest_for_perfect_season,the second quarter,DATE
98466,New York Giants upset New England Patriots' quest for perfect season,2008-02-04,Sports,https://en.wikinews.org/wiki/New_York_Giants_upset_New_England_Patriots%27_quest_for_perfect_season,2:42,TIME
98466,New York Giants upset New England Patriots' quest for perfect season,2008-02-04,Sports,https://en.wikinews.org/wiki/New_York_Giants_upset_New_England_Patriots%27_quest_for_perfect_season,the 4th quarter,DATE
98466,New York Giants upset New England Patriots' quest for perfect season,2008-02-04,Sports,https://en.wikinews.org/wiki/New_York_Giants_upset_New_England_Patriots%27_quest_for_perfect_season,Plaxico Burress,ORG
98466,New York Giants upset New England Patriots' quest for perfect season,2008-02-04,Sports,https://en.wikinews.org/wiki/New_York_Giants_upset_New_England_Patriots%27_quest_for_perfect_season,35 seconds,TIME
98466,New York Giants upset New England Patriots' quest for perfect season,2008-02-04,Sports,https://en.wikinews.org/wiki/New_York_Giants_upset_New_England_Patriots%27_quest_for_perfect_season,Giants,ORG
98466,New York Giants upset New England Patriots' quest for perfect season,2008-02-04,Sports,https://en.wikinews.org/wiki/New_York_Giants_upset_New_England_Patriots%27_quest_for_perfect_season,Eli Manning,ORG
98466,New York Giants upset New England Patriots' quest for perfect season,2008-02-04,Sports,https://en.wikinews.org/wiki/New_York_Giants_upset_New_England_Patriots%27_quest_for_perfect_season,The first quarter,DATE
98466,New York Giants upset New England Patriots' quest for perfect season,2008-02-04,Sports,https://en.wikinews.org/wiki/New_York_Giants_upset_New_England_Patriots%27_quest_for_perfect_season,16,CARDINAL
98466,New York Giants upset New England Patriots' quest for perfect season,2008-02-04,Sports,https://en.wikinews.org/wiki/New_York_Giants_upset_New_England_Patriots%27_quest_for_perfect_season,Giants,ORG
98466,New York Giants upset New England Patriots' quest for perfect season,2008-02-04,Sports,https://en.wikinews.org/wiki/New_York_Giants_upset_New_England_Patriots%27_quest_for_perfect_season,nearly 10 minutes,TIME
98466,New York Giants upset New England Patriots' quest for perfect season,2008-02-04,Sports,https://en.wikinews.org/wiki/New_York_Giants_upset_New_England_Patriots%27_quest_for_perfect_season,Three seconds,TIME
98466,New York Giants upset New England Patriots' quest for perfect season,2008-02-04,Sports,https://en.wikinews.org/wiki/New_York_Giants_upset_New_England_Patriots%27_quest_for_perfect_season,the second quarter,DATE
98466,New York Giants upset New England Patriots' quest for perfect season,2008-02-04,Sports,https://en.wikinews.org/wiki/New_York_Giants_upset_New_England_Patriots%27_quest_for_perfect_season,Patriots,ORG
98466,New York Giants upset New England Patriots' quest for perfect season,2008-02-04,Sports,https://en.wikinews.org/wiki/New_York_Giants_upset_New_England_Patriots%27_quest_for_perfect_season,1,CARDINAL
98466,New York Giants upset New England Patriots' quest for perfect season,2008-02-04,Sports,https://en.wikinews.org/wiki/New_York_Giants_upset_New_England_Patriots%27_quest_for_perfect_season,Laurence Maroney,PERSON
98466,New York Giants upset New England Patriots' quest for perfect season,2008-02-04,Sports,https://en.wikinews.org/wiki/New_York_Giants_upset_New_England_Patriots%27_quest_for_perfect_season,The third quarter,DATE
98466,New York Giants upset New England Patriots' quest for perfect season,2008-02-04,Sports,https://en.wikinews.org/wiki/New_York_Giants_upset_New_England_Patriots%27_quest_for_perfect_season,11:05,CARDINAL
98466,New York Giants upset New England Patriots' quest for perfect season,2008-02-04,Sports,https://en.wikinews.org/wiki/New_York_Giants_upset_New_England_Patriots%27_quest_for_perfect_season,the fourth quarter,DATE
98466,New York Giants upset New England Patriots' quest for perfect season,2008-02-04,Sports,https://en.wikinews.org/wiki/New_York_Giants_upset_New_England_Patriots%27_quest_for_perfect_season,Eli Manning,ORG
98466,New York Giants upset New England Patriots' quest for perfect season,2008-02-04,Sports,https://en.wikinews.org/wiki/New_York_Giants_upset_New_England_Patriots%27_quest_for_perfect_season,five,CARDINAL
98466,New York Giants upset New England Patriots' quest for perfect season,2008-02-04,Sports,https://en.wikinews.org/wiki/New_York_Giants_upset_New_England_Patriots%27_quest_for_perfect_season,David Tyree,PERSON
98466,New York Giants upset New England Patriots' quest for perfect season,2008-02-04,Sports,https://en.wikinews.org/wiki/New_York_Giants_upset_New_England_Patriots%27_quest_for_perfect_season,10,CARDINAL
98466,New York Giants upset New England Patriots' quest for perfect season,2008-02-04,Sports,https://en.wikinews.org/wiki/New_York_Giants_upset_New_England_Patriots%27_quest_for_perfect_season,Patriots,ORG
98466,New York Giants upset New England Patriots' quest for perfect season,2008-02-04,Sports,https://en.wikinews.org/wiki/New_York_Giants_upset_New_England_Patriots%27_quest_for_perfect_season,14-10,CARDINAL
98466,New York Giants upset New England Patriots' quest for perfect season,2008-02-04,Sports,https://en.wikinews.org/wiki/New_York_Giants_upset_New_England_Patriots%27_quest_for_perfect_season,seven,CARDINAL
98466,New York Giants upset New England Patriots' quest for perfect season,2008-02-04,Sports,https://en.wikinews.org/wiki/New_York_Giants_upset_New_England_Patriots%27_quest_for_perfect_season,Tom Brady,PERSON
98466,New York Giants upset New England Patriots' quest for perfect season,2008-02-04,Sports,https://en.wikinews.org/wiki/New_York_Giants_upset_New_England_Patriots%27_quest_for_perfect_season,Randy Moss,PERSON
98466,New York Giants upset New England Patriots' quest for perfect season,2008-02-04,Sports,https://en.wikinews.org/wiki/New_York_Giants_upset_New_England_Patriots%27_quest_for_perfect_season,Giants,ORG
98466,New York Giants upset New England Patriots' quest for perfect season,2008-02-04,Sports,https://en.wikinews.org/wiki/New_York_Giants_upset_New_England_Patriots%27_quest_for_perfect_season,Tyree,NORP
98466,New York Giants upset New England Patriots' quest for perfect season,2008-02-04,Sports,https://en.wikinews.org/wiki/New_York_Giants_upset_New_England_Patriots%27_quest_for_perfect_season,Patriots,ORG
98466,New York Giants upset New England Patriots' quest for perfect season,2008-02-04,Sports,https://en.wikinews.org/wiki/New_York_Giants_upset_New_England_Patriots%27_quest_for_perfect_season,24,CARDINAL
98466,New York Giants upset New England Patriots' quest for perfect season,2008-02-04,Sports,https://en.wikinews.org/wiki/New_York_Giants_upset_New_England_Patriots%27_quest_for_perfect_season,Plaxico Burress',ORG
98466,New York Giants upset New England Patriots' quest for perfect season,2008-02-04,Sports,https://en.wikinews.org/wiki/New_York_Giants_upset_New_England_Patriots%27_quest_for_perfect_season,Eli Manning,ORG
98466,New York Giants upset New England Patriots' quest for perfect season,2008-02-04,Sports,https://en.wikinews.org/wiki/New_York_Giants_upset_New_England_Patriots%27_quest_for_perfect_season,the Super Bowl Most Valuable Player,EVENT
98466,New York Giants upset New England Patriots' quest for perfect season,2008-02-04,Sports,https://en.wikinews.org/wiki/New_York_Giants_upset_New_England_Patriots%27_quest_for_perfect_season,tonight,TIME
98466,New York Giants upset New England Patriots' quest for perfect season,2008-02-04,Sports,https://en.wikinews.org/wiki/New_York_Giants_upset_New_England_Patriots%27_quest_for_perfect_season,Plaxico Burress,PERSON
104827,Wikinews interviews Mr. Orange of IWL in Taiwan about wrestling,2008-04-29,Sports,https://en.wikinews.org/wiki/Wikinews_interviews_Mr._Orange_of_IWL_in_Taiwan_about_wrestling,Greco-Roman,ORG
104827,Wikinews interviews Mr. Orange of IWL in Taiwan about wrestling,2008-04-29,Sports,https://en.wikinews.org/wiki/Wikinews_interviews_Mr._Orange_of_IWL_in_Taiwan_about_wrestling,Japanese,NORP
104827,Wikinews interviews Mr. Orange of IWL in Taiwan about wrestling,2008-04-29,Sports,https://en.wikinews.org/wiki/Wikinews_interviews_Mr._Orange_of_IWL_in_Taiwan_about_wrestling,American,NORP
104827,Wikinews interviews Mr. Orange of IWL in Taiwan about wrestling,2008-04-29,Sports,https://en.wikinews.org/wiki/Wikinews_interviews_Mr._Orange_of_IWL_in_Taiwan_about_wrestling,World Wrestling Entertainment,ORG
104827,Wikinews interviews Mr. Orange of IWL in Taiwan about wrestling,2008-04-29,Sports,https://en.wikinews.org/wiki/Wikinews_interviews_Mr._Orange_of_IWL_in_Taiwan_about_wrestling,New Japan Pro Wrestling,ORG
104827,Wikinews interviews Mr. Orange of IWL in Taiwan about wrestling,2008-04-29,Sports,https://en.wikinews.org/wiki/Wikinews_interviews_Mr._Orange_of_IWL_in_Taiwan_about_wrestling,Japan,GPE
104827,Wikinews interviews Mr. Orange of IWL in Taiwan about wrestling,2008-04-29,Sports,https://en.wikinews.org/wiki/Wikinews_interviews_Mr._Orange_of_IWL_in_Taiwan_about_wrestling,America,GPE
104827,Wikinews interviews Mr. Orange of IWL in Taiwan about wrestling,2008-04-29,Sports,https://en.wikinews.org/wiki/Wikinews_interviews_Mr._Orange_of_IWL_in_Taiwan_about_wrestling,Europe,LOC
104827,Wikinews interviews Mr. Orange of IWL in Taiwan about wrestling,2008-04-29,Sports,https://en.wikinews.org/wiki/Wikinews_interviews_Mr._Orange_of_IWL_in_Taiwan_about_wrestling,Taiwan,GPE
104827,Wikinews interviews Mr. Orange of IWL in Taiwan about wrestling,2008-04-29,Sports,https://en.wikinews.org/wiki/Wikinews_interviews_Mr._Orange_of_IWL_in_Taiwan_about_wrestling,Taiwanese,NORP
104827,Wikinews interviews Mr. Orange of IWL in Taiwan about wrestling,2008-04-29,Sports,https://en.wikinews.org/wiki/Wikinews_interviews_Mr._Orange_of_IWL_in_Taiwan_about_wrestling,the Asian Games,EVENT
104827,Wikinews interviews Mr. Orange of IWL in Taiwan about wrestling,2008-04-29,Sports,https://en.wikinews.org/wiki/Wikinews_interviews_Mr._Orange_of_IWL_in_Taiwan_about_wrestling,Olympics,EVENT
104827,Wikinews interviews Mr. Orange of IWL in Taiwan about wrestling,2008-04-29,Sports,https://en.wikinews.org/wiki/Wikinews_interviews_Mr._Orange_of_IWL_in_Taiwan_about_wrestling,Taiwan,GPE
104827,Wikinews interviews Mr. Orange of IWL in Taiwan about wrestling,2008-04-29,Sports,https://en.wikinews.org/wiki/Wikinews_interviews_Mr._Orange_of_IWL_in_Taiwan_about_wrestling,Taiwan,GPE
104827,Wikinews interviews Mr. Orange of IWL in Taiwan about wrestling,2008-04-29,Sports,https://en.wikinews.org/wiki/Wikinews_interviews_Mr._Orange_of_IWL_in_Taiwan_about_wrestling,Rico Shen,PERSON
104827,Wikinews interviews Mr. Orange of IWL in Taiwan about wrestling,2008-04-29,Sports,https://en.wikinews.org/wiki/Wikinews_interviews_Mr._Orange_of_IWL_in_Taiwan_about_wrestling,2008,DATE
104827,Wikinews interviews Mr. Orange of IWL in Taiwan about wrestling,2008-04-29,Sports,https://en.wikinews.org/wiki/Wikinews_interviews_Mr._Orange_of_IWL_in_Taiwan_about_wrestling,IWL Spring Festival,EVENT
104827,Wikinews interviews Mr. Orange of IWL in Taiwan about wrestling,2008-04-29,Sports,https://en.wikinews.org/wiki/Wikinews_interviews_Mr._Orange_of_IWL_in_Taiwan_about_wrestling,Orange,PERSON
104827,Wikinews interviews Mr. Orange of IWL in Taiwan about wrestling,2008-04-29,Sports,https://en.wikinews.org/wiki/Wikinews_interviews_Mr._Orange_of_IWL_in_Taiwan_about_wrestling,WWE,ORG
104827,Wikinews interviews Mr. Orange of IWL in Taiwan about wrestling,2008-04-29,Sports,https://en.wikinews.org/wiki/Wikinews_interviews_Mr._Orange_of_IWL_in_Taiwan_about_wrestling,VideoLand Max TV,ORG
104827,Wikinews interviews Mr. Orange of IWL in Taiwan about wrestling,2008-04-29,Sports,https://en.wikinews.org/wiki/Wikinews_interviews_Mr._Orange_of_IWL_in_Taiwan_about_wrestling,Taiwan,GPE
104827,Wikinews interviews Mr. Orange of IWL in Taiwan about wrestling,2008-04-29,Sports,https://en.wikinews.org/wiki/Wikinews_interviews_Mr._Orange_of_IWL_in_Taiwan_about_wrestling,Opening,WORK_OF_ART
104827,Wikinews interviews Mr. Orange of IWL in Taiwan about wrestling,2008-04-29,Sports,https://en.wikinews.org/wiki/Wikinews_interviews_Mr._Orange_of_IWL_in_Taiwan_about_wrestling,Orange,PERSON
104827,Wikinews interviews Mr. Orange of IWL in Taiwan about wrestling,2008-04-29,Sports,https://en.wikinews.org/wiki/Wikinews_interviews_Mr._Orange_of_IWL_in_Taiwan_about_wrestling,WWE,ORG
104827,Wikinews interviews Mr. Orange of IWL in Taiwan about wrestling,2008-04-29,Sports,https://en.wikinews.org/wiki/Wikinews_interviews_Mr._Orange_of_IWL_in_Taiwan_about_wrestling,VideoLand Max TV,ORG
104827,Wikinews interviews Mr. Orange of IWL in Taiwan about wrestling,2008-04-29,Sports,https://en.wikinews.org/wiki/Wikinews_interviews_Mr._Orange_of_IWL_in_Taiwan_about_wrestling,Taiwan,GPE
104827,Wikinews interviews Mr. Orange of IWL in Taiwan about wrestling,2008-04-29,Sports,https://en.wikinews.org/wiki/Wikinews_interviews_Mr._Orange_of_IWL_in_Taiwan_about_wrestling,Taiwan,GPE
104827,Wikinews interviews Mr. Orange of IWL in Taiwan about wrestling,2008-04-29,Sports,https://en.wikinews.org/wiki/Wikinews_interviews_Mr._Orange_of_IWL_in_Taiwan_about_wrestling,WN,ORG
104827,Wikinews interviews Mr. Orange of IWL in Taiwan about wrestling,2008-04-29,Sports,https://en.wikinews.org/wiki/Wikinews_interviews_Mr._Orange_of_IWL_in_Taiwan_about_wrestling,Taipei City Mall,FAC
104827,Wikinews interviews Mr. Orange of IWL in Taiwan about wrestling,2008-04-29,Sports,https://en.wikinews.org/wiki/Wikinews_interviews_Mr._Orange_of_IWL_in_Taiwan_about_wrestling,Orange,PERSON
104827,Wikinews interviews Mr. Orange of IWL in Taiwan about wrestling,2008-04-29,Sports,https://en.wikinews.org/wiki/Wikinews_interviews_Mr._Orange_of_IWL_in_Taiwan_about_wrestling,WN,ORG
104827,Wikinews interviews Mr. Orange of IWL in Taiwan about wrestling,2008-04-29,Sports,https://en.wikinews.org/wiki/Wikinews_interviews_Mr._Orange_of_IWL_in_Taiwan_about_wrestling,first,ORDINAL
104827,Wikinews interviews Mr. Orange of IWL in Taiwan about wrestling,2008-04-29,Sports,https://en.wikinews.org/wiki/Wikinews_interviews_Mr._Orange_of_IWL_in_Taiwan_about_wrestling,Europe,LOC
104827,Wikinews interviews Mr. Orange of IWL in Taiwan about wrestling,2008-04-29,Sports,https://en.wikinews.org/wiki/Wikinews_interviews_Mr._Orange_of_IWL_in_Taiwan_about_wrestling,America,GPE
104827,Wikinews interviews Mr. Orange of IWL in Taiwan about wrestling,2008-04-29,Sports,https://en.wikinews.org/wiki/Wikinews_interviews_Mr._Orange_of_IWL_in_Taiwan_about_wrestling,Japan,GPE
104827,Wikinews interviews Mr. Orange of IWL in Taiwan about wrestling,2008-04-29,Sports,https://en.wikinews.org/wiki/Wikinews_interviews_Mr._Orange_of_IWL_in_Taiwan_about_wrestling,WN,ORG
104827,Wikinews interviews Mr. Orange of IWL in Taiwan about wrestling,2008-04-29,Sports,https://en.wikinews.org/wiki/Wikinews_interviews_Mr._Orange_of_IWL_in_Taiwan_about_wrestling,Taiwan,GPE
104827,Wikinews interviews Mr. Orange of IWL in Taiwan about wrestling,2008-04-29,Sports,https://en.wikinews.org/wiki/Wikinews_interviews_Mr._Orange_of_IWL_in_Taiwan_about_wrestling,Taiwan,GPE
104827,Wikinews interviews Mr. Orange of IWL in Taiwan about wrestling,2008-04-29,Sports,https://en.wikinews.org/wiki/Wikinews_interviews_Mr._Orange_of_IWL_in_Taiwan_about_wrestling,Korea,GPE
104827,Wikinews interviews Mr. Orange of IWL in Taiwan about wrestling,2008-04-29,Sports,https://en.wikinews.org/wiki/Wikinews_interviews_Mr._Orange_of_IWL_in_Taiwan_about_wrestling,WN,ORG
104827,Wikinews interviews Mr. Orange of IWL in Taiwan about wrestling,2008-04-29,Sports,https://en.wikinews.org/wiki/Wikinews_interviews_Mr._Orange_of_IWL_in_Taiwan_about_wrestling,Taiwan,GPE
104827,Wikinews interviews Mr. Orange of IWL in Taiwan about wrestling,2008-04-29,Sports,https://en.wikinews.org/wiki/Wikinews_interviews_Mr._Orange_of_IWL_in_Taiwan_about_wrestling,WN,ORG
104827,Wikinews interviews Mr. Orange of IWL in Taiwan about wrestling,2008-04-29,Sports,https://en.wikinews.org/wiki/Wikinews_interviews_Mr._Orange_of_IWL_in_Taiwan_about_wrestling,WN,ORG
104827,Wikinews interviews Mr. Orange of IWL in Taiwan about wrestling,2008-04-29,Sports,https://en.wikinews.org/wiki/Wikinews_interviews_Mr._Orange_of_IWL_in_Taiwan_about_wrestling,Chinese,LANGUAGE
104827,Wikinews interviews Mr. Orange of IWL in Taiwan about wrestling,2008-04-29,Sports,https://en.wikinews.org/wiki/Wikinews_interviews_Mr._Orange_of_IWL_in_Taiwan_about_wrestling,World Wrestling Entertainment,ORG
104827,Wikinews interviews Mr. Orange of IWL in Taiwan about wrestling,2008-04-29,Sports,https://en.wikinews.org/wiki/Wikinews_interviews_Mr._Orange_of_IWL_in_Taiwan_about_wrestling,WN,ORG
104827,Wikinews interviews Mr. Orange of IWL in Taiwan about wrestling,2008-04-29,Sports,https://en.wikinews.org/wiki/Wikinews_interviews_Mr._Orange_of_IWL_in_Taiwan_about_wrestling,their own years,DATE
104827,Wikinews interviews Mr. Orange of IWL in Taiwan about wrestling,2008-04-29,Sports,https://en.wikinews.org/wiki/Wikinews_interviews_Mr._Orange_of_IWL_in_Taiwan_about_wrestling,two,CARDINAL
104827,Wikinews interviews Mr. Orange of IWL in Taiwan about wrestling,2008-04-29,Sports,https://en.wikinews.org/wiki/Wikinews_interviews_Mr._Orange_of_IWL_in_Taiwan_about_wrestling,NWA Championship,ORG
104827,Wikinews interviews Mr. Orange of IWL in Taiwan about wrestling,2008-04-29,Sports,https://en.wikinews.org/wiki/Wikinews_interviews_Mr._Orange_of_IWL_in_Taiwan_about_wrestling,1989,DATE
104827,Wikinews interviews Mr. Orange of IWL in Taiwan about wrestling,2008-04-29,Sports,https://en.wikinews.org/wiki/Wikinews_interviews_Mr._Orange_of_IWL_in_Taiwan_about_wrestling,Ric Flair vs Ricky Steamboat,WORK_OF_ART
104827,Wikinews interviews Mr. Orange of IWL in Taiwan about wrestling,2008-04-29,Sports,https://en.wikinews.org/wiki/Wikinews_interviews_Mr._Orange_of_IWL_in_Taiwan_about_wrestling,1981,DATE
104827,Wikinews interviews Mr. Orange of IWL in Taiwan about wrestling,2008-04-29,Sports,https://en.wikinews.org/wiki/Wikinews_interviews_Mr._Orange_of_IWL_in_Taiwan_about_wrestling,Ric Flair vs,WORK_OF_ART
104827,Wikinews interviews Mr. Orange of IWL in Taiwan about wrestling,2008-04-29,Sports,https://en.wikinews.org/wiki/Wikinews_interviews_Mr._Orange_of_IWL_in_Taiwan_about_wrestling,WN,ORG
104827,Wikinews interviews Mr. Orange of IWL in Taiwan about wrestling,2008-04-29,Sports,https://en.wikinews.org/wiki/Wikinews_interviews_Mr._Orange_of_IWL_in_Taiwan_about_wrestling,Taiwan,GPE
104827,Wikinews interviews Mr. Orange of IWL in Taiwan about wrestling,2008-04-29,Sports,https://en.wikinews.org/wiki/Wikinews_interviews_Mr._Orange_of_IWL_in_Taiwan_about_wrestling,IWL,ORG
104827,Wikinews interviews Mr. Orange of IWL in Taiwan about wrestling,2008-04-29,Sports,https://en.wikinews.org/wiki/Wikinews_interviews_Mr._Orange_of_IWL_in_Taiwan_about_wrestling,Taipei,GPE
104827,Wikinews interviews Mr. Orange of IWL in Taiwan about wrestling,2008-04-29,Sports,https://en.wikinews.org/wiki/Wikinews_interviews_Mr._Orange_of_IWL_in_Taiwan_about_wrestling,Central or Southern Taiwan,LOC
104827,Wikinews interviews Mr. Orange of IWL in Taiwan about wrestling,2008-04-29,Sports,https://en.wikinews.org/wiki/Wikinews_interviews_Mr._Orange_of_IWL_in_Taiwan_about_wrestling,WN,ORG
104827,Wikinews interviews Mr. Orange of IWL in Taiwan about wrestling,2008-04-29,Sports,https://en.wikinews.org/wiki/Wikinews_interviews_Mr._Orange_of_IWL_in_Taiwan_about_wrestling,WN,ORG
104827,Wikinews interviews Mr. Orange of IWL in Taiwan about wrestling,2008-04-29,Sports,https://en.wikinews.org/wiki/Wikinews_interviews_Mr._Orange_of_IWL_in_Taiwan_about_wrestling,Taiwan,GPE
104827,Wikinews interviews Mr. Orange of IWL in Taiwan about wrestling,2008-04-29,Sports,https://en.wikinews.org/wiki/Wikinews_interviews_Mr._Orange_of_IWL_in_Taiwan_about_wrestling,IWL,ORG
104827,Wikinews interviews Mr. Orange of IWL in Taiwan about wrestling,2008-04-29,Sports,https://en.wikinews.org/wiki/Wikinews_interviews_Mr._Orange_of_IWL_in_Taiwan_about_wrestling,Taiwan,GPE
104827,Wikinews interviews Mr. Orange of IWL in Taiwan about wrestling,2008-04-29,Sports,https://en.wikinews.org/wiki/Wikinews_interviews_Mr._Orange_of_IWL_in_Taiwan_about_wrestling,WN,ORG
104827,Wikinews interviews Mr. Orange of IWL in Taiwan about wrestling,2008-04-29,Sports,https://en.wikinews.org/wiki/Wikinews_interviews_Mr._Orange_of_IWL_in_Taiwan_about_wrestling,Orange,PERSON
1968775,Scottish footballer Dave Mackay dies aged 80,2015-03-05,Sports,https://en.wikinews.org/wiki/Scottish_footballer_Dave_Mackay_dies_aged_80,Scottish,NORP
1968775,Scottish footballer Dave Mackay dies aged 80,2015-03-05,Sports,https://en.wikinews.org/wiki/Scottish_footballer_Dave_Mackay_dies_aged_80,Dave Mackay,PERSON
1968775,Scottish footballer Dave Mackay dies aged 80,2015-03-05,Sports,https://en.wikinews.org/wiki/Scottish_footballer_Dave_Mackay_dies_aged_80,English,NORP
1968775,Scottish footballer Dave Mackay dies aged 80,2015-03-05,Sports,https://en.wikinews.org/wiki/Scottish_footballer_Dave_Mackay_dies_aged_80,Monday,DATE
1968775,Scottish footballer Dave Mackay dies aged 80,2015-03-05,Sports,https://en.wikinews.org/wiki/Scottish_footballer_Dave_Mackay_dies_aged_80,80,DATE
1968775,Scottish footballer Dave Mackay dies aged 80,2015-03-05,Sports,https://en.wikinews.org/wiki/Scottish_footballer_Dave_Mackay_dies_aged_80,Dave,PERSON
1968775,Scottish footballer Dave Mackay dies aged 80,2015-03-05,Sports,https://en.wikinews.org/wiki/Scottish_footballer_Dave_Mackay_dies_aged_80,Tottenham Hotspur,PERSON
1968775,Scottish footballer Dave Mackay dies aged 80,2015-03-05,Sports,https://en.wikinews.org/wiki/Scottish_footballer_Dave_Mackay_dies_aged_80,English,NORP
1968775,Scottish footballer Dave Mackay dies aged 80,2015-03-05,Sports,https://en.wikinews.org/wiki/Scottish_footballer_Dave_Mackay_dies_aged_80,Mackay,PERSON
1968775,Scottish footballer Dave Mackay dies aged 80,2015-03-05,Sports,https://en.wikinews.org/wiki/Scottish_footballer_Dave_Mackay_dies_aged_80,the late fifties,DATE
1968775,Scottish footballer Dave Mackay dies aged 80,2015-03-05,Sports,https://en.wikinews.org/wiki/Scottish_footballer_Dave_Mackay_dies_aged_80,early sixties,DATE
1968775,Scottish footballer Dave Mackay dies aged 80,2015-03-05,Sports,https://en.wikinews.org/wiki/Scottish_footballer_Dave_Mackay_dies_aged_80,Mackay,PERSON
1968775,Scottish footballer Dave Mackay dies aged 80,2015-03-05,Sports,https://en.wikinews.org/wiki/Scottish_footballer_Dave_Mackay_dies_aged_80,England,GPE
1968775,Scottish footballer Dave Mackay dies aged 80,2015-03-05,Sports,https://en.wikinews.org/wiki/Scottish_footballer_Dave_Mackay_dies_aged_80,Scottish,NORP
1968775,Scottish footballer Dave Mackay dies aged 80,2015-03-05,Sports,https://en.wikinews.org/wiki/Scottish_footballer_Dave_Mackay_dies_aged_80,Hearts,PERSON
1968775,Scottish footballer Dave Mackay dies aged 80,2015-03-05,Sports,https://en.wikinews.org/wiki/Scottish_footballer_Dave_Mackay_dies_aged_80,the Scottish Cup,EVENT
1968775,Scottish footballer Dave Mackay dies aged 80,2015-03-05,Sports,https://en.wikinews.org/wiki/Scottish_footballer_Dave_Mackay_dies_aged_80,the Scottish League Cup,ORG
1968775,Scottish footballer Dave Mackay dies aged 80,2015-03-05,Sports,https://en.wikinews.org/wiki/Scottish_footballer_Dave_Mackay_dies_aged_80,three,CARDINAL
1968775,Scottish footballer Dave Mackay dies aged 80,2015-03-05,Sports,https://en.wikinews.org/wiki/Scottish_footballer_Dave_Mackay_dies_aged_80,one,CARDINAL
1968775,Scottish footballer Dave Mackay dies aged 80,2015-03-05,Sports,https://en.wikinews.org/wiki/Scottish_footballer_Dave_Mackay_dies_aged_80,the same year,DATE
1968775,Scottish footballer Dave Mackay dies aged 80,2015-03-05,Sports,https://en.wikinews.org/wiki/Scottish_footballer_Dave_Mackay_dies_aged_80,English,NORP
1968775,Scottish footballer Dave Mackay dies aged 80,2015-03-05,Sports,https://en.wikinews.org/wiki/Scottish_footballer_Dave_Mackay_dies_aged_80,Tottenham Hotspur,PERSON
1968775,Scottish footballer Dave Mackay dies aged 80,2015-03-05,Sports,https://en.wikinews.org/wiki/Scottish_footballer_Dave_Mackay_dies_aged_80,22,CARDINAL
1968775,Scottish footballer Dave Mackay dies aged 80,2015-03-05,Sports,https://en.wikinews.org/wiki/Scottish_footballer_Dave_Mackay_dies_aged_80,Scottish,NORP
1968775,Scottish footballer Dave Mackay dies aged 80,2015-03-05,Sports,https://en.wikinews.org/wiki/Scottish_footballer_Dave_Mackay_dies_aged_80,Mackay,PERSON
1968775,Scottish footballer Dave Mackay dies aged 80,2015-03-05,Sports,https://en.wikinews.org/wiki/Scottish_footballer_Dave_Mackay_dies_aged_80,English,LANGUAGE
1968775,Scottish footballer Dave Mackay dies aged 80,2015-03-05,Sports,https://en.wikinews.org/wiki/Scottish_footballer_Dave_Mackay_dies_aged_80,Middle Eastern,NORP
1968775,Scottish footballer Dave Mackay dies aged 80,2015-03-05,Sports,https://en.wikinews.org/wiki/Scottish_footballer_Dave_Mackay_dies_aged_80,Derby County,GPE
1968775,Scottish footballer Dave Mackay dies aged 80,2015-03-05,Sports,https://en.wikinews.org/wiki/Scottish_footballer_Dave_Mackay_dies_aged_80,1975,DATE
1968775,Scottish footballer Dave Mackay dies aged 80,2015-03-05,Sports,https://en.wikinews.org/wiki/Scottish_footballer_Dave_Mackay_dies_aged_80,Mackay,PERSON
1968775,Scottish footballer Dave Mackay dies aged 80,2015-03-05,Sports,https://en.wikinews.org/wiki/Scottish_footballer_Dave_Mackay_dies_aged_80,1995,DATE
1968775,Scottish footballer Dave Mackay dies aged 80,2015-03-05,Sports,https://en.wikinews.org/wiki/Scottish_footballer_Dave_Mackay_dies_aged_80,Footballer of the Year,ORG
1968775,Scottish footballer Dave Mackay dies aged 80,2015-03-05,Sports,https://en.wikinews.org/wiki/Scottish_footballer_Dave_Mackay_dies_aged_80,Scotland,GPE
1968775,Scottish footballer Dave Mackay dies aged 80,2015-03-05,Sports,https://en.wikinews.org/wiki/Scottish_footballer_Dave_Mackay_dies_aged_80,England,GPE
1968775,Scottish footballer Dave Mackay dies aged 80,2015-03-05,Sports,https://en.wikinews.org/wiki/Scottish_footballer_Dave_Mackay_dies_aged_80,Manchester United,PERSON
1968775,Scottish footballer Dave Mackay dies aged 80,2015-03-05,Sports,https://en.wikinews.org/wiki/Scottish_footballer_Dave_Mackay_dies_aged_80,George Best,PERSON
1968775,Scottish footballer Dave Mackay dies aged 80,2015-03-05,Sports,https://en.wikinews.org/wiki/Scottish_footballer_Dave_Mackay_dies_aged_80,Mackay,WORK_OF_ART
1968775,Scottish footballer Dave Mackay dies aged 80,2015-03-05,Sports,https://en.wikinews.org/wiki/Scottish_footballer_Dave_Mackay_dies_aged_80,Scotland,GPE
1968775,Scottish footballer Dave Mackay dies aged 80,2015-03-05,Sports,https://en.wikinews.org/wiki/Scottish_footballer_Dave_Mackay_dies_aged_80,Northern Ireland,GPE
1968775,Scottish footballer Dave Mackay dies aged 80,2015-03-05,Sports,https://en.wikinews.org/wiki/Scottish_footballer_Dave_Mackay_dies_aged_80,March 25,DATE
245885,2011 Cricket World Cup: India vs Bangladesh,2011-02-21,Sports,https://en.wikinews.org/wiki/2011_Cricket_World_Cup:_India_vs_Bangladesh,India,GPE
245885,2011 Cricket World Cup: India vs Bangladesh,2011-02-21,Sports,https://en.wikinews.org/wiki/2011_Cricket_World_Cup:_India_vs_Bangladesh,first,ORDINAL
245885,2011 Cricket World Cup: India vs Bangladesh,2011-02-21,Sports,https://en.wikinews.org/wiki/2011_Cricket_World_Cup:_India_vs_Bangladesh,the 2011 Cricket World Cup,ORG
245885,2011 Cricket World Cup: India vs Bangladesh,2011-02-21,Sports,https://en.wikinews.org/wiki/2011_Cricket_World_Cup:_India_vs_Bangladesh,Bangladesh,GPE
245885,2011 Cricket World Cup: India vs Bangladesh,2011-02-21,Sports,https://en.wikinews.org/wiki/2011_Cricket_World_Cup:_India_vs_Bangladesh,87,CARDINAL
245885,2011 Cricket World Cup: India vs Bangladesh,2011-02-21,Sports,https://en.wikinews.org/wiki/2011_Cricket_World_Cup:_India_vs_Bangladesh,February 19,DATE
245885,2011 Cricket World Cup: India vs Bangladesh,2011-02-21,Sports,https://en.wikinews.org/wiki/2011_Cricket_World_Cup:_India_vs_Bangladesh,Group,ORG
245885,2011 Cricket World Cup: India vs Bangladesh,2011-02-21,Sports,https://en.wikinews.org/wiki/2011_Cricket_World_Cup:_India_vs_Bangladesh,the Shere Bangla National Stadium,FAC
245885,2011 Cricket World Cup: India vs Bangladesh,2011-02-21,Sports,https://en.wikinews.org/wiki/2011_Cricket_World_Cup:_India_vs_Bangladesh,Mirpur,GPE
245885,2011 Cricket World Cup: India vs Bangladesh,2011-02-21,Sports,https://en.wikinews.org/wiki/2011_Cricket_World_Cup:_India_vs_Bangladesh,Bangladesh,GPE
245885,2011 Cricket World Cup: India vs Bangladesh,2011-02-21,Sports,https://en.wikinews.org/wiki/2011_Cricket_World_Cup:_India_vs_Bangladesh,first,ORDINAL
245885,2011 Cricket World Cup: India vs Bangladesh,2011-02-21,Sports,https://en.wikinews.org/wiki/2011_Cricket_World_Cup:_India_vs_Bangladesh,Indian,NORP
245885,2011 Cricket World Cup: India vs Bangladesh,2011-02-21,Sports,https://en.wikinews.org/wiki/2011_Cricket_World_Cup:_India_vs_Bangladesh,Virender Sehwag,PERSON
245885,2011 Cricket World Cup: India vs Bangladesh,2011-02-21,Sports,https://en.wikinews.org/wiki/2011_Cricket_World_Cup:_India_vs_Bangladesh,175,CARDINAL
245885,2011 Cricket World Cup: India vs Bangladesh,2011-02-21,Sports,https://en.wikinews.org/wiki/2011_Cricket_World_Cup:_India_vs_Bangladesh,140,CARDINAL
245885,2011 Cricket World Cup: India vs Bangladesh,2011-02-21,Sports,https://en.wikinews.org/wiki/2011_Cricket_World_Cup:_India_vs_Bangladesh,one-day,DATE
245885,2011 Cricket World Cup: India vs Bangladesh,2011-02-21,Sports,https://en.wikinews.org/wiki/2011_Cricket_World_Cup:_India_vs_Bangladesh,Virat Kolhi,PERSON
245885,2011 Cricket World Cup: India vs Bangladesh,2011-02-21,Sports,https://en.wikinews.org/wiki/2011_Cricket_World_Cup:_India_vs_Bangladesh,World Cup,EVENT
245885,2011 Cricket World Cup: India vs Bangladesh,2011-02-21,Sports,https://en.wikinews.org/wiki/2011_Cricket_World_Cup:_India_vs_Bangladesh,a century,DATE
245885,2011 Cricket World Cup: India vs Bangladesh,2011-02-21,Sports,https://en.wikinews.org/wiki/2011_Cricket_World_Cup:_India_vs_Bangladesh,100,CARDINAL
245885,2011 Cricket World Cup: India vs Bangladesh,2011-02-21,Sports,https://en.wikinews.org/wiki/2011_Cricket_World_Cup:_India_vs_Bangladesh,first,ORDINAL
245885,2011 Cricket World Cup: India vs Bangladesh,2011-02-21,Sports,https://en.wikinews.org/wiki/2011_Cricket_World_Cup:_India_vs_Bangladesh,the World Cup,EVENT
245885,2011 Cricket World Cup: India vs Bangladesh,2011-02-21,Sports,https://en.wikinews.org/wiki/2011_Cricket_World_Cup:_India_vs_Bangladesh,4th,ORDINAL
245885,2011 Cricket World Cup: India vs Bangladesh,2011-02-21,Sports,https://en.wikinews.org/wiki/2011_Cricket_World_Cup:_India_vs_Bangladesh,2nd,ORDINAL
245885,2011 Cricket World Cup: India vs Bangladesh,2011-02-21,Sports,https://en.wikinews.org/wiki/2011_Cricket_World_Cup:_India_vs_Bangladesh,India,GPE
245885,2011 Cricket World Cup: India vs Bangladesh,2011-02-21,Sports,https://en.wikinews.org/wiki/2011_Cricket_World_Cup:_India_vs_Bangladesh,Shanthakumaran Sreesanth,GPE
245885,2011 Cricket World Cup: India vs Bangladesh,2011-02-21,Sports,https://en.wikinews.org/wiki/2011_Cricket_World_Cup:_India_vs_Bangladesh,World Cup,EVENT
245885,2011 Cricket World Cup: India vs Bangladesh,2011-02-21,Sports,https://en.wikinews.org/wiki/2011_Cricket_World_Cup:_India_vs_Bangladesh,1-69,CARDINAL
245885,2011 Cricket World Cup: India vs Bangladesh,2011-02-21,Sports,https://en.wikinews.org/wiki/2011_Cricket_World_Cup:_India_vs_Bangladesh,Tendulkar,ORG
245885,2011 Cricket World Cup: India vs Bangladesh,2011-02-21,Sports,https://en.wikinews.org/wiki/2011_Cricket_World_Cup:_India_vs_Bangladesh,10.5,CARDINAL
245885,2011 Cricket World Cup: India vs Bangladesh,2011-02-21,Sports,https://en.wikinews.org/wiki/2011_Cricket_World_Cup:_India_vs_Bangladesh,2,CARDINAL
245885,2011 Cricket World Cup: India vs Bangladesh,2011-02-21,Sports,https://en.wikinews.org/wiki/2011_Cricket_World_Cup:_India_vs_Bangladesh,23.2,CARDINAL
245885,2011 Cricket World Cup: India vs Bangladesh,2011-02-21,Sports,https://en.wikinews.org/wiki/2011_Cricket_World_Cup:_India_vs_Bangladesh,3,CARDINAL
245885,2011 Cricket World Cup: India vs Bangladesh,2011-02-21,Sports,https://en.wikinews.org/wiki/2011_Cricket_World_Cup:_India_vs_Bangladesh,Sehwag,ORG
245885,2011 Cricket World Cup: India vs Bangladesh,2011-02-21,Sports,https://en.wikinews.org/wiki/2011_Cricket_World_Cup:_India_vs_Bangladesh,47.3,CARDINAL
245885,2011 Cricket World Cup: India vs Bangladesh,2011-02-21,Sports,https://en.wikinews.org/wiki/2011_Cricket_World_Cup:_India_vs_Bangladesh,4,CARDINAL
245885,2011 Cricket World Cup: India vs Bangladesh,2011-02-21,Sports,https://en.wikinews.org/wiki/2011_Cricket_World_Cup:_India_vs_Bangladesh,Pathan,PRODUCT
245885,2011 Cricket World Cup: India vs Bangladesh,2011-02-21,Sports,https://en.wikinews.org/wiki/2011_Cricket_World_Cup:_India_vs_Bangladesh,49.6,CARDINAL
245885,2011 Cricket World Cup: India vs Bangladesh,2011-02-21,Sports,https://en.wikinews.org/wiki/2011_Cricket_World_Cup:_India_vs_Bangladesh,1-56,CARDINAL
245885,2011 Cricket World Cup: India vs Bangladesh,2011-02-21,Sports,https://en.wikinews.org/wiki/2011_Cricket_World_Cup:_India_vs_Bangladesh,Imrul Kayes,ORG
245885,2011 Cricket World Cup: India vs Bangladesh,2011-02-21,Sports,https://en.wikinews.org/wiki/2011_Cricket_World_Cup:_India_vs_Bangladesh,6.5,CARDINAL
245885,2011 Cricket World Cup: India vs Bangladesh,2011-02-21,Sports,https://en.wikinews.org/wiki/2011_Cricket_World_Cup:_India_vs_Bangladesh,2,CARDINAL
245885,2011 Cricket World Cup: India vs Bangladesh,2011-02-21,Sports,https://en.wikinews.org/wiki/2011_Cricket_World_Cup:_India_vs_Bangladesh,Junaid Siddique,PERSON
245885,2011 Cricket World Cup: India vs Bangladesh,2011-02-21,Sports,https://en.wikinews.org/wiki/2011_Cricket_World_Cup:_India_vs_Bangladesh,23.1,CARDINAL
245885,2011 Cricket World Cup: India vs Bangladesh,2011-02-21,Sports,https://en.wikinews.org/wiki/2011_Cricket_World_Cup:_India_vs_Bangladesh,3,CARDINAL
245885,2011 Cricket World Cup: India vs Bangladesh,2011-02-21,Sports,https://en.wikinews.org/wiki/2011_Cricket_World_Cup:_India_vs_Bangladesh,32.1,CARDINAL
245885,2011 Cricket World Cup: India vs Bangladesh,2011-02-21,Sports,https://en.wikinews.org/wiki/2011_Cricket_World_Cup:_India_vs_Bangladesh,4,CARDINAL
245885,2011 Cricket World Cup: India vs Bangladesh,2011-02-21,Sports,https://en.wikinews.org/wiki/2011_Cricket_World_Cup:_India_vs_Bangladesh,Shakib Al Hasan,PERSON
245885,2011 Cricket World Cup: India vs Bangladesh,2011-02-21,Sports,https://en.wikinews.org/wiki/2011_Cricket_World_Cup:_India_vs_Bangladesh,39.4,CARDINAL
245885,2011 Cricket World Cup: India vs Bangladesh,2011-02-21,Sports,https://en.wikinews.org/wiki/2011_Cricket_World_Cup:_India_vs_Bangladesh,5,CARDINAL
245885,2011 Cricket World Cup: India vs Bangladesh,2011-02-21,Sports,https://en.wikinews.org/wiki/2011_Cricket_World_Cup:_India_vs_Bangladesh,Mushfiqur Rahim,ORG
245885,2011 Cricket World Cup: India vs Bangladesh,2011-02-21,Sports,https://en.wikinews.org/wiki/2011_Cricket_World_Cup:_India_vs_Bangladesh,42.3,CARDINAL
245885,2011 Cricket World Cup: India vs Bangladesh,2011-02-21,Sports,https://en.wikinews.org/wiki/2011_Cricket_World_Cup:_India_vs_Bangladesh,6-261,CARDINAL
245885,2011 Cricket World Cup: India vs Bangladesh,2011-02-21,Sports,https://en.wikinews.org/wiki/2011_Cricket_World_Cup:_India_vs_Bangladesh,Mahmudullah,PERSON
245885,2011 Cricket World Cup: India vs Bangladesh,2011-02-21,Sports,https://en.wikinews.org/wiki/2011_Cricket_World_Cup:_India_vs_Bangladesh,44.3,CARDINAL
245885,2011 Cricket World Cup: India vs Bangladesh,2011-02-21,Sports,https://en.wikinews.org/wiki/2011_Cricket_World_Cup:_India_vs_Bangladesh,7,CARDINAL
245885,2011 Cricket World Cup: India vs Bangladesh,2011-02-21,Sports,https://en.wikinews.org/wiki/2011_Cricket_World_Cup:_India_vs_Bangladesh,46.3,CARDINAL
245885,2011 Cricket World Cup: India vs Bangladesh,2011-02-21,Sports,https://en.wikinews.org/wiki/2011_Cricket_World_Cup:_India_vs_Bangladesh,8,CARDINAL
245885,2011 Cricket World Cup: India vs Bangladesh,2011-02-21,Sports,https://en.wikinews.org/wiki/2011_Cricket_World_Cup:_India_vs_Bangladesh,Abdur Razzak,PERSON
245885,2011 Cricket World Cup: India vs Bangladesh,2011-02-21,Sports,https://en.wikinews.org/wiki/2011_Cricket_World_Cup:_India_vs_Bangladesh,47.6,CARDINAL
245885,2011 Cricket World Cup: India vs Bangladesh,2011-02-21,Sports,https://en.wikinews.org/wiki/2011_Cricket_World_Cup:_India_vs_Bangladesh,9,CARDINAL
245885,2011 Cricket World Cup: India vs Bangladesh,2011-02-21,Sports,https://en.wikinews.org/wiki/2011_Cricket_World_Cup:_India_vs_Bangladesh,Shafiul Islam,ORG
245885,2011 Cricket World Cup: India vs Bangladesh,2011-02-21,Sports,https://en.wikinews.org/wiki/2011_Cricket_World_Cup:_India_vs_Bangladesh,48.3,CARDINAL
245885,2011 Cricket World Cup: India vs Bangladesh,2011-02-21,Sports,https://en.wikinews.org/wiki/2011_Cricket_World_Cup:_India_vs_Bangladesh,Virender Sehwag Umpires,PERSON
245885,2011 Cricket World Cup: India vs Bangladesh,2011-02-21,Sports,https://en.wikinews.org/wiki/2011_Cricket_World_Cup:_India_vs_Bangladesh,Steve Davis,PERSON
245885,2011 Cricket World Cup: India vs Bangladesh,2011-02-21,Sports,https://en.wikinews.org/wiki/2011_Cricket_World_Cup:_India_vs_Bangladesh,Aus,PERSON
245885,2011 Cricket World Cup: India vs Bangladesh,2011-02-21,Sports,https://en.wikinews.org/wiki/2011_Cricket_World_Cup:_India_vs_Bangladesh,Kumar Dharmasena,PERSON
245885,2011 Cricket World Cup: India vs Bangladesh,2011-02-21,Sports,https://en.wikinews.org/wiki/2011_Cricket_World_Cup:_India_vs_Bangladesh,Sri,PERSON
245885,2011 Cricket World Cup: India vs Bangladesh,2011-02-21,Sports,https://en.wikinews.org/wiki/2011_Cricket_World_Cup:_India_vs_Bangladesh,Billy Doctrove,PERSON
245885,2011 Cricket World Cup: India vs Bangladesh,2011-02-21,Sports,https://en.wikinews.org/wiki/2011_Cricket_World_Cup:_India_vs_Bangladesh,West Indies,GPE
245885,2011 Cricket World Cup: India vs Bangladesh,2011-02-21,Sports,https://en.wikinews.org/wiki/2011_Cricket_World_Cup:_India_vs_Bangladesh,Ranjan Madugalle,PERSON
245885,2011 Cricket World Cup: India vs Bangladesh,2011-02-21,Sports,https://en.wikinews.org/wiki/2011_Cricket_World_Cup:_India_vs_Bangladesh,Asad Rauf,PERSON
26635,Peter Forsberg scores two in win over the Boston Bruins,2005-11-25,Sports,https://en.wikinews.org/wiki/Peter_Forsberg_scores_two_in_win_over_the_Boston_Bruins,Friday,DATE
26635,Peter Forsberg scores two in win over the Boston Bruins,2005-11-25,Sports,https://en.wikinews.org/wiki/Peter_Forsberg_scores_two_in_win_over_the_Boston_Bruins,National Hockey League,ORG
26635,Peter Forsberg scores two in win over the Boston Bruins,2005-11-25,Sports,https://en.wikinews.org/wiki/Peter_Forsberg_scores_two_in_win_over_the_Boston_Bruins,the Philadelphia Flyers,ORG
26635,Peter Forsberg scores two in win over the Boston Bruins,2005-11-25,Sports,https://en.wikinews.org/wiki/Peter_Forsberg_scores_two_in_win_over_the_Boston_Bruins,the Boston Bruins,ORG
26635,Peter Forsberg scores two in win over the Boston Bruins,2005-11-25,Sports,https://en.wikinews.org/wiki/Peter_Forsberg_scores_two_in_win_over_the_Boston_Bruins,the TD Banknorth Garden,FAC
26635,Peter Forsberg scores two in win over the Boston Bruins,2005-11-25,Sports,https://en.wikinews.org/wiki/Peter_Forsberg_scores_two_in_win_over_the_Boston_Bruins,Boston,GPE
26635,Peter Forsberg scores two in win over the Boston Bruins,2005-11-25,Sports,https://en.wikinews.org/wiki/Peter_Forsberg_scores_two_in_win_over_the_Boston_Bruins,Massachusetts,GPE
26635,Peter Forsberg scores two in win over the Boston Bruins,2005-11-25,Sports,https://en.wikinews.org/wiki/Peter_Forsberg_scores_two_in_win_over_the_Boston_Bruins,Peter Forsberg,PERSON
26635,Peter Forsberg scores two in win over the Boston Bruins,2005-11-25,Sports,https://en.wikinews.org/wiki/Peter_Forsberg_scores_two_in_win_over_the_Boston_Bruins,first,ORDINAL
26635,Peter Forsberg scores two in win over the Boston Bruins,2005-11-25,Sports,https://en.wikinews.org/wiki/Peter_Forsberg_scores_two_in_win_over_the_Boston_Bruins,Flyers,PERSON
26635,Peter Forsberg scores two in win over the Boston Bruins,2005-11-25,Sports,https://en.wikinews.org/wiki/Peter_Forsberg_scores_two_in_win_over_the_Boston_Bruins,one,CARDINAL
26635,Peter Forsberg scores two in win over the Boston Bruins,2005-11-25,Sports,https://en.wikinews.org/wiki/Peter_Forsberg_scores_two_in_win_over_the_Boston_Bruins,three,CARDINAL
26635,Peter Forsberg scores two in win over the Boston Bruins,2005-11-25,Sports,https://en.wikinews.org/wiki/Peter_Forsberg_scores_two_in_win_over_the_Boston_Bruins,first,ORDINAL
26635,Peter Forsberg scores two in win over the Boston Bruins,2005-11-25,Sports,https://en.wikinews.org/wiki/Peter_Forsberg_scores_two_in_win_over_the_Boston_Bruins,eighth,ORDINAL
26635,Peter Forsberg scores two in win over the Boston Bruins,2005-11-25,Sports,https://en.wikinews.org/wiki/Peter_Forsberg_scores_two_in_win_over_the_Boston_Bruins,the season,DATE
26635,Peter Forsberg scores two in win over the Boston Bruins,2005-11-25,Sports,https://en.wikinews.org/wiki/Peter_Forsberg_scores_two_in_win_over_the_Boston_Bruins,13:06 in the second,TIME
26635,Peter Forsberg scores two in win over the Boston Bruins,2005-11-25,Sports,https://en.wikinews.org/wiki/Peter_Forsberg_scores_two_in_win_over_the_Boston_Bruins,Simon Gagne,PERSON
26635,Peter Forsberg scores two in win over the Boston Bruins,2005-11-25,Sports,https://en.wikinews.org/wiki/Peter_Forsberg_scores_two_in_win_over_the_Boston_Bruins,Hartford,GPE
26635,Peter Forsberg scores two in win over the Boston Bruins,2005-11-25,Sports,https://en.wikinews.org/wiki/Peter_Forsberg_scores_two_in_win_over_the_Boston_Bruins,Sami Kapanen,PERSON
26635,Peter Forsberg scores two in win over the Boston Bruins,2005-11-25,Sports,https://en.wikinews.org/wiki/Peter_Forsberg_scores_two_in_win_over_the_Boston_Bruins,24,CARDINAL
26635,Peter Forsberg scores two in win over the Boston Bruins,2005-11-25,Sports,https://en.wikinews.org/wiki/Peter_Forsberg_scores_two_in_win_over_the_Boston_Bruins,3 or,CARDINAL
26635,Peter Forsberg scores two in win over the Boston Bruins,2005-11-25,Sports,https://en.wikinews.org/wiki/Peter_Forsberg_scores_two_in_win_over_the_Boston_Bruins,one,CARDINAL
26635,Peter Forsberg scores two in win over the Boston Bruins,2005-11-25,Sports,https://en.wikinews.org/wiki/Peter_Forsberg_scores_two_in_win_over_the_Boston_Bruins,NHL,ORG
26635,Peter Forsberg scores two in win over the Boston Bruins,2005-11-25,Sports,https://en.wikinews.org/wiki/Peter_Forsberg_scores_two_in_win_over_the_Boston_Bruins,Forsberg,ORG
26635,Peter Forsberg scores two in win over the Boston Bruins,2005-11-25,Sports,https://en.wikinews.org/wiki/Peter_Forsberg_scores_two_in_win_over_the_Boston_Bruins,32 year old,DATE
26635,Peter Forsberg scores two in win over the Boston Bruins,2005-11-25,Sports,https://en.wikinews.org/wiki/Peter_Forsberg_scores_two_in_win_over_the_Boston_Bruins,Sweden,GPE
26635,Peter Forsberg scores two in win over the Boston Bruins,2005-11-25,Sports,https://en.wikinews.org/wiki/Peter_Forsberg_scores_two_in_win_over_the_Boston_Bruins,Flyers,PERSON
26635,Peter Forsberg scores two in win over the Boston Bruins,2005-11-25,Sports,https://en.wikinews.org/wiki/Peter_Forsberg_scores_two_in_win_over_the_Boston_Bruins,2005-2006 season,DATE
26635,Peter Forsberg scores two in win over the Boston Bruins,2005-11-25,Sports,https://en.wikinews.org/wiki/Peter_Forsberg_scores_two_in_win_over_the_Boston_Bruins,NHL,ORG
26635,Peter Forsberg scores two in win over the Boston Bruins,2005-11-25,Sports,https://en.wikinews.org/wiki/Peter_Forsberg_scores_two_in_win_over_the_Boston_Bruins,Modo,PERSON
26635,Peter Forsberg scores two in win over the Boston Bruins,2005-11-25,Sports,https://en.wikinews.org/wiki/Peter_Forsberg_scores_two_in_win_over_the_Boston_Bruins,Sweden,GPE
26635,Peter Forsberg scores two in win over the Boston Bruins,2005-11-25,Sports,https://en.wikinews.org/wiki/Peter_Forsberg_scores_two_in_win_over_the_Boston_Bruins,Flyers,PERSON
26635,Peter Forsberg scores two in win over the Boston Bruins,2005-11-25,Sports,https://en.wikinews.org/wiki/Peter_Forsberg_scores_two_in_win_over_the_Boston_Bruins,5,CARDINAL
26635,Peter Forsberg scores two in win over the Boston Bruins,2005-11-25,Sports,https://en.wikinews.org/wiki/Peter_Forsberg_scores_two_in_win_over_the_Boston_Bruins,Bruins,PERSON
42751,"Germany wins, 4-2 over Costa Rica in first World Cup match",2006-06-09,Sports,"https://en.wikinews.org/wiki/Germany_wins,_4-2_over_Costa_Rica_in_first_World_Cup_match",2006,DATE
42751,"Germany wins, 4-2 over Costa Rica in first World Cup match",2006-06-09,Sports,"https://en.wikinews.org/wiki/Germany_wins,_4-2_over_Costa_Rica_in_first_World_Cup_match",World Cup,EVENT
42751,"Germany wins, 4-2 over Costa Rica in first World Cup match",2006-06-09,Sports,"https://en.wikinews.org/wiki/Germany_wins,_4-2_over_Costa_Rica_in_first_World_Cup_match",the Allianz Arena,FAC
42751,"Germany wins, 4-2 over Costa Rica in first World Cup match",2006-06-09,Sports,"https://en.wikinews.org/wiki/Germany_wins,_4-2_over_Costa_Rica_in_first_World_Cup_match",Munich,GPE
42751,"Germany wins, 4-2 over Costa Rica in first World Cup match",2006-06-09,Sports,"https://en.wikinews.org/wiki/Germany_wins,_4-2_over_Costa_Rica_in_first_World_Cup_match",Friday,DATE
42751,"Germany wins, 4-2 over Costa Rica in first World Cup match",2006-06-09,Sports,"https://en.wikinews.org/wiki/Germany_wins,_4-2_over_Costa_Rica_in_first_World_Cup_match",Germany,GPE
42751,"Germany wins, 4-2 over Costa Rica in first World Cup match",2006-06-09,Sports,"https://en.wikinews.org/wiki/Germany_wins,_4-2_over_Costa_Rica_in_first_World_Cup_match",4,CARDINAL
42751,"Germany wins, 4-2 over Costa Rica in first World Cup match",2006-06-09,Sports,"https://en.wikinews.org/wiki/Germany_wins,_4-2_over_Costa_Rica_in_first_World_Cup_match",Costa Rica,GPE
42751,"Germany wins, 4-2 over Costa Rica in first World Cup match",2006-06-09,Sports,"https://en.wikinews.org/wiki/Germany_wins,_4-2_over_Costa_Rica_in_first_World_Cup_match",first,ORDINAL
42751,"Germany wins, 4-2 over Costa Rica in first World Cup match",2006-06-09,Sports,"https://en.wikinews.org/wiki/Germany_wins,_4-2_over_Costa_Rica_in_first_World_Cup_match",Group A,ORG
42751,"Germany wins, 4-2 over Costa Rica in first World Cup match",2006-06-09,Sports,"https://en.wikinews.org/wiki/Germany_wins,_4-2_over_Costa_Rica_in_first_World_Cup_match",Jürgen Klinsmann's,PERSON
42751,"Germany wins, 4-2 over Costa Rica in first World Cup match",2006-06-09,Sports,"https://en.wikinews.org/wiki/Germany_wins,_4-2_over_Costa_Rica_in_first_World_Cup_match",Miroslav Klose,PERSON
42751,"Germany wins, 4-2 over Costa Rica in first World Cup match",2006-06-09,Sports,"https://en.wikinews.org/wiki/Germany_wins,_4-2_over_Costa_Rica_in_first_World_Cup_match",German,NORP
42751,"Germany wins, 4-2 over Costa Rica in first World Cup match",2006-06-09,Sports,"https://en.wikinews.org/wiki/Germany_wins,_4-2_over_Costa_Rica_in_first_World_Cup_match",Torsten Frings,PERSON
42751,"Germany wins, 4-2 over Costa Rica in first World Cup match",2006-06-09,Sports,"https://en.wikinews.org/wiki/Germany_wins,_4-2_over_Costa_Rica_in_first_World_Cup_match",30,CARDINAL
42751,"Germany wins, 4-2 over Costa Rica in first World Cup match",2006-06-09,Sports,"https://en.wikinews.org/wiki/Germany_wins,_4-2_over_Costa_Rica_in_first_World_Cup_match",Costa Rican,NORP
42751,"Germany wins, 4-2 over Costa Rica in first World Cup match",2006-06-09,Sports,"https://en.wikinews.org/wiki/Germany_wins,_4-2_over_Costa_Rica_in_first_World_Cup_match",Michael Ballack,PERSON
42751,"Germany wins, 4-2 over Costa Rica in first World Cup match",2006-06-09,Sports,"https://en.wikinews.org/wiki/Germany_wins,_4-2_over_Costa_Rica_in_first_World_Cup_match",6 minutes,TIME
42751,"Germany wins, 4-2 over Costa Rica in first World Cup match",2006-06-09,Sports,"https://en.wikinews.org/wiki/Germany_wins,_4-2_over_Costa_Rica_in_first_World_Cup_match",Philipp Lahm,PERSON
42751,"Germany wins, 4-2 over Costa Rica in first World Cup match",2006-06-09,Sports,"https://en.wikinews.org/wiki/Germany_wins,_4-2_over_Costa_Rica_in_first_World_Cup_match",6 minutes later,TIME
42751,"Germany wins, 4-2 over Costa Rica in first World Cup match",2006-06-09,Sports,"https://en.wikinews.org/wiki/Germany_wins,_4-2_over_Costa_Rica_in_first_World_Cup_match",Paulo Wanchope,PERSON
42751,"Germany wins, 4-2 over Costa Rica in first World Cup match",2006-06-09,Sports,"https://en.wikinews.org/wiki/Germany_wins,_4-2_over_Costa_Rica_in_first_World_Cup_match",Costa Rican,NORP
42751,"Germany wins, 4-2 over Costa Rica in first World Cup match",2006-06-09,Sports,"https://en.wikinews.org/wiki/Germany_wins,_4-2_over_Costa_Rica_in_first_World_Cup_match",German,NORP
42751,"Germany wins, 4-2 over Costa Rica in first World Cup match",2006-06-09,Sports,"https://en.wikinews.org/wiki/Germany_wins,_4-2_over_Costa_Rica_in_first_World_Cup_match",Jens Lehmann,PERSON
42751,"Germany wins, 4-2 over Costa Rica in first World Cup match",2006-06-09,Sports,"https://en.wikinews.org/wiki/Germany_wins,_4-2_over_Costa_Rica_in_first_World_Cup_match",7,CARDINAL
42751,"Germany wins, 4-2 over Costa Rica in first World Cup match",2006-06-09,Sports,"https://en.wikinews.org/wiki/Germany_wins,_4-2_over_Costa_Rica_in_first_World_Cup_match",2002,DATE
42751,"Germany wins, 4-2 over Costa Rica in first World Cup match",2006-06-09,Sports,"https://en.wikinews.org/wiki/Germany_wins,_4-2_over_Costa_Rica_in_first_World_Cup_match",second,ORDINAL
42751,"Germany wins, 4-2 over Costa Rica in first World Cup match",2006-06-09,Sports,"https://en.wikinews.org/wiki/Germany_wins,_4-2_over_Costa_Rica_in_first_World_Cup_match",German,NORP
42751,"Germany wins, 4-2 over Costa Rica in first World Cup match",2006-06-09,Sports,"https://en.wikinews.org/wiki/Germany_wins,_4-2_over_Costa_Rica_in_first_World_Cup_match",a quarter,CARDINAL
42751,"Germany wins, 4-2 over Costa Rica in first World Cup match",2006-06-09,Sports,"https://en.wikinews.org/wiki/Germany_wins,_4-2_over_Costa_Rica_in_first_World_Cup_match",third,ORDINAL
42751,"Germany wins, 4-2 over Costa Rica in first World Cup match",2006-06-09,Sports,"https://en.wikinews.org/wiki/Germany_wins,_4-2_over_Costa_Rica_in_first_World_Cup_match",Klose,PERSON
42751,"Germany wins, 4-2 over Costa Rica in first World Cup match",2006-06-09,Sports,"https://en.wikinews.org/wiki/Germany_wins,_4-2_over_Costa_Rica_in_first_World_Cup_match",second,ORDINAL
42751,"Germany wins, 4-2 over Costa Rica in first World Cup match",2006-06-09,Sports,"https://en.wikinews.org/wiki/Germany_wins,_4-2_over_Costa_Rica_in_first_World_Cup_match",61 minutes,TIME
42751,"Germany wins, 4-2 over Costa Rica in first World Cup match",2006-06-09,Sports,"https://en.wikinews.org/wiki/Germany_wins,_4-2_over_Costa_Rica_in_first_World_Cup_match",first,ORDINAL
42751,"Germany wins, 4-2 over Costa Rica in first World Cup match",2006-06-09,Sports,"https://en.wikinews.org/wiki/Germany_wins,_4-2_over_Costa_Rica_in_first_World_Cup_match",Jose Porras,PERSON
42751,"Germany wins, 4-2 over Costa Rica in first World Cup match",2006-06-09,Sports,"https://en.wikinews.org/wiki/Germany_wins,_4-2_over_Costa_Rica_in_first_World_Cup_match",German,NORP
42751,"Germany wins, 4-2 over Costa Rica in first World Cup match",2006-06-09,Sports,"https://en.wikinews.org/wiki/Germany_wins,_4-2_over_Costa_Rica_in_first_World_Cup_match",second,ORDINAL
42751,"Germany wins, 4-2 over Costa Rica in first World Cup match",2006-06-09,Sports,"https://en.wikinews.org/wiki/Germany_wins,_4-2_over_Costa_Rica_in_first_World_Cup_match",Central American,NORP
42751,"Germany wins, 4-2 over Costa Rica in first World Cup match",2006-06-09,Sports,"https://en.wikinews.org/wiki/Germany_wins,_4-2_over_Costa_Rica_in_first_World_Cup_match",Frings,PERSON
42751,"Germany wins, 4-2 over Costa Rica in first World Cup match",2006-06-09,Sports,"https://en.wikinews.org/wiki/Germany_wins,_4-2_over_Costa_Rica_in_first_World_Cup_match",Costa Rica's,GPE
42751,"Germany wins, 4-2 over Costa Rica in first World Cup match",2006-06-09,Sports,"https://en.wikinews.org/wiki/Germany_wins,_4-2_over_Costa_Rica_in_first_World_Cup_match",Daniel Fonseca,PERSON
42751,"Germany wins, 4-2 over Costa Rica in first World Cup match",2006-06-09,Sports,"https://en.wikinews.org/wiki/Germany_wins,_4-2_over_Costa_Rica_in_first_World_Cup_match",a first-half,DATE
42751,"Germany wins, 4-2 over Costa Rica in first World Cup match",2006-06-09,Sports,"https://en.wikinews.org/wiki/Germany_wins,_4-2_over_Costa_Rica_in_first_World_Cup_match","64,950",CARDINAL
42751,"Germany wins, 4-2 over Costa Rica in first World Cup match",2006-06-09,Sports,"https://en.wikinews.org/wiki/Germany_wins,_4-2_over_Costa_Rica_in_first_World_Cup_match",Horacio Marcelo Elizondo,PERSON
42751,"Germany wins, 4-2 over Costa Rica in first World Cup match",2006-06-09,Sports,"https://en.wikinews.org/wiki/Germany_wins,_4-2_over_Costa_Rica_in_first_World_Cup_match",Argentina,GPE
45245,"Juventus, Lazio and Fiorentina relegated from Italy's Serie A",2006-07-14,Sports,"https://en.wikinews.org/wiki/Juventus,_Lazio_and_Fiorentina_relegated_from_Italy%27s_Serie_A",Italian,NORP
45245,"Juventus, Lazio and Fiorentina relegated from Italy's Serie A",2006-07-14,Sports,"https://en.wikinews.org/wiki/Juventus,_Lazio_and_Fiorentina_relegated_from_Italy%27s_Serie_A",Juventus,ORG
45245,"Juventus, Lazio and Fiorentina relegated from Italy's Serie A",2006-07-14,Sports,"https://en.wikinews.org/wiki/Juventus,_Lazio_and_Fiorentina_relegated_from_Italy%27s_Serie_A",Lazio,PERSON
45245,"Juventus, Lazio and Fiorentina relegated from Italy's Serie A",2006-07-14,Sports,"https://en.wikinews.org/wiki/Juventus,_Lazio_and_Fiorentina_relegated_from_Italy%27s_Serie_A",Fiorentina,PERSON
45245,"Juventus, Lazio and Fiorentina relegated from Italy's Serie A",2006-07-14,Sports,"https://en.wikinews.org/wiki/Juventus,_Lazio_and_Fiorentina_relegated_from_Italy%27s_Serie_A",Serie A,ORG
45245,"Juventus, Lazio and Fiorentina relegated from Italy's Serie A",2006-07-14,Sports,"https://en.wikinews.org/wiki/Juventus,_Lazio_and_Fiorentina_relegated_from_Italy%27s_Serie_A",today,DATE
45245,"Juventus, Lazio and Fiorentina relegated from Italy's Serie A",2006-07-14,Sports,"https://en.wikinews.org/wiki/Juventus,_Lazio_and_Fiorentina_relegated_from_Italy%27s_Serie_A",Italian,NORP
45245,"Juventus, Lazio and Fiorentina relegated from Italy's Serie A",2006-07-14,Sports,"https://en.wikinews.org/wiki/Juventus,_Lazio_and_Fiorentina_relegated_from_Italy%27s_Serie_A",AC Milan,ORG
45245,"Juventus, Lazio and Fiorentina relegated from Italy's Serie A",2006-07-14,Sports,"https://en.wikinews.org/wiki/Juventus,_Lazio_and_Fiorentina_relegated_from_Italy%27s_Serie_A",Juventus,ORG
45245,"Juventus, Lazio and Fiorentina relegated from Italy's Serie A",2006-07-14,Sports,"https://en.wikinews.org/wiki/Juventus,_Lazio_and_Fiorentina_relegated_from_Italy%27s_Serie_A",Luciano Moggi,PERSON
45245,"Juventus, Lazio and Fiorentina relegated from Italy's Serie A",2006-07-14,Sports,"https://en.wikinews.org/wiki/Juventus,_Lazio_and_Fiorentina_relegated_from_Italy%27s_Serie_A",Italian,NORP
45245,"Juventus, Lazio and Fiorentina relegated from Italy's Serie A",2006-07-14,Sports,"https://en.wikinews.org/wiki/Juventus,_Lazio_and_Fiorentina_relegated_from_Italy%27s_Serie_A",Marcello Lippi,PERSON
45245,"Juventus, Lazio and Fiorentina relegated from Italy's Serie A",2006-07-14,Sports,"https://en.wikinews.org/wiki/Juventus,_Lazio_and_Fiorentina_relegated_from_Italy%27s_Serie_A",Italian,NORP
45245,"Juventus, Lazio and Fiorentina relegated from Italy's Serie A",2006-07-14,Sports,"https://en.wikinews.org/wiki/Juventus,_Lazio_and_Fiorentina_relegated_from_Italy%27s_Serie_A",2004-05,DATE
45245,"Juventus, Lazio and Fiorentina relegated from Italy's Serie A",2006-07-14,Sports,"https://en.wikinews.org/wiki/Juventus,_Lazio_and_Fiorentina_relegated_from_Italy%27s_Serie_A",Italy,GPE
45245,"Juventus, Lazio and Fiorentina relegated from Italy's Serie A",2006-07-14,Sports,"https://en.wikinews.org/wiki/Juventus,_Lazio_and_Fiorentina_relegated_from_Italy%27s_Serie_A",World Cup,EVENT
45245,"Juventus, Lazio and Fiorentina relegated from Italy's Serie A",2006-07-14,Sports,"https://en.wikinews.org/wiki/Juventus,_Lazio_and_Fiorentina_relegated_from_Italy%27s_Serie_A",Gianluigi Buffon,PERSON
45245,"Juventus, Lazio and Fiorentina relegated from Italy's Serie A",2006-07-14,Sports,"https://en.wikinews.org/wiki/Juventus,_Lazio_and_Fiorentina_relegated_from_Italy%27s_Serie_A","July 14, 2006",DATE
45245,"Juventus, Lazio and Fiorentina relegated from Italy's Serie A",2006-07-14,Sports,"https://en.wikinews.org/wiki/Juventus,_Lazio_and_Fiorentina_relegated_from_Italy%27s_Serie_A",Italian,NORP
45245,"Juventus, Lazio and Fiorentina relegated from Italy's Serie A",2006-07-14,Sports,"https://en.wikinews.org/wiki/Juventus,_Lazio_and_Fiorentina_relegated_from_Italy%27s_Serie_A",four,CARDINAL
45245,"Juventus, Lazio and Fiorentina relegated from Italy's Serie A",2006-07-14,Sports,"https://en.wikinews.org/wiki/Juventus,_Lazio_and_Fiorentina_relegated_from_Italy%27s_Serie_A",AC Milan,ORG
45245,"Juventus, Lazio and Fiorentina relegated from Italy's Serie A",2006-07-14,Sports,"https://en.wikinews.org/wiki/Juventus,_Lazio_and_Fiorentina_relegated_from_Italy%27s_Serie_A",Juventus,ORG
45245,"Juventus, Lazio and Fiorentina relegated from Italy's Serie A",2006-07-14,Sports,"https://en.wikinews.org/wiki/Juventus,_Lazio_and_Fiorentina_relegated_from_Italy%27s_Serie_A",Lazio,PERSON
45245,"Juventus, Lazio and Fiorentina relegated from Italy's Serie A",2006-07-14,Sports,"https://en.wikinews.org/wiki/Juventus,_Lazio_and_Fiorentina_relegated_from_Italy%27s_Serie_A",Fiorentina,PERSON
45245,"Juventus, Lazio and Fiorentina relegated from Italy's Serie A",2006-07-14,Sports,"https://en.wikinews.org/wiki/Juventus,_Lazio_and_Fiorentina_relegated_from_Italy%27s_Serie_A",Serie A,ORG
45245,"Juventus, Lazio and Fiorentina relegated from Italy's Serie A",2006-07-14,Sports,"https://en.wikinews.org/wiki/Juventus,_Lazio_and_Fiorentina_relegated_from_Italy%27s_Serie_A",Juventus,ORG
45245,"Juventus, Lazio and Fiorentina relegated from Italy's Serie A",2006-07-14,Sports,"https://en.wikinews.org/wiki/Juventus,_Lazio_and_Fiorentina_relegated_from_Italy%27s_Serie_A",two,CARDINAL
45245,"Juventus, Lazio and Fiorentina relegated from Italy's Serie A",2006-07-14,Sports,"https://en.wikinews.org/wiki/Juventus,_Lazio_and_Fiorentina_relegated_from_Italy%27s_Serie_A",Serie C1,ORG
45245,"Juventus, Lazio and Fiorentina relegated from Italy's Serie A",2006-07-14,Sports,"https://en.wikinews.org/wiki/Juventus,_Lazio_and_Fiorentina_relegated_from_Italy%27s_Serie_A",Juventus,ORG
45245,"Juventus, Lazio and Fiorentina relegated from Italy's Serie A",2006-07-14,Sports,"https://en.wikinews.org/wiki/Juventus,_Lazio_and_Fiorentina_relegated_from_Italy%27s_Serie_A",Italy,GPE
45245,"Juventus, Lazio and Fiorentina relegated from Italy's Serie A",2006-07-14,Sports,"https://en.wikinews.org/wiki/Juventus,_Lazio_and_Fiorentina_relegated_from_Italy%27s_Serie_A",second,ORDINAL
45245,"Juventus, Lazio and Fiorentina relegated from Italy's Serie A",2006-07-14,Sports,"https://en.wikinews.org/wiki/Juventus,_Lazio_and_Fiorentina_relegated_from_Italy%27s_Serie_A",Serie B,ORG
45245,"Juventus, Lazio and Fiorentina relegated from Italy's Serie A",2006-07-14,Sports,"https://en.wikinews.org/wiki/Juventus,_Lazio_and_Fiorentina_relegated_from_Italy%27s_Serie_A",2006-07 season,DATE
45245,"Juventus, Lazio and Fiorentina relegated from Italy's Serie A",2006-07-14,Sports,"https://en.wikinews.org/wiki/Juventus,_Lazio_and_Fiorentina_relegated_from_Italy%27s_Serie_A",thirty,CARDINAL
45245,"Juventus, Lazio and Fiorentina relegated from Italy's Serie A",2006-07-14,Sports,"https://en.wikinews.org/wiki/Juventus,_Lazio_and_Fiorentina_relegated_from_Italy%27s_Serie_A",2004-05,DATE
45245,"Juventus, Lazio and Fiorentina relegated from Italy's Serie A",2006-07-14,Sports,"https://en.wikinews.org/wiki/Juventus,_Lazio_and_Fiorentina_relegated_from_Italy%27s_Serie_A",2005-06,DATE
45245,"Juventus, Lazio and Fiorentina relegated from Italy's Serie A",2006-07-14,Sports,"https://en.wikinews.org/wiki/Juventus,_Lazio_and_Fiorentina_relegated_from_Italy%27s_Serie_A",Giovanni Cobolli Gigli,PERSON
45245,"Juventus, Lazio and Fiorentina relegated from Italy's Serie A",2006-07-14,Sports,"https://en.wikinews.org/wiki/Juventus,_Lazio_and_Fiorentina_relegated_from_Italy%27s_Serie_A",second,ORDINAL
45245,"Juventus, Lazio and Fiorentina relegated from Italy's Serie A",2006-07-14,Sports,"https://en.wikinews.org/wiki/Juventus,_Lazio_and_Fiorentina_relegated_from_Italy%27s_Serie_A",30,CARDINAL
45245,"Juventus, Lazio and Fiorentina relegated from Italy's Serie A",2006-07-14,Sports,"https://en.wikinews.org/wiki/Juventus,_Lazio_and_Fiorentina_relegated_from_Italy%27s_Serie_A",third,ORDINAL
45245,"Juventus, Lazio and Fiorentina relegated from Italy's Serie A",2006-07-14,Sports,"https://en.wikinews.org/wiki/Juventus,_Lazio_and_Fiorentina_relegated_from_Italy%27s_Serie_A",Fiorentina,PERSON
45245,"Juventus, Lazio and Fiorentina relegated from Italy's Serie A",2006-07-14,Sports,"https://en.wikinews.org/wiki/Juventus,_Lazio_and_Fiorentina_relegated_from_Italy%27s_Serie_A",Serie B,ORG
45245,"Juventus, Lazio and Fiorentina relegated from Italy's Serie A",2006-07-14,Sports,"https://en.wikinews.org/wiki/Juventus,_Lazio_and_Fiorentina_relegated_from_Italy%27s_Serie_A",twelve,CARDINAL
45245,"Juventus, Lazio and Fiorentina relegated from Italy's Serie A",2006-07-14,Sports,"https://en.wikinews.org/wiki/Juventus,_Lazio_and_Fiorentina_relegated_from_Italy%27s_Serie_A",Lazio,PERSON
45245,"Juventus, Lazio and Fiorentina relegated from Italy's Serie A",2006-07-14,Sports,"https://en.wikinews.org/wiki/Juventus,_Lazio_and_Fiorentina_relegated_from_Italy%27s_Serie_A",Juventus,ORG
45245,"Juventus, Lazio and Fiorentina relegated from Italy's Serie A",2006-07-14,Sports,"https://en.wikinews.org/wiki/Juventus,_Lazio_and_Fiorentina_relegated_from_Italy%27s_Serie_A",Fiorentina,ORG
45245,"Juventus, Lazio and Fiorentina relegated from Italy's Serie A",2006-07-14,Sports,"https://en.wikinews.org/wiki/Juventus,_Lazio_and_Fiorentina_relegated_from_Italy%27s_Serie_A",Serie B,ORG
45245,"Juventus, Lazio and Fiorentina relegated from Italy's Serie A",2006-07-14,Sports,"https://en.wikinews.org/wiki/Juventus,_Lazio_and_Fiorentina_relegated_from_Italy%27s_Serie_A",next season,DATE
45245,"Juventus, Lazio and Fiorentina relegated from Italy's Serie A",2006-07-14,Sports,"https://en.wikinews.org/wiki/Juventus,_Lazio_and_Fiorentina_relegated_from_Italy%27s_Serie_A",seven,CARDINAL
45245,"Juventus, Lazio and Fiorentina relegated from Italy's Serie A",2006-07-14,Sports,"https://en.wikinews.org/wiki/Juventus,_Lazio_and_Fiorentina_relegated_from_Italy%27s_Serie_A",AC Milan,ORG
45245,"Juventus, Lazio and Fiorentina relegated from Italy's Serie A",2006-07-14,Sports,"https://en.wikinews.org/wiki/Juventus,_Lazio_and_Fiorentina_relegated_from_Italy%27s_Serie_A",next season,DATE
45245,"Juventus, Lazio and Fiorentina relegated from Italy's Serie A",2006-07-14,Sports,"https://en.wikinews.org/wiki/Juventus,_Lazio_and_Fiorentina_relegated_from_Italy%27s_Serie_A",fifteen,CARDINAL
45245,"Juventus, Lazio and Fiorentina relegated from Italy's Serie A",2006-07-14,Sports,"https://en.wikinews.org/wiki/Juventus,_Lazio_and_Fiorentina_relegated_from_Italy%27s_Serie_A",44,CARDINAL
45245,"Juventus, Lazio and Fiorentina relegated from Italy's Serie A",2006-07-14,Sports,"https://en.wikinews.org/wiki/Juventus,_Lazio_and_Fiorentina_relegated_from_Italy%27s_Serie_A",2005-06,DATE
45245,"Juventus, Lazio and Fiorentina relegated from Italy's Serie A",2006-07-14,Sports,"https://en.wikinews.org/wiki/Juventus,_Lazio_and_Fiorentina_relegated_from_Italy%27s_Serie_A",the Champions League,ORG
45245,"Juventus, Lazio and Fiorentina relegated from Italy's Serie A",2006-07-14,Sports,"https://en.wikinews.org/wiki/Juventus,_Lazio_and_Fiorentina_relegated_from_Italy%27s_Serie_A",UEFA Cup,ORG
45245,"Juventus, Lazio and Fiorentina relegated from Italy's Serie A",2006-07-14,Sports,"https://en.wikinews.org/wiki/Juventus,_Lazio_and_Fiorentina_relegated_from_Italy%27s_Serie_A",Luciano Moggi,PERSON
45245,"Juventus, Lazio and Fiorentina relegated from Italy's Serie A",2006-07-14,Sports,"https://en.wikinews.org/wiki/Juventus,_Lazio_and_Fiorentina_relegated_from_Italy%27s_Serie_A",Antonio Giraudo,PERSON
45245,"Juventus, Lazio and Fiorentina relegated from Italy's Serie A",2006-07-14,Sports,"https://en.wikinews.org/wiki/Juventus,_Lazio_and_Fiorentina_relegated_from_Italy%27s_Serie_A",Juventus,ORG
45245,"Juventus, Lazio and Fiorentina relegated from Italy's Serie A",2006-07-14,Sports,"https://en.wikinews.org/wiki/Juventus,_Lazio_and_Fiorentina_relegated_from_Italy%27s_Serie_A",five years,DATE
45245,"Juventus, Lazio and Fiorentina relegated from Italy's Serie A",2006-07-14,Sports,"https://en.wikinews.org/wiki/Juventus,_Lazio_and_Fiorentina_relegated_from_Italy%27s_Serie_A",three,CARDINAL
45245,"Juventus, Lazio and Fiorentina relegated from Italy's Serie A",2006-07-14,Sports,"https://en.wikinews.org/wiki/Juventus,_Lazio_and_Fiorentina_relegated_from_Italy%27s_Serie_A",between one and four years,DATE
45245,"Juventus, Lazio and Fiorentina relegated from Italy's Serie A",2006-07-14,Sports,"https://en.wikinews.org/wiki/Juventus,_Lazio_and_Fiorentina_relegated_from_Italy%27s_Serie_A",four,CARDINAL
45245,"Juventus, Lazio and Fiorentina relegated from Italy's Serie A",2006-07-14,Sports,"https://en.wikinews.org/wiki/Juventus,_Lazio_and_Fiorentina_relegated_from_Italy%27s_Serie_A",European,NORP
45245,"Juventus, Lazio and Fiorentina relegated from Italy's Serie A",2006-07-14,Sports,"https://en.wikinews.org/wiki/Juventus,_Lazio_and_Fiorentina_relegated_from_Italy%27s_Serie_A",next season,DATE
45245,"Juventus, Lazio and Fiorentina relegated from Italy's Serie A",2006-07-14,Sports,"https://en.wikinews.org/wiki/Juventus,_Lazio_and_Fiorentina_relegated_from_Italy%27s_Serie_A",up to three days,DATE
45245,"Juventus, Lazio and Fiorentina relegated from Italy's Serie A",2006-07-14,Sports,"https://en.wikinews.org/wiki/Juventus,_Lazio_and_Fiorentina_relegated_from_Italy%27s_Serie_A",UEFA,ORG
45245,"Juventus, Lazio and Fiorentina relegated from Italy's Serie A",2006-07-14,Sports,"https://en.wikinews.org/wiki/Juventus,_Lazio_and_Fiorentina_relegated_from_Italy%27s_Serie_A",FIGC,ORG
45245,"Juventus, Lazio and Fiorentina relegated from Italy's Serie A",2006-07-14,Sports,"https://en.wikinews.org/wiki/Juventus,_Lazio_and_Fiorentina_relegated_from_Italy%27s_Serie_A",25 July,DATE
45245,"Juventus, Lazio and Fiorentina relegated from Italy's Serie A",2006-07-14,Sports,"https://en.wikinews.org/wiki/Juventus,_Lazio_and_Fiorentina_relegated_from_Italy%27s_Serie_A",European,NORP
45245,"Juventus, Lazio and Fiorentina relegated from Italy's Serie A",2006-07-14,Sports,"https://en.wikinews.org/wiki/Juventus,_Lazio_and_Fiorentina_relegated_from_Italy%27s_Serie_A",Europe,LOC
45245,"Juventus, Lazio and Fiorentina relegated from Italy's Serie A",2006-07-14,Sports,"https://en.wikinews.org/wiki/Juventus,_Lazio_and_Fiorentina_relegated_from_Italy%27s_Serie_A",Italy,GPE
45245,"Juventus, Lazio and Fiorentina relegated from Italy's Serie A",2006-07-14,Sports,"https://en.wikinews.org/wiki/Juventus,_Lazio_and_Fiorentina_relegated_from_Italy%27s_Serie_A",Thirteen,CARDINAL
45245,"Juventus, Lazio and Fiorentina relegated from Italy's Serie A",2006-07-14,Sports,"https://en.wikinews.org/wiki/Juventus,_Lazio_and_Fiorentina_relegated_from_Italy%27s_Serie_A",Italy,GPE
45245,"Juventus, Lazio and Fiorentina relegated from Italy's Serie A",2006-07-14,Sports,"https://en.wikinews.org/wiki/Juventus,_Lazio_and_Fiorentina_relegated_from_Italy%27s_Serie_A",the World Cup,EVENT
45245,"Juventus, Lazio and Fiorentina relegated from Italy's Serie A",2006-07-14,Sports,"https://en.wikinews.org/wiki/Juventus,_Lazio_and_Fiorentina_relegated_from_Italy%27s_Serie_A",less than a week,DATE
45245,"Juventus, Lazio and Fiorentina relegated from Italy's Serie A",2006-07-14,Sports,"https://en.wikinews.org/wiki/Juventus,_Lazio_and_Fiorentina_relegated_from_Italy%27s_Serie_A",one,CARDINAL
45245,"Juventus, Lazio and Fiorentina relegated from Italy's Serie A",2006-07-14,Sports,"https://en.wikinews.org/wiki/Juventus,_Lazio_and_Fiorentina_relegated_from_Italy%27s_Serie_A",12,CARDINAL
45245,"Juventus, Lazio and Fiorentina relegated from Italy's Serie A",2006-07-14,Sports,"https://en.wikinews.org/wiki/Juventus,_Lazio_and_Fiorentina_relegated_from_Italy%27s_Serie_A",Juventus,ORG
45245,"Juventus, Lazio and Fiorentina relegated from Italy's Serie A",2006-07-14,Sports,"https://en.wikinews.org/wiki/Juventus,_Lazio_and_Fiorentina_relegated_from_Italy%27s_Serie_A",the World Cup,EVENT
45245,"Juventus, Lazio and Fiorentina relegated from Italy's Serie A",2006-07-14,Sports,"https://en.wikinews.org/wiki/Juventus,_Lazio_and_Fiorentina_relegated_from_Italy%27s_Serie_A",five,CARDINAL
45245,"Juventus, Lazio and Fiorentina relegated from Italy's Serie A",2006-07-14,Sports,"https://en.wikinews.org/wiki/Juventus,_Lazio_and_Fiorentina_relegated_from_Italy%27s_Serie_A",Italy,GPE
45245,"Juventus, Lazio and Fiorentina relegated from Italy's Serie A",2006-07-14,Sports,"https://en.wikinews.org/wiki/Juventus,_Lazio_and_Fiorentina_relegated_from_Italy%27s_Serie_A",AC Milan,ORG
45245,"Juventus, Lazio and Fiorentina relegated from Italy's Serie A",2006-07-14,Sports,"https://en.wikinews.org/wiki/Juventus,_Lazio_and_Fiorentina_relegated_from_Italy%27s_Serie_A",thirteen,CARDINAL
45245,"Juventus, Lazio and Fiorentina relegated from Italy's Serie A",2006-07-14,Sports,"https://en.wikinews.org/wiki/Juventus,_Lazio_and_Fiorentina_relegated_from_Italy%27s_Serie_A",the World Cup,EVENT
45245,"Juventus, Lazio and Fiorentina relegated from Italy's Serie A",2006-07-14,Sports,"https://en.wikinews.org/wiki/Juventus,_Lazio_and_Fiorentina_relegated_from_Italy%27s_Serie_A",Italy,GPE
45245,"Juventus, Lazio and Fiorentina relegated from Italy's Serie A",2006-07-14,Sports,"https://en.wikinews.org/wiki/Juventus,_Lazio_and_Fiorentina_relegated_from_Italy%27s_Serie_A",European,NORP
45245,"Juventus, Lazio and Fiorentina relegated from Italy's Serie A",2006-07-14,Sports,"https://en.wikinews.org/wiki/Juventus,_Lazio_and_Fiorentina_relegated_from_Italy%27s_Serie_A",Internazionale,GPE
45245,"Juventus, Lazio and Fiorentina relegated from Italy's Serie A",2006-07-14,Sports,"https://en.wikinews.org/wiki/Juventus,_Lazio_and_Fiorentina_relegated_from_Italy%27s_Serie_A",the Champions League Group Stages,ORG
45245,"Juventus, Lazio and Fiorentina relegated from Italy's Serie A",2006-07-14,Sports,"https://en.wikinews.org/wiki/Juventus,_Lazio_and_Fiorentina_relegated_from_Italy%27s_Serie_A",Palermo,GPE
45245,"Juventus, Lazio and Fiorentina relegated from Italy's Serie A",2006-07-14,Sports,"https://en.wikinews.org/wiki/Juventus,_Lazio_and_Fiorentina_relegated_from_Italy%27s_Serie_A",Chievo,GPE
45245,"Juventus, Lazio and Fiorentina relegated from Italy's Serie A",2006-07-14,Sports,"https://en.wikinews.org/wiki/Juventus,_Lazio_and_Fiorentina_relegated_from_Italy%27s_Serie_A",Livorno,ORG
45245,"Juventus, Lazio and Fiorentina relegated from Italy's Serie A",2006-07-14,Sports,"https://en.wikinews.org/wiki/Juventus,_Lazio_and_Fiorentina_relegated_from_Italy%27s_Serie_A",Empoli,PERSON
45245,"Juventus, Lazio and Fiorentina relegated from Italy's Serie A",2006-07-14,Sports,"https://en.wikinews.org/wiki/Juventus,_Lazio_and_Fiorentina_relegated_from_Italy%27s_Serie_A",Parma,PERSON
45245,"Juventus, Lazio and Fiorentina relegated from Italy's Serie A",2006-07-14,Sports,"https://en.wikinews.org/wiki/Juventus,_Lazio_and_Fiorentina_relegated_from_Italy%27s_Serie_A",UEFA Cup,ORG
45245,"Juventus, Lazio and Fiorentina relegated from Italy's Serie A",2006-07-14,Sports,"https://en.wikinews.org/wiki/Juventus,_Lazio_and_Fiorentina_relegated_from_Italy%27s_Serie_A",first,ORDINAL
45245,"Juventus, Lazio and Fiorentina relegated from Italy's Serie A",2006-07-14,Sports,"https://en.wikinews.org/wiki/Juventus,_Lazio_and_Fiorentina_relegated_from_Italy%27s_Serie_A","Messina, Lecce and",ORG
45245,"Juventus, Lazio and Fiorentina relegated from Italy's Serie A",2006-07-14,Sports,"https://en.wikinews.org/wiki/Juventus,_Lazio_and_Fiorentina_relegated_from_Italy%27s_Serie_A",Treviso,ORG
45245,"Juventus, Lazio and Fiorentina relegated from Italy's Serie A",2006-07-14,Sports,"https://en.wikinews.org/wiki/Juventus,_Lazio_and_Fiorentina_relegated_from_Italy%27s_Serie_A",Serie A,ORG
45245,"Juventus, Lazio and Fiorentina relegated from Italy's Serie A",2006-07-14,Sports,"https://en.wikinews.org/wiki/Juventus,_Lazio_and_Fiorentina_relegated_from_Italy%27s_Serie_A",next season,DATE
2845310,Spanish Football Federation sacks Lopetegui as team's head coach one day before FIFA World Cup,2018-06-13,Sports,https://en.wikinews.org/wiki/Spanish_Football_Federation_sacks_Lopetegui_as_team%27s_head_coach_one_day_before_FIFA_World_Cup,Today,DATE
2845310,Spanish Football Federation sacks Lopetegui as team's head coach one day before FIFA World Cup,2018-06-13,Sports,https://en.wikinews.org/wiki/Spanish_Football_Federation_sacks_Lopetegui_as_team%27s_head_coach_one_day_before_FIFA_World_Cup,the Real Federación Española de Fútbol,ORG
2845310,Spanish Football Federation sacks Lopetegui as team's head coach one day before FIFA World Cup,2018-06-13,Sports,https://en.wikinews.org/wiki/Spanish_Football_Federation_sacks_Lopetegui_as_team%27s_head_coach_one_day_before_FIFA_World_Cup,Royal Spanish Football Federation,ORG
2845310,Spanish Football Federation sacks Lopetegui as team's head coach one day before FIFA World Cup,2018-06-13,Sports,https://en.wikinews.org/wiki/Spanish_Football_Federation_sacks_Lopetegui_as_team%27s_head_coach_one_day_before_FIFA_World_Cup,Julen Lopetegui,PERSON
2845310,Spanish Football Federation sacks Lopetegui as team's head coach one day before FIFA World Cup,2018-06-13,Sports,https://en.wikinews.org/wiki/Spanish_Football_Federation_sacks_Lopetegui_as_team%27s_head_coach_one_day_before_FIFA_World_Cup,Spanish,NORP
2845310,Spanish Football Federation sacks Lopetegui as team's head coach one day before FIFA World Cup,2018-06-13,Sports,https://en.wikinews.org/wiki/Spanish_Football_Federation_sacks_Lopetegui_as_team%27s_head_coach_one_day_before_FIFA_World_Cup,just a day,DATE
2845310,Spanish Football Federation sacks Lopetegui as team's head coach one day before FIFA World Cup,2018-06-13,Sports,https://en.wikinews.org/wiki/Spanish_Football_Federation_sacks_Lopetegui_as_team%27s_head_coach_one_day_before_FIFA_World_Cup,Spanish,NORP
2845310,Spanish Football Federation sacks Lopetegui as team's head coach one day before FIFA World Cup,2018-06-13,Sports,https://en.wikinews.org/wiki/Spanish_Football_Federation_sacks_Lopetegui_as_team%27s_head_coach_one_day_before_FIFA_World_Cup,Real Madrid,ORG
2845310,Spanish Football Federation sacks Lopetegui as team's head coach one day before FIFA World Cup,2018-06-13,Sports,https://en.wikinews.org/wiki/Spanish_Football_Federation_sacks_Lopetegui_as_team%27s_head_coach_one_day_before_FIFA_World_Cup,Lopetegui,ORG
2845310,Spanish Football Federation sacks Lopetegui as team's head coach one day before FIFA World Cup,2018-06-13,Sports,https://en.wikinews.org/wiki/Spanish_Football_Federation_sacks_Lopetegui_as_team%27s_head_coach_one_day_before_FIFA_World_Cup,the World Cup,EVENT
2845310,Spanish Football Federation sacks Lopetegui as team's head coach one day before FIFA World Cup,2018-06-13,Sports,https://en.wikinews.org/wiki/Spanish_Football_Federation_sacks_Lopetegui_as_team%27s_head_coach_one_day_before_FIFA_World_Cup,year,DATE
2845310,Spanish Football Federation sacks Lopetegui as team's head coach one day before FIFA World Cup,2018-06-13,Sports,https://en.wikinews.org/wiki/Spanish_Football_Federation_sacks_Lopetegui_as_team%27s_head_coach_one_day_before_FIFA_World_Cup,FIFA World Cup,ORG
2845310,Spanish Football Federation sacks Lopetegui as team's head coach one day before FIFA World Cup,2018-06-13,Sports,https://en.wikinews.org/wiki/Spanish_Football_Federation_sacks_Lopetegui_as_team%27s_head_coach_one_day_before_FIFA_World_Cup,tomorrow,DATE
2845310,Spanish Football Federation sacks Lopetegui as team's head coach one day before FIFA World Cup,2018-06-13,Sports,https://en.wikinews.org/wiki/Spanish_Football_Federation_sacks_Lopetegui_as_team%27s_head_coach_one_day_before_FIFA_World_Cup,Yesterday,DATE
2845310,Spanish Football Federation sacks Lopetegui as team's head coach one day before FIFA World Cup,2018-06-13,Sports,https://en.wikinews.org/wiki/Spanish_Football_Federation_sacks_Lopetegui_as_team%27s_head_coach_one_day_before_FIFA_World_Cup,Real Madrid,ORG
2845310,Spanish Football Federation sacks Lopetegui as team's head coach one day before FIFA World Cup,2018-06-13,Sports,https://en.wikinews.org/wiki/Spanish_Football_Federation_sacks_Lopetegui_as_team%27s_head_coach_one_day_before_FIFA_World_Cup,Lopetegui,ORG
2845310,Spanish Football Federation sacks Lopetegui as team's head coach one day before FIFA World Cup,2018-06-13,Sports,https://en.wikinews.org/wiki/Spanish_Football_Federation_sacks_Lopetegui_as_team%27s_head_coach_one_day_before_FIFA_World_Cup,first,ORDINAL
2845310,Spanish Football Federation sacks Lopetegui as team's head coach one day before FIFA World Cup,2018-06-13,Sports,https://en.wikinews.org/wiki/Spanish_Football_Federation_sacks_Lopetegui_as_team%27s_head_coach_one_day_before_FIFA_World_Cup,the next three seasons,DATE
2845310,Spanish Football Federation sacks Lopetegui as team's head coach one day before FIFA World Cup,2018-06-13,Sports,https://en.wikinews.org/wiki/Spanish_Football_Federation_sacks_Lopetegui_as_team%27s_head_coach_one_day_before_FIFA_World_Cup,Lopetegui,ORG
2845310,Spanish Football Federation sacks Lopetegui as team's head coach one day before FIFA World Cup,2018-06-13,Sports,https://en.wikinews.org/wiki/Spanish_Football_Federation_sacks_Lopetegui_as_team%27s_head_coach_one_day_before_FIFA_World_Cup,Krasnodar,ORG
2845310,Spanish Football Federation sacks Lopetegui as team's head coach one day before FIFA World Cup,2018-06-13,Sports,https://en.wikinews.org/wiki/Spanish_Football_Federation_sacks_Lopetegui_as_team%27s_head_coach_one_day_before_FIFA_World_Cup,RFEF,ORG
2845310,Spanish Football Federation sacks Lopetegui as team's head coach one day before FIFA World Cup,2018-06-13,Sports,https://en.wikinews.org/wiki/Spanish_Football_Federation_sacks_Lopetegui_as_team%27s_head_coach_one_day_before_FIFA_World_Cup,Luis Rubiales,PERSON
2845310,Spanish Football Federation sacks Lopetegui as team's head coach one day before FIFA World Cup,2018-06-13,Sports,https://en.wikinews.org/wiki/Spanish_Football_Federation_sacks_Lopetegui_as_team%27s_head_coach_one_day_before_FIFA_World_Cup,five minutes,TIME
2845310,Spanish Football Federation sacks Lopetegui as team's head coach one day before FIFA World Cup,2018-06-13,Sports,https://en.wikinews.org/wiki/Spanish_Football_Federation_sacks_Lopetegui_as_team%27s_head_coach_one_day_before_FIFA_World_Cup,Real Madrid,ORG
2845310,Spanish Football Federation sacks Lopetegui as team's head coach one day before FIFA World Cup,2018-06-13,Sports,https://en.wikinews.org/wiki/Spanish_Football_Federation_sacks_Lopetegui_as_team%27s_head_coach_one_day_before_FIFA_World_Cup,Lopetegui,ORG
2845310,Spanish Football Federation sacks Lopetegui as team's head coach one day before FIFA World Cup,2018-06-13,Sports,https://en.wikinews.org/wiki/Spanish_Football_Federation_sacks_Lopetegui_as_team%27s_head_coach_one_day_before_FIFA_World_Cup,Krasnodar,ORG
2845310,Spanish Football Federation sacks Lopetegui as team's head coach one day before FIFA World Cup,2018-06-13,Sports,https://en.wikinews.org/wiki/Spanish_Football_Federation_sacks_Lopetegui_as_team%27s_head_coach_one_day_before_FIFA_World_Cup,es))Spanish,NORP
2845310,Spanish Football Federation sacks Lopetegui as team's head coach one day before FIFA World Cup,2018-06-13,Sports,https://en.wikinews.org/wiki/Spanish_Football_Federation_sacks_Lopetegui_as_team%27s_head_coach_one_day_before_FIFA_World_Cup,que el,ORG
2845310,Spanish Football Federation sacks Lopetegui as team's head coach one day before FIFA World Cup,2018-06-13,Sports,https://en.wikinews.org/wiki/Spanish_Football_Federation_sacks_Lopetegui_as_team%27s_head_coach_one_day_before_FIFA_World_Cup,lo anunciara,PERSON
2845310,Spanish Football Federation sacks Lopetegui as team's head coach one day before FIFA World Cup,2018-06-13,Sports,https://en.wikinews.org/wiki/Spanish_Football_Federation_sacks_Lopetegui_as_team%27s_head_coach_one_day_before_FIFA_World_Cup,Pedí,PERSON
2845310,Spanish Football Federation sacks Lopetegui as team's head coach one day before FIFA World Cup,2018-06-13,Sports,https://en.wikinews.org/wiki/Spanish_Football_Federation_sacks_Lopetegui_as_team%27s_head_coach_one_day_before_FIFA_World_Cup,hiciera nada,PERSON
2845310,Spanish Football Federation sacks Lopetegui as team's head coach one day before FIFA World Cup,2018-06-13,Sports,https://en.wikinews.org/wiki/Spanish_Football_Federation_sacks_Lopetegui_as_team%27s_head_coach_one_day_before_FIFA_World_Cup,Krasnodar,ORG
2845310,Spanish Football Federation sacks Lopetegui as team's head coach one day before FIFA World Cup,2018-06-13,Sports,https://en.wikinews.org/wiki/Spanish_Football_Federation_sacks_Lopetegui_as_team%27s_head_coach_one_day_before_FIFA_World_Cup,Lopetegui,ORG
2845310,Spanish Football Federation sacks Lopetegui as team's head coach one day before FIFA World Cup,2018-06-13,Sports,https://en.wikinews.org/wiki/Spanish_Football_Federation_sacks_Lopetegui_as_team%27s_head_coach_one_day_before_FIFA_World_Cup,es))Spanish,NORP
2845310,Spanish Football Federation sacks Lopetegui as team's head coach one day before FIFA World Cup,2018-06-13,Sports,https://en.wikinews.org/wiki/Spanish_Football_Federation_sacks_Lopetegui_as_team%27s_head_coach_one_day_before_FIFA_World_Cup,Lopetegui,ORG
2845310,Spanish Football Federation sacks Lopetegui as team's head coach one day before FIFA World Cup,2018-06-13,Sports,https://en.wikinews.org/wiki/Spanish_Football_Federation_sacks_Lopetegui_as_team%27s_head_coach_one_day_before_FIFA_World_Cup,nosotros,GPE
2845310,Spanish Football Federation sacks Lopetegui as team's head coach one day before FIFA World Cup,2018-06-13,Sports,https://en.wikinews.org/wiki/Spanish_Football_Federation_sacks_Lopetegui_as_team%27s_head_coach_one_day_before_FIFA_World_Cup,Fernando Hierro,PERSON
2845310,Spanish Football Federation sacks Lopetegui as team's head coach one day before FIFA World Cup,2018-06-13,Sports,https://en.wikinews.org/wiki/Spanish_Football_Federation_sacks_Lopetegui_as_team%27s_head_coach_one_day_before_FIFA_World_Cup,Julen Lopetegui,PERSON
2845310,Spanish Football Federation sacks Lopetegui as team's head coach one day before FIFA World Cup,2018-06-13,Sports,https://en.wikinews.org/wiki/Spanish_Football_Federation_sacks_Lopetegui_as_team%27s_head_coach_one_day_before_FIFA_World_Cup,La Roja's,FAC
2845310,Spanish Football Federation sacks Lopetegui as team's head coach one day before FIFA World Cup,2018-06-13,Sports,https://en.wikinews.org/wiki/Spanish_Football_Federation_sacks_Lopetegui_as_team%27s_head_coach_one_day_before_FIFA_World_Cup,"July 21, 2016",DATE
2845310,Spanish Football Federation sacks Lopetegui as team's head coach one day before FIFA World Cup,2018-06-13,Sports,https://en.wikinews.org/wiki/Spanish_Football_Federation_sacks_Lopetegui_as_team%27s_head_coach_one_day_before_FIFA_World_Cup,Lopetegui,ORG
2845310,Spanish Football Federation sacks Lopetegui as team's head coach one day before FIFA World Cup,2018-06-13,Sports,https://en.wikinews.org/wiki/Spanish_Football_Federation_sacks_Lopetegui_as_team%27s_head_coach_one_day_before_FIFA_World_Cup,20,CARDINAL
2845310,Spanish Football Federation sacks Lopetegui as team's head coach one day before FIFA World Cup,2018-06-13,Sports,https://en.wikinews.org/wiki/Spanish_Football_Federation_sacks_Lopetegui_as_team%27s_head_coach_one_day_before_FIFA_World_Cup,fourteen,DATE
2845310,Spanish Football Federation sacks Lopetegui as team's head coach one day before FIFA World Cup,2018-06-13,Sports,https://en.wikinews.org/wiki/Spanish_Football_Federation_sacks_Lopetegui_as_team%27s_head_coach_one_day_before_FIFA_World_Cup,six,CARDINAL
2845310,Spanish Football Federation sacks Lopetegui as team's head coach one day before FIFA World Cup,2018-06-13,Sports,https://en.wikinews.org/wiki/Spanish_Football_Federation_sacks_Lopetegui_as_team%27s_head_coach_one_day_before_FIFA_World_Cup,Lopetegui,ORG
2845310,Spanish Football Federation sacks Lopetegui as team's head coach one day before FIFA World Cup,2018-06-13,Sports,https://en.wikinews.org/wiki/Spanish_Football_Federation_sacks_Lopetegui_as_team%27s_head_coach_one_day_before_FIFA_World_Cup,Spain,GPE
2845310,Spanish Football Federation sacks Lopetegui as team's head coach one day before FIFA World Cup,2018-06-13,Sports,https://en.wikinews.org/wiki/Spanish_Football_Federation_sacks_Lopetegui_as_team%27s_head_coach_one_day_before_FIFA_World_Cup,U-19,PRODUCT
2845310,Spanish Football Federation sacks Lopetegui as team's head coach one day before FIFA World Cup,2018-06-13,Sports,https://en.wikinews.org/wiki/Spanish_Football_Federation_sacks_Lopetegui_as_team%27s_head_coach_one_day_before_FIFA_World_Cup,2010,DATE
2845310,Spanish Football Federation sacks Lopetegui as team's head coach one day before FIFA World Cup,2018-06-13,Sports,https://en.wikinews.org/wiki/Spanish_Football_Federation_sacks_Lopetegui_as_team%27s_head_coach_one_day_before_FIFA_World_Cup,2012,DATE
2845310,Spanish Football Federation sacks Lopetegui as team's head coach one day before FIFA World Cup,2018-06-13,Sports,https://en.wikinews.org/wiki/Spanish_Football_Federation_sacks_Lopetegui_as_team%27s_head_coach_one_day_before_FIFA_World_Cup,U-21,PRODUCT
2845310,Spanish Football Federation sacks Lopetegui as team's head coach one day before FIFA World Cup,2018-06-13,Sports,https://en.wikinews.org/wiki/Spanish_Football_Federation_sacks_Lopetegui_as_team%27s_head_coach_one_day_before_FIFA_World_Cup,Portuguese,NORP
2845310,Spanish Football Federation sacks Lopetegui as team's head coach one day before FIFA World Cup,2018-06-13,Sports,https://en.wikinews.org/wiki/Spanish_Football_Federation_sacks_Lopetegui_as_team%27s_head_coach_one_day_before_FIFA_World_Cup,Porto FC,PERSON
2845310,Spanish Football Federation sacks Lopetegui as team's head coach one day before FIFA World Cup,2018-06-13,Sports,https://en.wikinews.org/wiki/Spanish_Football_Federation_sacks_Lopetegui_as_team%27s_head_coach_one_day_before_FIFA_World_Cup,Rubiales,PERSON
2845310,Spanish Football Federation sacks Lopetegui as team's head coach one day before FIFA World Cup,2018-06-13,Sports,https://en.wikinews.org/wiki/Spanish_Football_Federation_sacks_Lopetegui_as_team%27s_head_coach_one_day_before_FIFA_World_Cup,Lopetegui,ORG
2845310,Spanish Football Federation sacks Lopetegui as team's head coach one day before FIFA World Cup,2018-06-13,Sports,https://en.wikinews.org/wiki/Spanish_Football_Federation_sacks_Lopetegui_as_team%27s_head_coach_one_day_before_FIFA_World_Cup,es))Spanish,NORP
2845310,Spanish Football Federation sacks Lopetegui as team's head coach one day before FIFA World Cup,2018-06-13,Sports,https://en.wikinews.org/wiki/Spanish_Football_Federation_sacks_Lopetegui_as_team%27s_head_coach_one_day_before_FIFA_World_Cup,hay cosas,PERSON
2845310,Spanish Football Federation sacks Lopetegui as team's head coach one day before FIFA World Cup,2018-06-13,Sports,https://en.wikinews.org/wiki/Spanish_Football_Federation_sacks_Lopetegui_as_team%27s_head_coach_one_day_before_FIFA_World_Cup,como las formas de trabajar,ORG
2845310,Spanish Football Federation sacks Lopetegui as team's head coach one day before FIFA World Cup,2018-06-13,Sports,https://en.wikinews.org/wiki/Spanish_Football_Federation_sacks_Lopetegui_as_team%27s_head_coach_one_day_before_FIFA_World_Cup,Lopetegui,ORG
2845310,Spanish Football Federation sacks Lopetegui as team's head coach one day before FIFA World Cup,2018-06-13,Sports,https://en.wikinews.org/wiki/Spanish_Football_Federation_sacks_Lopetegui_as_team%27s_head_coach_one_day_before_FIFA_World_Cup,un,ORG
2845310,Spanish Football Federation sacks Lopetegui as team's head coach one day before FIFA World Cup,2018-06-13,Sports,https://en.wikinews.org/wiki/Spanish_Football_Federation_sacks_Lopetegui_as_team%27s_head_coach_one_day_before_FIFA_World_Cup,Spain,GPE
2845310,Spanish Football Federation sacks Lopetegui as team's head coach one day before FIFA World Cup,2018-06-13,Sports,https://en.wikinews.org/wiki/Spanish_Football_Federation_sacks_Lopetegui_as_team%27s_head_coach_one_day_before_FIFA_World_Cup,first,ORDINAL
2845310,Spanish Football Federation sacks Lopetegui as team's head coach one day before FIFA World Cup,2018-06-13,Sports,https://en.wikinews.org/wiki/Spanish_Football_Federation_sacks_Lopetegui_as_team%27s_head_coach_one_day_before_FIFA_World_Cup,Portugal,GPE
2845310,Spanish Football Federation sacks Lopetegui as team's head coach one day before FIFA World Cup,2018-06-13,Sports,https://en.wikinews.org/wiki/Spanish_Football_Federation_sacks_Lopetegui_as_team%27s_head_coach_one_day_before_FIFA_World_Cup,Friday,DATE
2845310,Spanish Football Federation sacks Lopetegui as team's head coach one day before FIFA World Cup,2018-06-13,Sports,https://en.wikinews.org/wiki/Spanish_Football_Federation_sacks_Lopetegui_as_team%27s_head_coach_one_day_before_FIFA_World_Cup,Sochi,GPE
2845310,Spanish Football Federation sacks Lopetegui as team's head coach one day before FIFA World Cup,2018-06-13,Sports,https://en.wikinews.org/wiki/Spanish_Football_Federation_sacks_Lopetegui_as_team%27s_head_coach_one_day_before_FIFA_World_Cup,May 22,DATE
2845310,Spanish Football Federation sacks Lopetegui as team's head coach one day before FIFA World Cup,2018-06-13,Sports,https://en.wikinews.org/wiki/Spanish_Football_Federation_sacks_Lopetegui_as_team%27s_head_coach_one_day_before_FIFA_World_Cup,Lopetegui,ORG
2845310,Spanish Football Federation sacks Lopetegui as team's head coach one day before FIFA World Cup,2018-06-13,Sports,https://en.wikinews.org/wiki/Spanish_Football_Federation_sacks_Lopetegui_as_team%27s_head_coach_one_day_before_FIFA_World_Cup,2020,DATE
203416,Two time Tour de France winner Laurent Fignon dies at age 50,2010-08-31,Sports,https://en.wikinews.org/wiki/Two_time_Tour_de_France_winner_Laurent_Fignon_dies_at_age_50,two,CARDINAL
203416,Two time Tour de France winner Laurent Fignon dies at age 50,2010-08-31,Sports,https://en.wikinews.org/wiki/Two_time_Tour_de_France_winner_Laurent_Fignon_dies_at_age_50,the Tour de France,ORG
203416,Two time Tour de France winner Laurent Fignon dies at age 50,2010-08-31,Sports,https://en.wikinews.org/wiki/Two_time_Tour_de_France_winner_Laurent_Fignon_dies_at_age_50,the age of 50,DATE
203416,Two time Tour de France winner Laurent Fignon dies at age 50,2010-08-31,Sports,https://en.wikinews.org/wiki/Two_time_Tour_de_France_winner_Laurent_Fignon_dies_at_age_50,Valerie,PERSON
203416,Two time Tour de France winner Laurent Fignon dies at age 50,2010-08-31,Sports,https://en.wikinews.org/wiki/Two_time_Tour_de_France_winner_Laurent_Fignon_dies_at_age_50,Fignon,ORG
203416,Two time Tour de France winner Laurent Fignon dies at age 50,2010-08-31,Sports,https://en.wikinews.org/wiki/Two_time_Tour_de_France_winner_Laurent_Fignon_dies_at_age_50,2009,DATE
203416,Two time Tour de France winner Laurent Fignon dies at age 50,2010-08-31,Sports,https://en.wikinews.org/wiki/Two_time_Tour_de_France_winner_Laurent_Fignon_dies_at_age_50,Fignon,NORP
203416,Two time Tour de France winner Laurent Fignon dies at age 50,2010-08-31,Sports,https://en.wikinews.org/wiki/Two_time_Tour_de_France_winner_Laurent_Fignon_dies_at_age_50,the Tour de France,ORG
203416,Two time Tour de France winner Laurent Fignon dies at age 50,2010-08-31,Sports,https://en.wikinews.org/wiki/Two_time_Tour_de_France_winner_Laurent_Fignon_dies_at_age_50,1983,DATE
203416,Two time Tour de France winner Laurent Fignon dies at age 50,2010-08-31,Sports,https://en.wikinews.org/wiki/Two_time_Tour_de_France_winner_Laurent_Fignon_dies_at_age_50,1984,DATE
203416,Two time Tour de France winner Laurent Fignon dies at age 50,2010-08-31,Sports,https://en.wikinews.org/wiki/Two_time_Tour_de_France_winner_Laurent_Fignon_dies_at_age_50,1989,DATE
203416,Two time Tour de France winner Laurent Fignon dies at age 50,2010-08-31,Sports,https://en.wikinews.org/wiki/Two_time_Tour_de_France_winner_Laurent_Fignon_dies_at_age_50,Fignon,NORP
203416,Two time Tour de France winner Laurent Fignon dies at age 50,2010-08-31,Sports,https://en.wikinews.org/wiki/Two_time_Tour_de_France_winner_Laurent_Fignon_dies_at_age_50,Greg LeMond,PERSON
203416,Two time Tour de France winner Laurent Fignon dies at age 50,2010-08-31,Sports,https://en.wikinews.org/wiki/Two_time_Tour_de_France_winner_Laurent_Fignon_dies_at_age_50,just eight seconds,TIME
203416,Two time Tour de France winner Laurent Fignon dies at age 50,2010-08-31,Sports,https://en.wikinews.org/wiki/Two_time_Tour_de_France_winner_Laurent_Fignon_dies_at_age_50,Fignon,NORP
203416,Two time Tour de France winner Laurent Fignon dies at age 50,2010-08-31,Sports,https://en.wikinews.org/wiki/Two_time_Tour_de_France_winner_Laurent_Fignon_dies_at_age_50,76,CARDINAL
203416,Two time Tour de France winner Laurent Fignon dies at age 50,2010-08-31,Sports,https://en.wikinews.org/wiki/Two_time_Tour_de_France_winner_Laurent_Fignon_dies_at_age_50,the La Flèche Wallonne,ORG
203416,Two time Tour de France winner Laurent Fignon dies at age 50,2010-08-31,Sports,https://en.wikinews.org/wiki/Two_time_Tour_de_France_winner_Laurent_Fignon_dies_at_age_50,1986,DATE
203416,Two time Tour de France winner Laurent Fignon dies at age 50,2010-08-31,Sports,https://en.wikinews.org/wiki/Two_time_Tour_de_France_winner_Laurent_Fignon_dies_at_age_50,Milan,GPE
203416,Two time Tour de France winner Laurent Fignon dies at age 50,2010-08-31,Sports,https://en.wikinews.org/wiki/Two_time_Tour_de_France_winner_Laurent_Fignon_dies_at_age_50,both 1988,DATE
203416,Two time Tour de France winner Laurent Fignon dies at age 50,2010-08-31,Sports,https://en.wikinews.org/wiki/Two_time_Tour_de_France_winner_Laurent_Fignon_dies_at_age_50,1989,DATE
203416,Two time Tour de France winner Laurent Fignon dies at age 50,2010-08-31,Sports,https://en.wikinews.org/wiki/Two_time_Tour_de_France_winner_Laurent_Fignon_dies_at_age_50,the Giro d'Italia,LOC
203416,Two time Tour de France winner Laurent Fignon dies at age 50,2010-08-31,Sports,https://en.wikinews.org/wiki/Two_time_Tour_de_France_winner_Laurent_Fignon_dies_at_age_50,1989,DATE
203416,Two time Tour de France winner Laurent Fignon dies at age 50,2010-08-31,Sports,https://en.wikinews.org/wiki/Two_time_Tour_de_France_winner_Laurent_Fignon_dies_at_age_50,Fignon,NORP
203416,Two time Tour de France winner Laurent Fignon dies at age 50,2010-08-31,Sports,https://en.wikinews.org/wiki/Two_time_Tour_de_France_winner_Laurent_Fignon_dies_at_age_50,2006,DATE
203416,Two time Tour de France winner Laurent Fignon dies at age 50,2010-08-31,Sports,https://en.wikinews.org/wiki/Two_time_Tour_de_France_winner_Laurent_Fignon_dies_at_age_50,France,GPE
203416,Two time Tour de France winner Laurent Fignon dies at age 50,2010-08-31,Sports,https://en.wikinews.org/wiki/Two_time_Tour_de_France_winner_Laurent_Fignon_dies_at_age_50,France,GPE
203416,Two time Tour de France winner Laurent Fignon dies at age 50,2010-08-31,Sports,https://en.wikinews.org/wiki/Two_time_Tour_de_France_winner_Laurent_Fignon_dies_at_age_50,France,GPE
203416,Two time Tour de France winner Laurent Fignon dies at age 50,2010-08-31,Sports,https://en.wikinews.org/wiki/Two_time_Tour_de_France_winner_Laurent_Fignon_dies_at_age_50,2010,DATE
203416,Two time Tour de France winner Laurent Fignon dies at age 50,2010-08-31,Sports,https://en.wikinews.org/wiki/Two_time_Tour_de_France_winner_Laurent_Fignon_dies_at_age_50,Tour de France,ORG
106697,Lewis Hamilton wins 2008 Monaco Grand Prix,2008-05-28,Sports,https://en.wikinews.org/wiki/Lewis_Hamilton_wins_2008_Monaco_Grand_Prix,McLaren Mercedes,PERSON
106697,Lewis Hamilton wins 2008 Monaco Grand Prix,2008-05-28,Sports,https://en.wikinews.org/wiki/Lewis_Hamilton_wins_2008_Monaco_Grand_Prix,Lewis Hamilton,PERSON
106697,Lewis Hamilton wins 2008 Monaco Grand Prix,2008-05-28,Sports,https://en.wikinews.org/wiki/Lewis_Hamilton_wins_2008_Monaco_Grand_Prix,FIA,ORG
106697,Lewis Hamilton wins 2008 Monaco Grand Prix,2008-05-28,Sports,https://en.wikinews.org/wiki/Lewis_Hamilton_wins_2008_Monaco_Grand_Prix,2008,DATE
106697,Lewis Hamilton wins 2008 Monaco Grand Prix,2008-05-28,Sports,https://en.wikinews.org/wiki/Lewis_Hamilton_wins_2008_Monaco_Grand_Prix,Prix de Monaco,ORG
106697,Lewis Hamilton wins 2008 Monaco Grand Prix,2008-05-28,Sports,https://en.wikinews.org/wiki/Lewis_Hamilton_wins_2008_Monaco_Grand_Prix,the Circuit de Monaco,ORG
106697,Lewis Hamilton wins 2008 Monaco Grand Prix,2008-05-28,Sports,https://en.wikinews.org/wiki/Lewis_Hamilton_wins_2008_Monaco_Grand_Prix,Monte Carlo,GPE
106697,Lewis Hamilton wins 2008 Monaco Grand Prix,2008-05-28,Sports,https://en.wikinews.org/wiki/Lewis_Hamilton_wins_2008_Monaco_Grand_Prix,Monaco,ORG
106697,Lewis Hamilton wins 2008 Monaco Grand Prix,2008-05-28,Sports,https://en.wikinews.org/wiki/Lewis_Hamilton_wins_2008_Monaco_Grand_Prix,May 25,DATE
106697,Lewis Hamilton wins 2008 Monaco Grand Prix,2008-05-28,Sports,https://en.wikinews.org/wiki/Lewis_Hamilton_wins_2008_Monaco_Grand_Prix,first,ORDINAL
106697,Lewis Hamilton wins 2008 Monaco Grand Prix,2008-05-28,Sports,https://en.wikinews.org/wiki/Lewis_Hamilton_wins_2008_Monaco_Grand_Prix,the 23 year old,DATE
106697,Lewis Hamilton wins 2008 Monaco Grand Prix,2008-05-28,Sports,https://en.wikinews.org/wiki/Lewis_Hamilton_wins_2008_Monaco_Grand_Prix,Briton,PERSON
106697,Lewis Hamilton wins 2008 Monaco Grand Prix,2008-05-28,Sports,https://en.wikinews.org/wiki/Lewis_Hamilton_wins_2008_Monaco_Grand_Prix,F1,GPE
106697,Lewis Hamilton wins 2008 Monaco Grand Prix,2008-05-28,Sports,https://en.wikinews.org/wiki/Lewis_Hamilton_wins_2008_Monaco_Grand_Prix,Last year,DATE
106697,Lewis Hamilton wins 2008 Monaco Grand Prix,2008-05-28,Sports,https://en.wikinews.org/wiki/Lewis_Hamilton_wins_2008_Monaco_Grand_Prix,second,ORDINAL
106697,Lewis Hamilton wins 2008 Monaco Grand Prix,2008-05-28,Sports,https://en.wikinews.org/wiki/Lewis_Hamilton_wins_2008_Monaco_Grand_Prix,Fernando Alonso,PERSON
106697,Lewis Hamilton wins 2008 Monaco Grand Prix,2008-05-28,Sports,https://en.wikinews.org/wiki/Lewis_Hamilton_wins_2008_Monaco_Grand_Prix,Alonso,PERSON
106697,Lewis Hamilton wins 2008 Monaco Grand Prix,2008-05-28,Sports,https://en.wikinews.org/wiki/Lewis_Hamilton_wins_2008_Monaco_Grand_Prix,10th,ORDINAL
106697,Lewis Hamilton wins 2008 Monaco Grand Prix,2008-05-28,Sports,https://en.wikinews.org/wiki/Lewis_Hamilton_wins_2008_Monaco_Grand_Prix,Renault,ORG
106697,Lewis Hamilton wins 2008 Monaco Grand Prix,2008-05-28,Sports,https://en.wikinews.org/wiki/Lewis_Hamilton_wins_2008_Monaco_Grand_Prix,British,NORP
106697,Lewis Hamilton wins 2008 Monaco Grand Prix,2008-05-28,Sports,https://en.wikinews.org/wiki/Lewis_Hamilton_wins_2008_Monaco_Grand_Prix,Monaco,GPE
106697,Lewis Hamilton wins 2008 Monaco Grand Prix,2008-05-28,Sports,https://en.wikinews.org/wiki/Lewis_Hamilton_wins_2008_Monaco_Grand_Prix,Graham Hill,PERSON
106697,Lewis Hamilton wins 2008 Monaco Grand Prix,2008-05-28,Sports,https://en.wikinews.org/wiki/Lewis_Hamilton_wins_2008_Monaco_Grand_Prix,1969,DATE
106697,Lewis Hamilton wins 2008 Monaco Grand Prix,2008-05-28,Sports,https://en.wikinews.org/wiki/Lewis_Hamilton_wins_2008_Monaco_Grand_Prix,the weekend,DATE
106697,Lewis Hamilton wins 2008 Monaco Grand Prix,2008-05-28,Sports,https://en.wikinews.org/wiki/Lewis_Hamilton_wins_2008_Monaco_Grand_Prix,Sunday,DATE
106697,Lewis Hamilton wins 2008 Monaco Grand Prix,2008-05-28,Sports,https://en.wikinews.org/wiki/Lewis_Hamilton_wins_2008_Monaco_Grand_Prix,Robert Kubica,PERSON
106697,Lewis Hamilton wins 2008 Monaco Grand Prix,2008-05-28,Sports,https://en.wikinews.org/wiki/Lewis_Hamilton_wins_2008_Monaco_Grand_Prix,BMW Sauber,ORG
106697,Lewis Hamilton wins 2008 Monaco Grand Prix,2008-05-28,Sports,https://en.wikinews.org/wiki/Lewis_Hamilton_wins_2008_Monaco_Grand_Prix,Hamilton,PERSON
106697,Lewis Hamilton wins 2008 Monaco Grand Prix,2008-05-28,Sports,https://en.wikinews.org/wiki/Lewis_Hamilton_wins_2008_Monaco_Grand_Prix,3,CARDINAL
106697,Lewis Hamilton wins 2008 Monaco Grand Prix,2008-05-28,Sports,https://en.wikinews.org/wiki/Lewis_Hamilton_wins_2008_Monaco_Grand_Prix,Ferrari,ORG
106697,Lewis Hamilton wins 2008 Monaco Grand Prix,2008-05-28,Sports,https://en.wikinews.org/wiki/Lewis_Hamilton_wins_2008_Monaco_Grand_Prix,McLaren,PERSON
106697,Lewis Hamilton wins 2008 Monaco Grand Prix,2008-05-28,Sports,https://en.wikinews.org/wiki/Lewis_Hamilton_wins_2008_Monaco_Grand_Prix,BMW,ORG
106697,Lewis Hamilton wins 2008 Monaco Grand Prix,2008-05-28,Sports,https://en.wikinews.org/wiki/Lewis_Hamilton_wins_2008_Monaco_Grand_Prix,Felipe Massa,PERSON
106697,Lewis Hamilton wins 2008 Monaco Grand Prix,2008-05-28,Sports,https://en.wikinews.org/wiki/Lewis_Hamilton_wins_2008_Monaco_Grand_Prix,third,ORDINAL
106697,Lewis Hamilton wins 2008 Monaco Grand Prix,2008-05-28,Sports,https://en.wikinews.org/wiki/Lewis_Hamilton_wins_2008_Monaco_Grand_Prix,Adrian Sutil,PERSON
106697,Lewis Hamilton wins 2008 Monaco Grand Prix,2008-05-28,Sports,https://en.wikinews.org/wiki/Lewis_Hamilton_wins_2008_Monaco_Grand_Prix,4th,ORDINAL
106697,Lewis Hamilton wins 2008 Monaco Grand Prix,2008-05-28,Sports,https://en.wikinews.org/wiki/Lewis_Hamilton_wins_2008_Monaco_Grand_Prix,Kimi Räikkönen,PERSON
106697,Lewis Hamilton wins 2008 Monaco Grand Prix,2008-05-28,Sports,https://en.wikinews.org/wiki/Lewis_Hamilton_wins_2008_Monaco_Grand_Prix,Räikkönen,ORG
106697,Lewis Hamilton wins 2008 Monaco Grand Prix,2008-05-28,Sports,https://en.wikinews.org/wiki/Lewis_Hamilton_wins_2008_Monaco_Grand_Prix,5th,ORDINAL
106697,Lewis Hamilton wins 2008 Monaco Grand Prix,2008-05-28,Sports,https://en.wikinews.org/wiki/Lewis_Hamilton_wins_2008_Monaco_Grand_Prix,9th,ORDINAL
106697,Lewis Hamilton wins 2008 Monaco Grand Prix,2008-05-28,Sports,https://en.wikinews.org/wiki/Lewis_Hamilton_wins_2008_Monaco_Grand_Prix,Sutil,PERSON
106697,Lewis Hamilton wins 2008 Monaco Grand Prix,2008-05-28,Sports,https://en.wikinews.org/wiki/Lewis_Hamilton_wins_2008_Monaco_Grand_Prix,Sutil,PERSON
106697,Lewis Hamilton wins 2008 Monaco Grand Prix,2008-05-28,Sports,https://en.wikinews.org/wiki/Lewis_Hamilton_wins_2008_Monaco_Grand_Prix,Force India,ORG
106697,Lewis Hamilton wins 2008 Monaco Grand Prix,2008-05-28,Sports,https://en.wikinews.org/wiki/Lewis_Hamilton_wins_2008_Monaco_Grand_Prix,Giancarlo Fisichella,PERSON
106697,Lewis Hamilton wins 2008 Monaco Grand Prix,2008-05-28,Sports,https://en.wikinews.org/wiki/Lewis_Hamilton_wins_2008_Monaco_Grand_Prix,Sutil,PERSON
106697,Lewis Hamilton wins 2008 Monaco Grand Prix,2008-05-28,Sports,https://en.wikinews.org/wiki/Lewis_Hamilton_wins_2008_Monaco_Grand_Prix,Rubens Barrichello,ORG
106697,Lewis Hamilton wins 2008 Monaco Grand Prix,2008-05-28,Sports,https://en.wikinews.org/wiki/Lewis_Hamilton_wins_2008_Monaco_Grand_Prix,Kazuki Nakajima,PERSON
106697,Lewis Hamilton wins 2008 Monaco Grand Prix,2008-05-28,Sports,https://en.wikinews.org/wiki/Lewis_Hamilton_wins_2008_Monaco_Grand_Prix,Nelson Piquet Jr.,PERSON
106697,Lewis Hamilton wins 2008 Monaco Grand Prix,2008-05-28,Sports,https://en.wikinews.org/wiki/Lewis_Hamilton_wins_2008_Monaco_Grand_Prix,13,CARDINAL
106697,Lewis Hamilton wins 2008 Monaco Grand Prix,2008-05-28,Sports,https://en.wikinews.org/wiki/Lewis_Hamilton_wins_2008_Monaco_Grand_Prix,Australian,NORP
106697,Lewis Hamilton wins 2008 Monaco Grand Prix,2008-05-28,Sports,https://en.wikinews.org/wiki/Lewis_Hamilton_wins_2008_Monaco_Grand_Prix,Mark Webber,PERSON
106697,Lewis Hamilton wins 2008 Monaco Grand Prix,2008-05-28,Sports,https://en.wikinews.org/wiki/Lewis_Hamilton_wins_2008_Monaco_Grand_Prix,4th,ORDINAL
106697,Lewis Hamilton wins 2008 Monaco Grand Prix,2008-05-28,Sports,https://en.wikinews.org/wiki/Lewis_Hamilton_wins_2008_Monaco_Grand_Prix,Sutil,PERSON
106697,Lewis Hamilton wins 2008 Monaco Grand Prix,2008-05-28,Sports,https://en.wikinews.org/wiki/Lewis_Hamilton_wins_2008_Monaco_Grand_Prix,Räikkönen,ORG
106697,Lewis Hamilton wins 2008 Monaco Grand Prix,2008-05-28,Sports,https://en.wikinews.org/wiki/Lewis_Hamilton_wins_2008_Monaco_Grand_Prix,Sebastian Vettel,PERSON
106697,Lewis Hamilton wins 2008 Monaco Grand Prix,2008-05-28,Sports,https://en.wikinews.org/wiki/Lewis_Hamilton_wins_2008_Monaco_Grand_Prix,first,ORDINAL
106697,Lewis Hamilton wins 2008 Monaco Grand Prix,2008-05-28,Sports,https://en.wikinews.org/wiki/Lewis_Hamilton_wins_2008_Monaco_Grand_Prix,2008 season,DATE
106697,Lewis Hamilton wins 2008 Monaco Grand Prix,2008-05-28,Sports,https://en.wikinews.org/wiki/Lewis_Hamilton_wins_2008_Monaco_Grand_Prix,STR3,ORG
106697,Lewis Hamilton wins 2008 Monaco Grand Prix,2008-05-28,Sports,https://en.wikinews.org/wiki/Lewis_Hamilton_wins_2008_Monaco_Grand_Prix,Rubens Barrichello,PERSON
106697,Lewis Hamilton wins 2008 Monaco Grand Prix,2008-05-28,Sports,https://en.wikinews.org/wiki/Lewis_Hamilton_wins_2008_Monaco_Grand_Prix,6th,ORDINAL
106697,Lewis Hamilton wins 2008 Monaco Grand Prix,2008-05-28,Sports,https://en.wikinews.org/wiki/Lewis_Hamilton_wins_2008_Monaco_Grand_Prix,Honda,ORG
106697,Lewis Hamilton wins 2008 Monaco Grand Prix,2008-05-28,Sports,https://en.wikinews.org/wiki/Lewis_Hamilton_wins_2008_Monaco_Grand_Prix,600th,NORP
106697,Lewis Hamilton wins 2008 Monaco Grand Prix,2008-05-28,Sports,https://en.wikinews.org/wiki/Lewis_Hamilton_wins_2008_Monaco_Grand_Prix,Frank Williams,PERSON
106697,Lewis Hamilton wins 2008 Monaco Grand Prix,2008-05-28,Sports,https://en.wikinews.org/wiki/Lewis_Hamilton_wins_2008_Monaco_Grand_Prix,Kaz Nakajima,ORG
106697,Lewis Hamilton wins 2008 Monaco Grand Prix,2008-05-28,Sports,https://en.wikinews.org/wiki/Lewis_Hamilton_wins_2008_Monaco_Grand_Prix,2,CARDINAL
106697,Lewis Hamilton wins 2008 Monaco Grand Prix,2008-05-28,Sports,https://en.wikinews.org/wiki/Lewis_Hamilton_wins_2008_Monaco_Grand_Prix,Heikki Kovalainen,PERSON
106697,Lewis Hamilton wins 2008 Monaco Grand Prix,2008-05-28,Sports,https://en.wikinews.org/wiki/Lewis_Hamilton_wins_2008_Monaco_Grand_Prix,Hamilton,PERSON
106697,Lewis Hamilton wins 2008 Monaco Grand Prix,2008-05-28,Sports,https://en.wikinews.org/wiki/Lewis_Hamilton_wins_2008_Monaco_Grand_Prix,eight,CARDINAL
106697,Lewis Hamilton wins 2008 Monaco Grand Prix,2008-05-28,Sports,https://en.wikinews.org/wiki/Lewis_Hamilton_wins_2008_Monaco_Grand_Prix,one,CARDINAL
106697,Lewis Hamilton wins 2008 Monaco Grand Prix,2008-05-28,Sports,https://en.wikinews.org/wiki/Lewis_Hamilton_wins_2008_Monaco_Grand_Prix,Lewis Hamilton,PERSON
106697,Lewis Hamilton wins 2008 Monaco Grand Prix,2008-05-28,Sports,https://en.wikinews.org/wiki/Lewis_Hamilton_wins_2008_Monaco_Grand_Prix,38,CARDINAL
106697,Lewis Hamilton wins 2008 Monaco Grand Prix,2008-05-28,Sports,https://en.wikinews.org/wiki/Lewis_Hamilton_wins_2008_Monaco_Grand_Prix,3,CARDINAL
106697,Lewis Hamilton wins 2008 Monaco Grand Prix,2008-05-28,Sports,https://en.wikinews.org/wiki/Lewis_Hamilton_wins_2008_Monaco_Grand_Prix,Räikkönen,ORG
106697,Lewis Hamilton wins 2008 Monaco Grand Prix,2008-05-28,Sports,https://en.wikinews.org/wiki/Lewis_Hamilton_wins_2008_Monaco_Grand_Prix,4,CARDINAL
106697,Lewis Hamilton wins 2008 Monaco Grand Prix,2008-05-28,Sports,https://en.wikinews.org/wiki/Lewis_Hamilton_wins_2008_Monaco_Grand_Prix,Massa,PERSON
106697,Lewis Hamilton wins 2008 Monaco Grand Prix,2008-05-28,Sports,https://en.wikinews.org/wiki/Lewis_Hamilton_wins_2008_Monaco_Grand_Prix,6,CARDINAL
106697,Lewis Hamilton wins 2008 Monaco Grand Prix,2008-05-28,Sports,https://en.wikinews.org/wiki/Lewis_Hamilton_wins_2008_Monaco_Grand_Prix,Kubica,GPE
106697,Lewis Hamilton wins 2008 Monaco Grand Prix,2008-05-28,Sports,https://en.wikinews.org/wiki/Lewis_Hamilton_wins_2008_Monaco_Grand_Prix,Ferrari,NORP
106697,Lewis Hamilton wins 2008 Monaco Grand Prix,2008-05-28,Sports,https://en.wikinews.org/wiki/Lewis_Hamilton_wins_2008_Monaco_Grand_Prix,16,CARDINAL
106697,Lewis Hamilton wins 2008 Monaco Grand Prix,2008-05-28,Sports,https://en.wikinews.org/wiki/Lewis_Hamilton_wins_2008_Monaco_Grand_Prix,McLaren,PERSON
106697,Lewis Hamilton wins 2008 Monaco Grand Prix,2008-05-28,Sports,https://en.wikinews.org/wiki/Lewis_Hamilton_wins_2008_Monaco_Grand_Prix,17,CARDINAL
106697,Lewis Hamilton wins 2008 Monaco Grand Prix,2008-05-28,Sports,https://en.wikinews.org/wiki/Lewis_Hamilton_wins_2008_Monaco_Grand_Prix,BMW,ORG
106697,Lewis Hamilton wins 2008 Monaco Grand Prix,2008-05-28,Sports,https://en.wikinews.org/wiki/Lewis_Hamilton_wins_2008_Monaco_Grand_Prix,about 43 seconds,TIME
106697,Lewis Hamilton wins 2008 Monaco Grand Prix,2008-05-28,Sports,https://en.wikinews.org/wiki/Lewis_Hamilton_wins_2008_Monaco_Grand_Prix,2 hour,TIME
191131,United States and England open World Cup with 1–1 draw,2010-06-13,Sports,https://en.wikinews.org/wiki/United_States_and_England_open_World_Cup_with_1%E2%80%931_draw,The United States,GPE
191131,United States and England open World Cup with 1–1 draw,2010-06-13,Sports,https://en.wikinews.org/wiki/United_States_and_England_open_World_Cup_with_1%E2%80%931_draw,England,GPE
191131,United States and England open World Cup with 1–1 draw,2010-06-13,Sports,https://en.wikinews.org/wiki/United_States_and_England_open_World_Cup_with_1%E2%80%931_draw,2010,DATE
191131,United States and England open World Cup with 1–1 draw,2010-06-13,Sports,https://en.wikinews.org/wiki/United_States_and_England_open_World_Cup_with_1%E2%80%931_draw,FIFA World Cup,EVENT
191131,United States and England open World Cup with 1–1 draw,2010-06-13,Sports,https://en.wikinews.org/wiki/United_States_and_England_open_World_Cup_with_1%E2%80%931_draw,Saturday,DATE
191131,United States and England open World Cup with 1–1 draw,2010-06-13,Sports,https://en.wikinews.org/wiki/United_States_and_England_open_World_Cup_with_1%E2%80%931_draw,1–1,CARDINAL
191131,United States and England open World Cup with 1–1 draw,2010-06-13,Sports,https://en.wikinews.org/wiki/United_States_and_England_open_World_Cup_with_1%E2%80%931_draw,"over 38,000",CARDINAL
191131,United States and England open World Cup with 1–1 draw,2010-06-13,Sports,https://en.wikinews.org/wiki/United_States_and_England_open_World_Cup_with_1%E2%80%931_draw,Royal Bafokeng Stadium,FAC
191131,United States and England open World Cup with 1–1 draw,2010-06-13,Sports,https://en.wikinews.org/wiki/United_States_and_England_open_World_Cup_with_1%E2%80%931_draw,Rustenburg,GPE
191131,United States and England open World Cup with 1–1 draw,2010-06-13,Sports,https://en.wikinews.org/wiki/United_States_and_England_open_World_Cup_with_1%E2%80%931_draw,South Africa,GPE
191131,United States and England open World Cup with 1–1 draw,2010-06-13,Sports,https://en.wikinews.org/wiki/United_States_and_England_open_World_Cup_with_1%E2%80%931_draw,England,GPE
191131,United States and England open World Cup with 1–1 draw,2010-06-13,Sports,https://en.wikinews.org/wiki/United_States_and_England_open_World_Cup_with_1%E2%80%931_draw,Steven Gerrard,PERSON
191131,United States and England open World Cup with 1–1 draw,2010-06-13,Sports,https://en.wikinews.org/wiki/United_States_and_England_open_World_Cup_with_1%E2%80%931_draw,English,LANGUAGE
191131,United States and England open World Cup with 1–1 draw,2010-06-13,Sports,https://en.wikinews.org/wiki/United_States_and_England_open_World_Cup_with_1%E2%80%931_draw,the fourth minute,TIME
191131,United States and England open World Cup with 1–1 draw,2010-06-13,Sports,https://en.wikinews.org/wiki/United_States_and_England_open_World_Cup_with_1%E2%80%931_draw,Gerrard,PERSON
191131,United States and England open World Cup with 1–1 draw,2010-06-13,Sports,https://en.wikinews.org/wiki/United_States_and_England_open_World_Cup_with_1%E2%80%931_draw,U.S.,GPE
191131,United States and England open World Cup with 1–1 draw,2010-06-13,Sports,https://en.wikinews.org/wiki/United_States_and_England_open_World_Cup_with_1%E2%80%931_draw,The United States,GPE
191131,United States and England open World Cup with 1–1 draw,2010-06-13,Sports,https://en.wikinews.org/wiki/United_States_and_England_open_World_Cup_with_1%E2%80%931_draw,the 40th minute,TIME
191131,United States and England open World Cup with 1–1 draw,2010-06-13,Sports,https://en.wikinews.org/wiki/United_States_and_England_open_World_Cup_with_1%E2%80%931_draw,Clint Dempsey,PERSON
191131,United States and England open World Cup with 1–1 draw,2010-06-13,Sports,https://en.wikinews.org/wiki/United_States_and_England_open_World_Cup_with_1%E2%80%931_draw,roughly 25 yards,QUANTITY
191131,United States and England open World Cup with 1–1 draw,2010-06-13,Sports,https://en.wikinews.org/wiki/United_States_and_England_open_World_Cup_with_1%E2%80%931_draw,English,LANGUAGE
191131,United States and England open World Cup with 1–1 draw,2010-06-13,Sports,https://en.wikinews.org/wiki/United_States_and_England_open_World_Cup_with_1%E2%80%931_draw,Robert Green,PERSON
191131,United States and England open World Cup with 1–1 draw,2010-06-13,Sports,https://en.wikinews.org/wiki/United_States_and_England_open_World_Cup_with_1%E2%80%931_draw,the second half,DATE
191131,United States and England open World Cup with 1–1 draw,2010-06-13,Sports,https://en.wikinews.org/wiki/United_States_and_England_open_World_Cup_with_1%E2%80%931_draw,Jozy Altidore,PERSON
191131,United States and England open World Cup with 1–1 draw,2010-06-13,Sports,https://en.wikinews.org/wiki/United_States_and_England_open_World_Cup_with_1%E2%80%931_draw,Green,ORG
191131,United States and England open World Cup with 1–1 draw,2010-06-13,Sports,https://en.wikinews.org/wiki/United_States_and_England_open_World_Cup_with_1%E2%80%931_draw,U.S.,GPE
191131,United States and England open World Cup with 1–1 draw,2010-06-13,Sports,https://en.wikinews.org/wiki/United_States_and_England_open_World_Cup_with_1%E2%80%931_draw,Tim Howard,PERSON
191131,United States and England open World Cup with 1–1 draw,2010-06-13,Sports,https://en.wikinews.org/wiki/United_States_and_England_open_World_Cup_with_1%E2%80%931_draw,the second half,DATE
191131,United States and England open World Cup with 1–1 draw,2010-06-13,Sports,https://en.wikinews.org/wiki/United_States_and_England_open_World_Cup_with_1%E2%80%931_draw,one,CARDINAL
191131,United States and England open World Cup with 1–1 draw,2010-06-13,Sports,https://en.wikinews.org/wiki/United_States_and_England_open_World_Cup_with_1%E2%80%931_draw,first,ORDINAL
191131,United States and England open World Cup with 1–1 draw,2010-06-13,Sports,https://en.wikinews.org/wiki/United_States_and_England_open_World_Cup_with_1%E2%80%931_draw,second,ORDINAL
191131,United States and England open World Cup with 1–1 draw,2010-06-13,Sports,https://en.wikinews.org/wiki/United_States_and_England_open_World_Cup_with_1%E2%80%931_draw,the World Cup,EVENT
191131,United States and England open World Cup with 1–1 draw,2010-06-13,Sports,https://en.wikinews.org/wiki/United_States_and_England_open_World_Cup_with_1%E2%80%931_draw,June 18,DATE
191131,United States and England open World Cup with 1–1 draw,2010-06-13,Sports,https://en.wikinews.org/wiki/United_States_and_England_open_World_Cup_with_1%E2%80%931_draw,the United States,GPE
191131,United States and England open World Cup with 1–1 draw,2010-06-13,Sports,https://en.wikinews.org/wiki/United_States_and_England_open_World_Cup_with_1%E2%80%931_draw,Slovenia,GPE
191131,United States and England open World Cup with 1–1 draw,2010-06-13,Sports,https://en.wikinews.org/wiki/United_States_and_England_open_World_Cup_with_1%E2%80%931_draw,England,GPE
191131,United States and England open World Cup with 1–1 draw,2010-06-13,Sports,https://en.wikinews.org/wiki/United_States_and_England_open_World_Cup_with_1%E2%80%931_draw,Algeria,GPE
191131,United States and England open World Cup with 1–1 draw,2010-06-13,Sports,https://en.wikinews.org/wiki/United_States_and_England_open_World_Cup_with_1%E2%80%931_draw,2010,DATE
191131,United States and England open World Cup with 1–1 draw,2010-06-13,Sports,https://en.wikinews.org/wiki/United_States_and_England_open_World_Cup_with_1%E2%80%931_draw,FIFA World Cup,EVENT
191131,United States and England open World Cup with 1–1 draw,2010-06-13,Sports,https://en.wikinews.org/wiki/United_States_and_England_open_World_Cup_with_1%E2%80%931_draw,Saturday,DATE
191131,United States and England open World Cup with 1–1 draw,2010-06-13,Sports,https://en.wikinews.org/wiki/United_States_and_England_open_World_Cup_with_1%E2%80%931_draw,Korean Republic,GPE
191131,United States and England open World Cup with 1–1 draw,2010-06-13,Sports,https://en.wikinews.org/wiki/United_States_and_England_open_World_Cup_with_1%E2%80%931_draw,Greece,GPE
191131,United States and England open World Cup with 1–1 draw,2010-06-13,Sports,https://en.wikinews.org/wiki/United_States_and_England_open_World_Cup_with_1%E2%80%931_draw,Argentina,GPE
191131,United States and England open World Cup with 1–1 draw,2010-06-13,Sports,https://en.wikinews.org/wiki/United_States_and_England_open_World_Cup_with_1%E2%80%931_draw,Nigeria,GPE
191131,United States and England open World Cup with 1–1 draw,2010-06-13,Sports,https://en.wikinews.org/wiki/United_States_and_England_open_World_Cup_with_1%E2%80%931_draw,1–0,CARDINAL
191131,United States and England open World Cup with 1–1 draw,2010-06-13,Sports,https://en.wikinews.org/wiki/United_States_and_England_open_World_Cup_with_1%E2%80%931_draw,Sunday,DATE
191131,United States and England open World Cup with 1–1 draw,2010-06-13,Sports,https://en.wikinews.org/wiki/United_States_and_England_open_World_Cup_with_1%E2%80%931_draw,first,ORDINAL
191131,United States and England open World Cup with 1–1 draw,2010-06-13,Sports,https://en.wikinews.org/wiki/United_States_and_England_open_World_Cup_with_1%E2%80%931_draw,Group C,ORG
191131,United States and England open World Cup with 1–1 draw,2010-06-13,Sports,https://en.wikinews.org/wiki/United_States_and_England_open_World_Cup_with_1%E2%80%931_draw,Algeria,GPE
191131,United States and England open World Cup with 1–1 draw,2010-06-13,Sports,https://en.wikinews.org/wiki/United_States_and_England_open_World_Cup_with_1%E2%80%931_draw,Slovenia,GPE
191131,United States and England open World Cup with 1–1 draw,2010-06-13,Sports,https://en.wikinews.org/wiki/United_States_and_England_open_World_Cup_with_1%E2%80%931_draw,four,CARDINAL
191131,United States and England open World Cup with 1–1 draw,2010-06-13,Sports,https://en.wikinews.org/wiki/United_States_and_England_open_World_Cup_with_1%E2%80%931_draw,Group,ORG
191131,United States and England open World Cup with 1–1 draw,2010-06-13,Sports,https://en.wikinews.org/wiki/United_States_and_England_open_World_Cup_with_1%E2%80%931_draw,Serbia,GPE
191131,United States and England open World Cup with 1–1 draw,2010-06-13,Sports,https://en.wikinews.org/wiki/United_States_and_England_open_World_Cup_with_1%E2%80%931_draw,Ghana,GPE
191131,United States and England open World Cup with 1–1 draw,2010-06-13,Sports,https://en.wikinews.org/wiki/United_States_and_England_open_World_Cup_with_1%E2%80%931_draw,Germany,GPE
191131,United States and England open World Cup with 1–1 draw,2010-06-13,Sports,https://en.wikinews.org/wiki/United_States_and_England_open_World_Cup_with_1%E2%80%931_draw,Australia,GPE
8364,Armstrong announces retirement from professional cycling,2005-04-18,Sports,https://en.wikinews.org/wiki/Armstrong_announces_retirement_from_professional_cycling,Monday,DATE
8364,Armstrong announces retirement from professional cycling,2005-04-18,Sports,https://en.wikinews.org/wiki/Armstrong_announces_retirement_from_professional_cycling,Lance Armstrong,PERSON
8364,Armstrong announces retirement from professional cycling,2005-04-18,Sports,https://en.wikinews.org/wiki/Armstrong_announces_retirement_from_professional_cycling,7th,ORDINAL
8364,Armstrong announces retirement from professional cycling,2005-04-18,Sports,https://en.wikinews.org/wiki/Armstrong_announces_retirement_from_professional_cycling,Tour de France,ORG
8364,Armstrong announces retirement from professional cycling,2005-04-18,Sports,https://en.wikinews.org/wiki/Armstrong_announces_retirement_from_professional_cycling,July 2005,DATE
8364,Armstrong announces retirement from professional cycling,2005-04-18,Sports,https://en.wikinews.org/wiki/Armstrong_announces_retirement_from_professional_cycling,33 year-old,DATE
8364,Armstrong announces retirement from professional cycling,2005-04-18,Sports,https://en.wikinews.org/wiki/Armstrong_announces_retirement_from_professional_cycling,American,NORP
8364,Armstrong announces retirement from professional cycling,2005-04-18,Sports,https://en.wikinews.org/wiki/Armstrong_announces_retirement_from_professional_cycling,six,CARDINAL
8364,Armstrong announces retirement from professional cycling,2005-04-18,Sports,https://en.wikinews.org/wiki/Armstrong_announces_retirement_from_professional_cycling,Tour de France,ORG
8364,Armstrong announces retirement from professional cycling,2005-04-18,Sports,https://en.wikinews.org/wiki/Armstrong_announces_retirement_from_professional_cycling,recent months,DATE
8364,Armstrong announces retirement from professional cycling,2005-04-18,Sports,https://en.wikinews.org/wiki/Armstrong_announces_retirement_from_professional_cycling,Texan,NORP
8364,Armstrong announces retirement from professional cycling,2005-04-18,Sports,https://en.wikinews.org/wiki/Armstrong_announces_retirement_from_professional_cycling,the Lance Armstrong Foundation,ORG
8364,Armstrong announces retirement from professional cycling,2005-04-18,Sports,https://en.wikinews.org/wiki/Armstrong_announces_retirement_from_professional_cycling,Sheryl Crow,PERSON
8364,Armstrong announces retirement from professional cycling,2005-04-18,Sports,https://en.wikinews.org/wiki/Armstrong_announces_retirement_from_professional_cycling,1996,DATE
8364,Armstrong announces retirement from professional cycling,2005-04-18,Sports,https://en.wikinews.org/wiki/Armstrong_announces_retirement_from_professional_cycling,1999,DATE
8364,Armstrong announces retirement from professional cycling,2005-04-18,Sports,https://en.wikinews.org/wiki/Armstrong_announces_retirement_from_professional_cycling,French,NORP
8364,Armstrong announces retirement from professional cycling,2005-04-18,Sports,https://en.wikinews.org/wiki/Armstrong_announces_retirement_from_professional_cycling,five,CARDINAL
8364,Armstrong announces retirement from professional cycling,2005-04-18,Sports,https://en.wikinews.org/wiki/Armstrong_announces_retirement_from_professional_cycling,Tours de France,ORG
8364,Armstrong announces retirement from professional cycling,2005-04-18,Sports,https://en.wikinews.org/wiki/Armstrong_announces_retirement_from_professional_cycling,this year,DATE
8364,Armstrong announces retirement from professional cycling,2005-04-18,Sports,https://en.wikinews.org/wiki/Armstrong_announces_retirement_from_professional_cycling,year,DATE
8364,Armstrong announces retirement from professional cycling,2005-04-18,Sports,https://en.wikinews.org/wiki/Armstrong_announces_retirement_from_professional_cycling,the United States,GPE
8364,Armstrong announces retirement from professional cycling,2005-04-18,Sports,https://en.wikinews.org/wiki/Armstrong_announces_retirement_from_professional_cycling,tomorrow,DATE
8364,Armstrong announces retirement from professional cycling,2005-04-18,Sports,https://en.wikinews.org/wiki/Armstrong_announces_retirement_from_professional_cycling,first,ORDINAL
8364,Armstrong announces retirement from professional cycling,2005-04-18,Sports,https://en.wikinews.org/wiki/Armstrong_announces_retirement_from_professional_cycling,the Tour de Georgia,FAC
8364,Armstrong announces retirement from professional cycling,2005-04-18,Sports,https://en.wikinews.org/wiki/Armstrong_announces_retirement_from_professional_cycling,the Tour de France,ORG
8364,Armstrong announces retirement from professional cycling,2005-04-18,Sports,https://en.wikinews.org/wiki/Armstrong_announces_retirement_from_professional_cycling,the summer,DATE
8364,Armstrong announces retirement from professional cycling,2005-04-18,Sports,https://en.wikinews.org/wiki/Armstrong_announces_retirement_from_professional_cycling,the Discovery Channel,ORG
8364,Armstrong announces retirement from professional cycling,2005-04-18,Sports,https://en.wikinews.org/wiki/Armstrong_announces_retirement_from_professional_cycling,one,CARDINAL
8364,Armstrong announces retirement from professional cycling,2005-04-18,Sports,https://en.wikinews.org/wiki/Armstrong_announces_retirement_from_professional_cycling,Tour de France,ORG
