pageid,title,date,primary_category,url,text,summary,original_word_count,summary_word_count,compression_ratio,style_issues,style_issue_flag
5796,"Brazilian President party received money from FARC, say documents",2005-03-15,Politics and conflicts,"https://en.wikinews.org/wiki/Brazilian_President_party_received_money_from_FARC,_say_documents","Brazil —
Documents of the Brazilian Agency of intelligence (Abin) say that the Workers' Party received 5 million dollars to be used by political campaign of  candidates in 2002 from the Colombian communist armed group Revolutionary Armed Forces of Colombia (FARC-EP). The information was reported by the Brazilian magazine Veja that circulates this week in a headline story called ""FARC's tentacles in Brazil"". According to the magazine, reporters had access to documents of Abin that described the liaisons  between the Workers' Party (PT) and the Colombian guerrilla movement FARC. The Workers' Party (PT) is the party of the Brazilian President Luiz Inácio Lula da Silva.  PT is one of the biggest left-wing parties in Latin America and at this moment the strongest and more organized party from Brazil. It is one of the political Brazilian parties that has the biggest and most active militancy. Abin's main document, number 0095/3100 of April 25, 2002, says that a meeting occurred on April 13, 2002, in a farm near Brasilia. The meeting lasted about 6 hours, there were approximately 30 persons, among them the father Olivério Medina, one of the representatives of the FARC in Brazil, and members of PT.  A disguised Abin's agent participated of this meeting and  annoted everything. According to the agent, during the meeting, father Medina announced that he would donate 5 million dollars for politicians' electoral campaign of his choice. Abin agency has six documents that describe the liaisons between PT and the FARC.  Among the six documents, 3 of them say explicitly that 5 million dollars donation for PT's candidates occurred. The money probably came from Trinidad and Tobago and went to 300 Brazilian businessmen who distributed the quantity among the party's committees. Another document says that the Brazilian Congress employee and former-militant of the Brazilian Communist Party (PCdoB), Maria das Graças organized the meetings with FARC members. She is considered a personal friend of the FARC commander knows as Mauricio. Maria said: ""I know him [the commander Mauricio] off course, and so what? I did not organize any meeting."" The militant Antonio Viana who was in the meeting said: ""We have talked about everything, except  money."" The Colombian Radio Caracol says that, according to a research done by the Colombian government,  the FARC invests next to 476 million pesos per years in activities in foreign countries. The official FARC representatives for this work are: [1] Luis Alberto Albán, Ovidio Salinas, Ricardo Morantes, Jairo Alfonso Lesmes, father Oliverio Medina, Jesús Carvajalino and Liliana López. Father Olivério Medina is the name of who would be responsible for the intermediation between members of political parties in Brazil and the FARC. Sometime ago, the Brazilian Deputy Alberto Fraga (PTB) knew about the Abin's investigation and denounced the scheme during a speech on the Brazilian Congress. In addition, he tried to open a commission to investigate the matter. Nevertheless he did not obtain support to open the commission. The PT deputy Luis Eduardo Grenhalg told him that he might be processed by government if he  continued on commenting about the subject, says Fraga.  Grenhalg says that he only suggested for Fraga not spreading informations that were not real. The PSDB candidate José Serra tryed to talk about the FARC-PT liaison during the 2002 presidential campaign. However he was punished by the Electoral Court at that time. The Workers' Party (PT) released an official statement signed by the National President José Genoino repudiating the magazine's article and denying all presented facts. Part of the note tells: The note says that the article is irresponsible, that it comments on facts without any sustentable evidence. It still says that the magazine denies itself when later in the text it affirms that it  did not find any solid indication to proof that 5 million dollars were really sent to PT by the FARC. The note affirms that this kind of insinuation is not new and the party was already a  victim of it before.  It says that during the 2002 presidential campaign the candidate José Serra (PSDB) was punished because his denunce was empty. The documents commented by the magazine date of April 25, 2002, epoch in which the Brazilian president was Fernando Henrique Cardoso.  At that time there were many spies searching and collecting, like snakes, for situations that could prevent the free desire of the Brazilian people to vote for the changes. Some members of the National Congress are trying to begin a official investigation. This is the second time, this year, that a South American government is criticized for alleged supporting relations with the FARC. Last month, Colombia and Venezuela almost entered in a war because of the arrestment of the alleged FARC's chancellor Rodrigo Granda. Colombia accused the government of Venezuela of giving protection and support to FARC's guerrillas. Venezuela accused Colombia of hurting his sovereignty.  The two countries only entered an agreement after the intervention of the president of Cuba Fidel Castro. Also this is the second time, in less than a month, that a political party from  South America  is accused of implication with the FARC. On February, Paraguayan authorities discovered Cecilia Cubas Gusinky's body, 31 years, daughter kidnapped of the former-president of Paraguay Raul Cubas in a hole, in Ñemby, 29 km from the capital Asuncion. Members of the party Pátria Livre were living in that place and they were considered to be the main suspects. Osmar Martínez, that belongs to the party, was arrested. According to the police, some time ago he had   communicated by email with the FARC chancellor Rodrigo Granda. In a interview Martinez said that he supports a ""brotherhood relation"" with the FARC. A note from the Workers' Party (PT), of February 16, 2002 called  
""The truth about Colombia and the FARC - and PT"" tries to clarify the relationship between the party and the FARC.  A portion of this note says that: The note also criticizes the decision taken during the previous government, of Fernando Henrique Cardoso, which did not recognized the Colombian guerrillas of the FARC diplomatically.  According to the note that would not be a good idea, since the FARC could win the war against Colombia. The note criticizes the support of the government of the United Sates to Colombia and affirms that with it the conflict tends to remain more violent and  last more. In relation to the drugs, the note affirms that the PT is emphatic in the combat against the drug traffic. Nevertheless it says that there are credit ""contradictory informations"" relating to the implication of the FARC with the drug traffic. The PT refuses to classify the FARC as a terrorist organization. The party justifies the decision saying that it can act as mediator in the conflict, this way. The FARC is member of Foro de São Paulo since 1990.  According to the first forum final resolution, on July 4, 1990, the forum goal is ""to improve proposals of united and consensual acctions[sic]"". Raul Reyes, FARC commander described part of the FARC relationship during an interview for the Brazilian newspaper Folha de São Paulo on August 24, 2003 [2]. In the interview he said that he knew the Brazilian president Luiz Inácio Lula for the first time in San Salvador during the Foro de São Paulo. The FARC commander affirms that the main contacts in Brazil are the ones in the Worker's Party (PT) and in the Landless Workers' Movement (MST).  He says that FARC has contacts among intellectuals,  Catholic priests, historians and journalists.  Among them there are Carlos Alberto Libânio Christo or Frei Betto (former Lula advisor) and Emir Sader (writer).  Also he says that the affirmation that the FARC produce cocaine is untrue. The Brazilian drug dealer Luiz Fernando da Costa, also known as Fernandinho Beira-Mar, was arrested by Colombian army on April, 2001 in the city of Maramduba, in Colombia. With him there was also arrested the FARC leader, Acacio Medina, or Negro Acácio — O Estado de São Paulo, on April 21, 2001. In Brasilia, Beira-Mar was interrogated by DEA agents. Beira-Mar talked about his liaisons with the Colombian guerrillas. The recording of this  conversation was a key factor so the US government could request later the extradition of three other FARC guerrillas.  Some details of this meeting were published by the Colombian magazine Cambio 
[3],
[4]. According to Beira-Mar, he was buying 600 kilos of coca, per week, for two million pesos from  peasants. He was paying to the FARC a million pesos for every processed kilo. He also said that he was giving weapons to the Colombian guerrillas. FARC and ELN delegates act in schools, labour unions and Brazilian universities spreading ideas about the revolutionary movement. [5] Some of these meetings are organized by left-wing groups. One of the most
active of these groups is the ""Permanent Committee of Solidarity with the People in Fight"". The committee organized more than 40 lectures in São Paulo
according to the President of the USP Workers Labour Union 
[6]. On August, 2001, representatives of the FARC, took part of a meeting with the members of the Socialistic Youth of PDT [7]. On March 20, 2002 in Ribeirão Preto, a pro-FARC committee was created by the secretary of sports at that time  Leopoldo Paulino (PSB), during the government of Mayor Antônio Palocci Filho (PT). Palocci is the current Minister of the Finance [8], [9] During a interview to the Brazilian television channel EPTV, yesterday, Leopoldo Paulino said that the comitte did not aim collect founds to the Colombian guerrilla. He said that the committee is of solidarity with Latin American people, engaged and militant. He said that he doesn't think that the FARC need any other extra financial support.  Paulino said he has empathy by the guerrilla because they fight against the United States. He also said that he did not take part of the meeting described by the Brazilian magazine and that he don't know father Olivera Medina. [10] On 2001, FARC commanders were received  by the governor (at that time) of Rio Grande do Sul, Olivio Dutra (PT) [11],
[12],
[13].  FARC leaders were honored and acclaimed during the World Social Forum in Porto Alegre. Olívido Dutra is the current Minister of Cities. At that  occasion, deputies of Rio Grande do Sul Congress  protested against Olivio. [14] The Brazilian press already have published stories about the relationship between the FARC and the Workers' Party (PT).  But, none of these previous stories was so emphatic as the recent one  published by the magazine Veja, this week. However the magazine Veja is cautious saying that although all the people and the dates cited by the Abin agents were correct ""the magazine did not find solid evidences to proof that PT received money from the FARC"". In the story, the magazine did not detail the participation of the FARC on the Foro de São Paulo, neither its activities in Brazil. FARC and PT have been in contact at least for about 12 years at least, since the FARC joined to the Foro de São Paulo in 1990. Foro de São Paulo was founded after the falling of Berlin wall by Brazilian Luiz Inácio Lula da Silva and the Cuban President Fidel Castro. America Libre is the name of a magazine published by some participants of the Foro de São Paulo. The America Libre magazine publishing  conseaul is formed by  PT members and other  Brazilian  personalities:  Luis Eduardo Greenhalgh (PT), Fernando Morais, Emir Sader, Roberto Drummond, Gilberto Carvalho, Leonardo Boff, Rubens Paolucci Jr, João Pedro Stédile (MST leader), Chico Buarque de Hollanda (singer), etc. Also  part of the publishing council is the FARC commander  Manuel Marulanda Vélez (Tirofijo). [15]. The former-president of the publishing council  was Carlos Alberto Libânio Christo, know as Frei  Betto, former Lula's personal advisor and journalist. Activities of the Foro de São Paulo usually are not not mentioned by Brazilian media. Even the story of magazine Veja this week didn't say the name Foro de São Paulo. Instead the magazine preferred to use ""a debate with political parties and social organizations of Latin America and of Caribe to discuss the effects of the fall of the wall of Berlin."" Rarely the name Foro de São Paulo is mentioned by Brazilian news agencies. Some journalists already denied the existence of the Foro de  São Paulo. Luiz Felipe de Alencastro already wrote articles for the magazine Veja. He is  Brazilian History professor in the University of Paris.  In October 30, 2002, during a talk for the Council on Foreign Relations (CFR) in Washington, a participant asked Alencastro about the Foro de São Paulo. Alencastro answered: ""It's interesting. You'll see, because I live, I mean, I live now in France. I had been living in Brazil for 12 years. We never heard about this Foro de São Paulo in Brazil.""
[16] Documents about the Foro de São Paulo can be find in left-wing party websites.
[17], 
[18], 
[19]. PT talks about the Foro de São Paulo in its documents 
[20]. 
At the website of the Perseu Abramo Foundation, organization founded by PT, there is the speech of the President Luiz Inácio Lula da Silva during the meeting of the Foro de São Paulo in Havana, Cuba. 
[21]. An article published in the Communist Party of Brazil (PCdoB) official webpage by the journalist and Vice-president of PCdoB José Reinaldo Carvalho called ""São Paulo Forum - the convergence point of the Latin-American and Caribbean left"" talks about the Foro.  PCdoB is an ally and the party participates on the government [22]. In 2004, a group of journalist sent a proposal to the Brazilian president Lula asking for the creation of an inspector organism to control the conduct of the Brazilian press. This organ would have power, according to the proposal, to censure journalistic works considered inappropriate. Journalists could lost their professional licenses. [23], [24], [25], [26].  
The proposal was considered too authoritarian by other journalists who protested  against it  emphatically. The law had no support for its creation, in spite of the pressure exercised by the government, and by some journalistic sectors supporting the proposal 
[27].
One of the critics against the proposal was that the journalists who supported the idea (and that would be the ones who would fiscalize the media) were members of PT or PCdoB.","Brazil —
Documents of the Brazilian Agency of intelligence (Abin) say that the Workers' Party received 5 million dollars to be used by political campaign of  candidates in 2002 from the Colombian communist armed group Revolutionary Armed Forces of Colombia (FARC-EP). The information was reported by the Brazilian magazine Veja that circulates this week in a headline story called ""FARC's tentacles in Brazil"". According to the magazine, reporters had access to documents of Abin that described the liaisons  between the Workers' Party (PT) and the Colombian guerrilla movement FARC. The Workers' Party (PT) is the party of the Brazilian President Luiz Inácio Lula da Silva. PT is one of the biggest left-wing parties in Latin America and at this moment the strongest and more organized party from Brazil. Abin's main document, number 0095/3100 of April 25, 2002, says that a meeting occurred on April 13, 2002, in a farm near Brasilia. The meeting lasted about 6 hours, there were approximately 30 persons, among them the father Olivério Medina, one of the representatives of the FARC in Brazil, and members of PT. Abin agency has six documents that describe the liaisons between PT and the FARC. Another document says that the Brazilian Congress employee and former-militant of the Brazilian Communist Party (PCdoB), Maria das Graças organized the meetings with FARC members. The Colombian Radio Caracol says that, according to a research done by the Colombian government,  the FARC invests next to 476 million pesos per years in activities in foreign countries. Father Olivério Medina is the name of who would be responsible for the intermediation between members of political parties in Brazil and the FARC. It still says that the magazine denies itself when later in the text it affirms that it  did not find any solid indication to proof that 5 million dollars were really sent to PT by the FARC. The documents commented by the magazine date of April 25, 2002, epoch in which the Brazilian president was Fernando Henrique Cardoso. Colombia accused the government of Venezuela of giving protection and support to FARC's guerrillas. Also this is the second time, in less than a month, that a political party from  South America  is accused of implication with the FARC. A note from the Workers' Party (PT), of February 16, 2002 called  
""The truth about Colombia and the FARC - and PT"" tries to clarify the relationship between the party and the FARC. A portion of this note says that: The note also criticizes the decision taken during the previous government, of Fernando Henrique Cardoso, which did not recognized the Colombian guerrillas of the FARC diplomatically. According to the note that would not be a good idea, since the FARC could win the war against Colombia. The FARC is member of Foro de São Paulo since 1990. Raul Reyes, FARC commander described part of the FARC relationship during an interview for the Brazilian newspaper Folha de São Paulo on August 24, 2003 [2]. In the interview he said that he knew the Brazilian president Luiz Inácio Lula for the first time in San Salvador during the Foro de São Paulo. The FARC commander affirms that the main contacts in Brazil are the ones in the Worker's Party (PT) and in the Landless Workers' Movement (MST). The Brazilian drug dealer Luiz Fernando da Costa, also known as Fernandinho Beira-Mar, was arrested by Colombian army on April, 2001 in the city of Maramduba, in Colombia. O Estado de São Paulo, on April 21, 2001. The committee organized more than 40 lectures in São Paulo
according to the President of the USP Workers Labour Union He also said that he did not take part of the meeting described by the Brazilian magazine and that he don't know father Olivera Medina. [14] The Brazilian press already have published stories about the relationship between the FARC and the Workers' Party (PT). However the magazine Veja is cautious saying that although all the people and the dates cited by the Abin agents were correct ""the magazine did not find solid evidences to proof that PT received money from the FARC"". In the story, the magazine did not detail the participation of the FARC on the Foro de São Paulo, neither its activities in Brazil. FARC and PT have been in contact at least for about 12 years at least, since the FARC joined to the Foro de São Paulo in 1990. Foro de São Paulo was founded after the falling of Berlin wall by Brazilian Luiz Inácio Lula da Silva and the Cuban President Fidel Castro. America Libre is the name of a magazine published by some participants of the Foro de São Paulo. Activities of the Foro de São Paulo usually are not not mentioned by Brazilian media. Even the story of magazine Veja this week didn't say the name Foro de São Paulo. Rarely the name Foro de São Paulo is mentioned by Brazilian news agencies. Some journalists already denied the existence of the Foro de  São Paulo. We never heard about this Foro de São Paulo in Brazil. ""
[16] Documents about the Foro de São Paulo can be find in left-wing party websites. PT talks about the Foro de São Paulo in its documents 
[20]. At the website of the Perseu Abramo Foundation, organization founded by PT, there is the speech of the President Luiz Inácio Lula da Silva during the meeting of the Foro de São Paulo in Havana, Cuba. An article published in the Communist Party of Brazil (PCdoB) official webpage by the journalist and Vice-president of PCdoB José Reinaldo Carvalho called ""São Paulo Forum - the convergence point of the Latin-American and Caribbean left"" talks about the Foro.",2380,950,0.39915966386554624,,False
17357,Burundian Hutu extremists have killed 300 civilians in the last two months,2005-08-01,Politics and conflicts,https://en.wikinews.org/wiki/Burundian_Hutu_extremists_have_killed_300_civilians_in_the_last_two_months,"The Burundian Hutu-extremist group Palipehutu-FNL (commonly known as FNL), has killed 300 civilians in the last two months, according to local sources. Burundi's Radio Publique Africain has reported the discovery of three mass graves in the provinces of Bubanza, and Bujumbura-Rurale - an FNL stronghold. ""Some of them are killed because the FNL accuses them of collaborating with national defence forces, and others are assassinated simply because they have deserted the movement"", army spokesman Adolphe Manirakiza is quoted by Reuters as saying. The FNL, a hardlined splinter group of the ""Partie pour la libération du peuple Hutu"", has been fighting the Burundian government since the mid-1990s. Civilians have borne the brunt of the violence, according to human rights groups. The organisation has consistently been linked with remnants of the Rwandan Hutu militia who carried out the 1994 genocide, and is believed to share a similar ideology. In August last year, the FNL admitted responsibility for the massacre of 152 Congolese Tutsis at the Gatumba refugee camp in western Burundi. Rwandan and Congolese groups are also believed to have taken part in the attack. The FNL later claimed that the refugee camp was a military base. UN investigators found no evidence for the allegation, and human rights groups pointed out that most of the dead were women and children. Although the FNL is known for its hostility to the Tutsi ethnic group, many of its victims have been Hutus accused of disloyalty. Burundi's ruling FRODEBU party was recently accused by their electoral rivals of employing FNL fighters to disrupt the country's first polls since 1993. FRODEBU denied the charges, but admitted ""political collaboration"" with the group. Speaking to Reuters, FNL spokesman Pasteur Habimana admitted that his group had killed civilians in recent months, but said that those killed had been ""people who are sent by the army with a mission of eliminating our fighters by giving them poison"". Habimana also accused the Burundian army of attacking civilians.","The Burundian Hutu-extremist group Palipehutu-FNL (commonly known as FNL), has killed 300 civilians in the last two months, according to local sources. In August last year, the FNL admitted responsibility for the massacre of 152 Congolese Tutsis at the Gatumba refugee camp in western Burundi. Speaking to Reuters, FNL spokesman Pasteur Habimana admitted that his group had killed civilians in recent months, but said that those killed had been ""people who are sent by the army with a mission of eliminating our fighters by giving them poison"". Habimana also accused the Burundian army of attacking civilians.",326,96,0.294478527607362,,False
40939,Spanish Socialist Workers' Party proposes human rights bill for great apes,2006-05-16,Politics and conflicts,https://en.wikinews.org/wiki/Spanish_Socialist_Workers%27_Party_proposes_human_rights_bill_for_great_apes,"Spain’s Partido Socialista Obrero Español (PSOE), the Spanish Socialist Workers' Party, and the Confederación de Los Verdes, the Green Party, proposed a bill to grant some human rights to all great apes (Hominidae), which include humans, bonobos, chimpanzees, gorillas and orang-utans. Humanity shares about 97% of its genome with the great apes. The proposal was submitted by Francisco Garrido, a delegate of the Confederación de Los Verdes, and is inspired by the Declaration on Great Apes published by the Great Ape Project. Founded in 1993, the Great Ape Project (GAP), calls for an extension of moral egalitarianism to encompass all great apes. The Declaration on Great Apes demands the right to live, the protection of individual liberty and the prohibition of torture for all great apes. The proposal does not assign the lesser apes gibbons (Hylobates), siamangs (Symphalangus) or the new world anthropoids (Platyrrhines) similar rights. The latter include the species of the capuchin monkeys (Cebinae), a tool using species that possibly demonstrates a degree of self-awareness in the mirror test experiment. The proposal is scheduled to be discussed in parliament at the end of May. After New Zealand, Spain would be the second country to grant special rights to apes. The archbishop of Pamplona and Tudela, Fernando Sebastián, opposed the proposal as ridiculous, given the fact that monkeys would be granted more rights than unborn human embryos. The president of the Spanish section of Amnesty International, Delia Register, expressed surprise at the idea to grant human rights to great apes when, at the present time, they aren't granted to all human beings. Jos Verhulst. ""Spain May Grant Human Rights to Apes"" — The Brussels Journal, April 27, 2006 Martin Dahms. ""Wie menschlich sind Affen?"" — Maerkische Allgemeine, May 10, 2006 Ángel Pestaña. ""Algo más que monos, mucho menos que humanos"" — El País, May 13, 2006 ?. ""El PSOE solicitará al Congreso de los Diputados que se reconozcan los 'derechos humanos' de los simios"" — El Mundo, April 24, 2006 ?. ""El Grupo Socialista solicitará derechos fundamentales para los grandes simios argumentando su parecido con los humanos"" — 20 minutos, April 24, 2006","Spain’s Partido Socialista Obrero Español (PSOE), the Spanish Socialist Workers' Party, and the Confederación de Los Verdes, the Green Party, proposed a bill to grant some human rights to all great apes (Hominidae), which include humans, bonobos, chimpanzees, gorillas and orang-utans. The proposal was submitted by Francisco Garrido, a delegate of the Confederación de Los Verdes, and is inspired by the Declaration on Great Apes published by the Great Ape Project. The president of the Spanish section of Amnesty International, Delia Register, expressed surprise at the idea to grant human rights to great apes when, at the present time, they aren't granted to all human beings. ""Spain May Grant Human Rights to Apes"" — The Brussels Journal, April 27, 2006 Martin Dahms. ""El PSOE solicitará al Congreso de los Diputados que se reconozcan los 'derechos humanos' de los simios"" — El Mundo, April 24, 2006 ?.",354,146,0.4124293785310734,,False
2880582,Kurds announce deal with Assad's government as Turkey invades Syria's northeast,2019-10-15,Politics and conflicts,https://en.wikinews.org/wiki/Kurds_announce_deal_with_Assad%27s_government_as_Turkey_invades_Syria%27s_northeast,"Late on Sunday, the Kurdish-led Syrian Democratic Forces (SDF) announced it had entered into an agreement with the government of Syria after Turkey began a military offensive into north-eastern Syria on Wednesday. According to Syrian state media, government forces began deploying into previously SDF controlled territory yesterday. Also on Sunday, the United States announced a complete withdrawal from the region, beyond the withdrawal from the ""immediate area"" first announced seven days earlier on October 6. In a statement, the SDF said, ""An agreement has been reached with the Syrian government — whose duty it is to protect the country's borders and preserve Syrian sovereignty — for the Syrian Army to enter and deploy along the Syrian-Turkish border to help the [SDF] stop [the Turkish] aggression"". The Syrian Army — whose commander-in-chief is President Bashar al-Assad — entered Tell Tamer and Ain Issa yesterday according to state media. The SDF said hundreds of ISIS (Islamic State of Iraq and Syria) fighters escaped following Turkish airstrikes from a camp at Ain Issa. On October 6, US President Donald Trump and Turkish President Recep Tayyip Erdoğan spoke on the phone. Then both nations issued statements speaking of an imminent incursion into northeast Syria, and the US statement spoke of Turkey assuming the duty of guarding captured ISIS militants. On Wednesday, Turkey began a military offensive with airstrikes followed by a ground invasion. Erdoğan said the invasion was ""to prevent the creation of a terror corridor across our southern border, and to bring peace to the area."" He named it ""Operation Peace Spring"" and named both the Kurdistan Workers' Party (PKK) and People's Protection Units (YPG) as terrorists. PKK is a banned militant organization in Turkey; YPG is the main fighting force of the SDF, largely Kurdish and, according to Turkey, supportive of the PKK. The operation was condemned by members of the European Union. Erdoğan cited Article 5 of the NATO treaty and said, ""They need to stand by us"", while addressing the press yesterday. NATO Secretary-General Jens Stoltenberg wrote, ""I count on Turkey to act with restraint & ensure that the gains we have made in the fight against ISIS are not jeopardised.""","Late on Sunday, the Kurdish-led Syrian Democratic Forces (SDF) announced it had entered into an agreement with the government of Syria after Turkey began a military offensive into north-eastern Syria on Wednesday. According to Syrian state media, government forces began deploying into previously SDF controlled territory yesterday. In a statement, the SDF said, ""An agreement has been reached with the Syrian government — whose duty it is to protect the country's borders and preserve Syrian sovereignty — for the Syrian Army to enter and deploy along the Syrian-Turkish border to help the [SDF] stop [the Turkish] aggression"". The SDF said hundreds of ISIS (Islamic State of Iraq and Syria) fighters escaped following Turkish airstrikes from a camp at Ain Issa.",361,120,0.33240997229916897,Contains very long sentence,True
51675,IRA disbands military structure,2006-10-05,Politics and conflicts,https://en.wikinews.org/wiki/IRA_disbands_military_structure,"The Independent Monitoring Commission has reported that the Provisional Irish Republican Army has undergone major changes within their military structure and shows that the IRA Army Council wants to put its military campaign behind it. The Commission consists of John Alderdice, a former Alliance Party leader; Joe Brosnan, former Secretary General of the Department of Justice, Republic of Ireland; John Grieve, former Deputy Assistant Commissioner of the Metropolitan Police and former head of the Metropolitan Police Anti-Terror Branch; and Dick Kerr, former Deputy Director of Central Intelligence Agency. The report states the IRA no longer has the capacity to mount a military campaign anymore or return to one. The units that have been shut down were responsible for weapons-making, arms smuggling and training. The IRA decommissioned their arms last year. The report also mentions that the IRA has also put its criminality beyond use and is ""clamping down"" on criminals within the organization, said Lord Alderdice, as he presented the report. He also added, ""That doesn't mean that criminal activity by all members has stopped but the leadership has made public statements and internal directions, investigated incidents of breach of the policy, even expelled some members and has emphasised the importance of ensuring that business affairs are conducted in a legitimate way."" Finally, the report added that there is not enough evidence or intelligence to identify who killed Denis Donaldson, a British spy who infiltrated the IRA and Sinn Fein, before revealing his status as a spy. However, the report added that splinter groups like the Real IRA (RIRA) and Continuity IRA (CIRA) are still threats and are still continuing their activity. The Real IRA was the group behind the deadly 1998 Omagh bombing. The Irish National Liberation Army (INLA) ""was not capable of undertaking a sustained campaign [against the British State], nor does it aspire to"" according to the report. It is also noted the creation of two new organizations, Oglaigh na hEireann (Irish Gaelic for ""Volunteers of Ireland"" and is used by the Irish Defence Forces and the various IRAs.) and the Republican Defence Army. However, the groups are small dissident factions according to the report. The report also added that the two loyalist paramilitaries, the Ulster Defence Association (UDA) and the Ulster Volunteer Force (UVF) are also beginning to move from violence but at slower pace and not at a grassroots level like the IRA. Another loyalist paramilitary, the Loyalist Volunteer Force The report was received warmly by Irish Toaiseach Bertie Ahern and British Prime Minister Tony Blair. Ahern, said ""These positive and clear-cut findings are of the utmost importance and significance. It is time to make decisions and for Northern Ireland to look to the future."" ""The IRA has done what we asked it to do, and while issues like policing remain to be solved, the door is now open to a final settlement, which is why the talks next week in Scotland are going to be so important."" said Tony Blair in a live statement. In a surprising reaction, the notoriously hardline leader of the Democratic Unionist Party, Ian Paisley, also welcomed the report. He believes that his party's pressure is working and if Sinn Fein signs up to policing there could be a deal. Paisley said, ""If the police question is settled absolutely on a democratic basis and principle we would have come a long way along the road."" Sinn Fein leader Gerry Adams said ""The DUP don't have anything other than very limited options. They will or will not participate in power-sharing arrangements. If they don't participate they are condemning people here, but particularly their own constituents, to second class public services, run by second class fly-in, fly-out British ministers. All the DUP can do is to delay, is to attempt to slow down, but they can't stop the process of changing.""","The Independent Monitoring Commission has reported that the Provisional Irish Republican Army has undergone major changes within their military structure and shows that the IRA Army Council wants to put its military campaign behind it. The report also mentions that the IRA has also put its criminality beyond use and is ""clamping down"" on criminals within the organization, said Lord Alderdice, as he presented the report. Finally, the report added that there is not enough evidence or intelligence to identify who killed Denis Donaldson, a British spy who infiltrated the IRA and Sinn Fein, before revealing his status as a spy. However, the report added that splinter groups like the Real IRA (RIRA) and Continuity IRA (CIRA) are still threats and are still continuing their activity. The Irish National Liberation Army (INLA) ""was not capable of undertaking a sustained campaign [against the British State], nor does it aspire to"" according to the report. The report also added that the two loyalist paramilitaries, the Ulster Defence Association (UDA) and the Ulster Volunteer Force (UVF) are also beginning to move from violence but at slower pace and not at a grassroots level like the IRA. The report was received warmly by Irish Toaiseach Bertie Ahern and British Prime Minister Tony Blair. Sinn Fein leader Gerry Adams said ""The DUP don't have anything other than very limited options.",639,225,0.352112676056338,,False
99214,Australian parliament to apologise to Stolen Generations,2008-02-12,Politics and conflicts,https://en.wikinews.org/wiki/Australian_parliament_to_apologise_to_Stolen_Generations,"The Australian parliament will apologise tomorrow for past mistreatment of Australia's indigenous population. The wording of the apology will be revealed after 5pm AEDT (UTC+11) today, and will be read in parliament tomorrow at 9am AEDT. Opposition leader Brendan Nelson has given in-principle support to an apology, but has criticised the government for the delay in releasing the wording. He has written his speech without seeing the apology. ""If Mr Rudd wants to unify Australia, to bring our nation together, the most important person he should be negotiating with is me,"" Mr Nelson said yesterday. ""We're two days away from this, for goodness sake. He should be sitting down with me and saying 'these are the words which we propose, what do you think?"" Prime Minister Kevin Rudd said that the words must be tabled to parliament first. The Government's manager of business, Anthony Albanese, said that it was more important for members of the Stolen Generations to approve of the apology. ""Quite frankly, what's important is the people most affected are comfortable with that wording,"" he said. In an opinion piece in today's The Sydney Morning Herald, Tony Abbott defended John Howard's legacy. ""Its refusal to say 'sorry' meant that Howard never received the credit he deserved for groundbreaking policies such as the intervention in Northern Territory Aboriginal townships,"" Mr Abbott wrote. ""The Liberal Party's decision to support an apology to stolen children is not a repudiation of John Howard. It should help us to defend a key part of his legacy, the Northern Territory intervention, and to pursue good policy without accusations of bad faith.""","""If Mr Rudd wants to unify Australia, to bring our nation together, the most important person he should be negotiating with is me,"" Mr Nelson said yesterday. Prime Minister Kevin Rudd said that the words must be tabled to parliament first. The Government's manager of business, Anthony Albanese, said that it was more important for members of the Stolen Generations to approve of the apology. ""The Liberal Party's decision to support an apology to stolen children is not a repudiation of John Howard.",267,83,0.31086142322097376,,False
172507,Car bomb explodes near MI5 army base in Northern Ireland,2010-04-12,Politics and conflicts,https://en.wikinews.org/wiki/Car_bomb_explodes_near_MI5_army_base_in_Northern_Ireland,"A car bomb has exploded outside an army base in Northern Ireland that is the headquarters for MI5 domestic security services. The attack has been claimed by dissidents from the Real Irish Republican Army, a more radical splinter group of the IRA. According to police, Real IRA members hijacked a vehicle from a taxi driver in Belfast; Al Jazeera reports it was commandeered at gunpoint. A bomb was planted in the car, which was then driven to the rear of the Palace Barracks. The explosion comes several hours before the Northern Ireland Assembly was scheduled to appoint its first justice minister, and only minutes after the Belfast power-sharing administration regained control over justice and policing in the province for the first time in nearly four decades. An Ulster Unionist member of the Belfast Policing Board, Basil McCrea, commented on the explosion, saying: ""It's obviously people trying to make a statement about the transfer of policing and justice powers. We are going to have to expect more of this over the next period of time [...] There will be people who will try to disrupt the process,"" as quoted by the BBC. He commented that he believed the incident was a ""one-off"" occurrence, and said he tried to reassure concerned locals in the area. Police said IRA dissidents held a Belfast taxi driver at gunpoint in his home and used his vehicle to carry the bomb to the rear of Palace Barracks. Witnesses report hearing an explosion shortly after midnight local time; Al Jazeera puts the precise time of the detonation at 00.24 local time (23.24 UTC). One man was hospitalised following the bombing, although there are no reports of deaths. According to a local journalist, security has cordoned off the area near the explosion.","According to police, Real IRA members hijacked a vehicle from a taxi driver in Belfast; Al Jazeera reports it was commandeered at gunpoint. The explosion comes several hours before the Northern Ireland Assembly was scheduled to appoint its first justice minister, and only minutes after the Belfast power-sharing administration regained control over justice and policing in the province for the first time in nearly four decades. Police said IRA dissidents held a Belfast taxi driver at gunpoint in his home and used his vehicle to carry the bomb to the rear of Palace Barracks. According to a local journalist, security has cordoned off the area near the explosion.",294,108,0.3673469387755102,,False
72105,North Korea launches missile in 'military drill',2007-06-19,Politics and conflicts,https://en.wikinews.org/wiki/North_Korea_launches_missile_in_%27military_drill%27,"According to the Japanese Defense Ministry, North Korea has fired a short-range missile today into the Sea of Japan. Officials believed it to be part of a regular exercise. ""North Korea fired a short-range missile in what appeared to be part of a military drill,"" a Japanese Defense Ministry official was quoted as saying by Yonhap News Agency. A South Korean defense spokesman said such tests are routine. ""We don't deny that North Korea fired a missile,"" South Korean Army Colonel Ha Doo-chul, told Yonhap. ""If it did, we regard it as a routine exercise."" The test comes at the time when North Korea is inviting inspectors in to discuss its nuclear programs.","According to the Japanese Defense Ministry, North Korea has fired a short-range missile today into the Sea of Japan. ""North Korea fired a short-range missile in what appeared to be part of a military drill,"" a Japanese Defense Ministry official was quoted as saying by Yonhap News Agency.",113,48,0.4247787610619469,,False
149618,Bomb explosion in Somaliland kills four cops,2010-01-25,Politics and conflicts,https://en.wikinews.org/wiki/Bomb_explosion_in_Somaliland_kills_four_cops,"At least four policemen were killed today by a bomb which exploded in Somaliland, Somalia's breakaway republic. The bomb was hidden near a mosque, according to police sources and witnesses. The townspeople claim the bomb was detonated in front of the local mosque near a police station in the town. Four policemen in the police station were killed by the blast. No group has yet claimed responsibility for Monday's blast, which came two weeks after gunmen threw grenades at Las Anod police station, near the Puntland border, on January 12, and thereby injured two policemen. Late on Sunday, gunmen had ambushed and murdered a senior police officer while he was returning home. Also, a woman was had been killed in an explosion near Las Anod's hospital. Somaliland's security forces had prevented an attack on a Hargeisa mosque earlier this month. The imam of the mosque had condemned suicide bombings carried out by al Shabaab activists, which angered the insurgents. A political conflict between the president of Somaliland and the opposition over a delay in the general elections can lead to further explosions in the area.","The bomb was hidden near a mosque, according to police sources and witnesses. The townspeople claim the bomb was detonated in front of the local mosque near a police station in the town. Four policemen in the police station were killed by the blast.",185,44,0.23783783783783785,,False
48669,Iran voices defiance towards nuclear deadline,2006-08-29,Politics and conflicts,https://en.wikinews.org/wiki/Iran_voices_defiance_towards_nuclear_deadline,"President Mahmoud Ahmadinejad of Iran expressed his unwillingness to conform to UN  Security Council demands on Tuesday. Ahmadinejad said, ""Peaceful nuclear energy is the right of the Iranian nation. The Iranian nation has chosen that based upon international regulations, it wants to use it and no one can stop it."" Iran has until Thursday to comply with a U.N. Security Council demand to stop its uranium enrichment program. If Iran does not comply by Thursday, the UN has left open the possibility of economic sanctions. Ahmadinejad says that he is willing to listen to negotiations related to changing Iran's nuclear program but that, ""...any kind of dialogue should be based upon the certain rights of the Iranian nation."" While the rights of which Ahmadinejad speaks are not currently available for public viewing, Iranian academics point to the six issues in Iran's standard diplomatic policy. Iran has consistently claimed that it is enriching uranium and building plutonium-producing reactors for solely peaceful purposes—for the generation of electricity, the exporting of materials for other civilian nuclear industries, and the creation of medical radioisotopes—while many western nations have accused the country of running a clandestine nuclear weapons program. They have cited as evidence for this Iran's continual investment in dual-use technology which could be used for either civilian or military purposes, as well as alleging that Iran has not been forthright in disclosures of its nuclear developments. Iran provoked international controversy in April 2006 when it announced an earlier nuclear success: the enrichment of a small amount of uranium to reactor-grade levels (3.5% of the isotope uranium-235 using gas centrifuge technology. Concern was raised by some that if Iran was able to scale up its enrichment facilities to thousands of centrifuges, they could be used to produce bomb-grade uranium (90% uranium-235). Iran has insisted that under the terms of the 1968 Nuclear Non-Proliferation Treaty, of which it is a signatory, it is guaranteed the right to develop nuclear energy for peaceful purposes. None of Iran's facilities currently have the ability to produce weapons-grade nuclear material, and most experts say it would be at least a decade for Iran to be able to build a functional nuclear weapon.","Ahmadinejad said, ""Peaceful nuclear energy is the right of the Iranian nation. Iran has until Thursday to comply with a U.N. Security Council demand to stop its uranium enrichment program. Ahmadinejad says that he is willing to listen to negotiations related to changing Iran's nuclear program but that, ""...any kind of dialogue should be based upon the certain rights of the Iranian nation."" None of Iran's facilities currently have the ability to produce weapons-grade nuclear material, and most experts say it would be at least a decade for Iran to be able to build a functional nuclear weapon.",363,98,0.2699724517906336,,False
252515,Qatar becomes first Arab country to fly fighter jets over Libya,2011-03-26,Politics and conflicts,https://en.wikinews.org/wiki/Qatar_becomes_first_Arab_country_to_fly_fighter_jets_over_Libya,"Qatar participated in a combat mission  to enforce a no-fly zone over Libya on Friday, one day after NATO agreed to take command. Qatar is  the first Arab country to take part in the  operation against Moammar Gadhafi's regime. The French Defence Ministry said two Qatai Mirage 2000 interceptor fighters flew Qatar's first sortie over Libya  accompanied by a French jet. Besides Qatar, the United Arab Emirates has agreed to  send 12 warplanes to support the international no-fly alliance.  No other countries from the Arab League have agreed to join so far. Qatar's combat deployment as the first by an Arab or Muslim-majority country  thus is of  critical impact. Qatar's participation has great  diplomatic importance. Major General Margaret Woodward, Commander of U.S. Air Forces Africa, stated: ""Having our first Arab nation join and start flying with us emphasizes that the world wants the innocent Libyan people protected from the atrocities perpetrated by pro-regime forces"". The emir of Qatar has typically preferred subtle diplomacy  rather than confrontation, as Qatar is vulnerable because of its tiny size and its position on the tip of the Arabian peninsula.  Qatar's decision to send planes is  related to its need to  maintain  its independence from its bigger  neighbors like  Iran and Saudi Arabia, according to  The Guardian. France, the United Kingdom and the United States are among thirteen states which have so far joined the no-fly mission over Libya. The no-fly zone over Libya was established by the UN Security Council on March 17.","Qatar participated in a combat mission  to enforce a no-fly zone over Libya on Friday, one day after NATO agreed to take command. Qatar is  the first Arab country to take part in the  operation against Moammar Gadhafi's regime. Besides Qatar, the United Arab Emirates has agreed to  send 12 warplanes to support the international no-fly alliance. Qatar's combat deployment as the first by an Arab or Muslim-majority country  thus is of  critical impact.",249,74,0.2971887550200803,,False
47239,Nigeria hands over disputed area to Cameroon,2006-08-14,Politics and conflicts,https://en.wikinews.org/wiki/Nigeria_hands_over_disputed_area_to_Cameroon,"Nigerian and Cameroonian officials held a joint ceremony to mark the formal handover of the Bakassi peninsula from Nigeria to Cameroon. Nigeria agreed to cede the resource-rich area after a long drawn dispute with Cameroon. The ceremony comes after Nigeria completed the withdrawal of its troop stationed in the northern part of the peninsula. Many Bakassi residents are reported to be opposed to living under Cameroon's authority. The resource-rich Bakassi peninsula was claimed by both Nigeria and Cameroon, leading to military clashes between the two back in 1981. 
In 1994, Cameroon approached the International Court of Justice(ICJ) to rule on the claims, and the ICJ ruled in 2002 that the area belonged to Cameroon as per a 1913 treaty signed between then colonial powers Britain and Germany. Nigeria finally agreed to the handover in the UN brokered Greentree Agreement signed in New York on June 12th, which gave Nigeria 60 days to withdraw its military forces from the area. The agreement signed by Nigerian President Olusegun Obasanjo and Cameroon's President Paul Biya, was the outcome of the Cameroon-Nigeria Mixed Commission, set up by Secretary-General Kofi Annan to address the issue. The ceremony was held in the capital of northern Bakassi, the fishing town of Archibong, and was witnessed by African Union, British, French, German UN and US officials, as well as the Nigeria's chief of defence staff, General Martin-Luther Agwai, and the heads of the army, navy, airforce and the police. The Nigerian flag was lowered Cameroon flag was then raised. The Nigerian Justice Minister Bayo Ojo and his Cameroonian counterpart, Maurice Kamto signed the documents Monday transferring authority at exactly 12:30 pm (1130GMT). Speaking at the event, Mr. Ojo said ""We yield ground in order to give way to peace."", adding, ""We have reason to celebrate the peaceful resolution of the Bakassi peninsula dispute"". He tried to reassure Nigerians living in the peninsula, saying the transfer ""does not not mean an end in itself. You still have the opportunity of living here if you choose to do so"". Mr. Kamto told the gathering """"We have the conviction that things will not be different in Bakassi, whose inhabitants have always co-existed in peace as they do in other locations and regions of Cameroon."" Kieran Prendergast, representative of the UN secretary general at the event called the handover ""a good example of taking initiative in conflict prevention and solution"". The population of Bakassi, mainly Nigerian are reported to be deeply unhappy over the transfer. After Nigeria began its troop withdrawal last week, a group called the Bakassi Self Determination Movement declared Bakassi's independence from both Nigeria and Cameroon. The group hoisted blue and white flags and declared the creation of the ""Democratic Republic of Bakassi"". Speaking to the IRIN news agency on Monday, the leader of the group, Tony Ene insisted on the ""natural right"" of Bakassi residents to ""determine our future,"", adding that ""If Nigeria does not want us, we choose to go it alone and not with Cameroon."". Some residents have said that they will fight Cameroonian authority and called for help from militants in the Niger delta region. Complaints by Bakassi Nigerians of harassment by Cameroonian police years ago had led to the deployment of Nigerian troops in the region. Many residents have said that they wish to evacuate the area rather than live under Cameroon. The Cameroon state broadcaster, Cameroon Radio and Television said ""Today is a beautiful day for Cameroon... (and) Nigeria,"" adding that the handover ""demonstrated the good faith of Cameroonian and Nigerian authorities to do everything to ensure that their two peoples can continue to live in peace and harmony in Bakassi,"". Reuters also reports Cameroonians in Yaounde as welcoming the transfer. The Nigerian Newspaper, The Daily Champion reports that several villages in the peninsula were ""taken over"" by Cameroonian security agents prior to today's formal handover, violating the terms of the handover agreement. The Lagos-based daily reported Brigadier General Felix Chukwuma, a spokesman for the Nigerian Army saying that higher authorities in Nigeria have been notified of this ""violation of the UN-brokered agreement on the demilitarisation of the peninsula"". ""I am very positive that Nigeria would take this up at the appropriate level,"" he said. Nigeria has given Bakassi residents the option of either staying on in Bakassi under Cameroonian authority or getting resettled elsewhere in Nigeria. Under the handover agreement, Nigeria retains civilian authority over the southern section of the peninsula, known as West Atabong and Akwabana for two more years, during which the resettlement can proceed. Cameroon is to take full administrative control after a five year transitional period, during which neither country is expected to allow military presence in the region. The UN Secretary-General's Special Representative for West Africa, Ahmedou Ould-Abdallah has said that about a dozen UN civilian observers will monitor the situation following the troop withdrawal to ""reassure"" the locals of their safety under Cameroonian authority. The UN Office for West Africa has said in a statement that the next meeting of the Cameroon-Nigeria Mixed Commission will discuss how to delineate the maritime boundary between the two countries. The 700 sq km Bakassi peninsula lies in the gulf of Guinea, which is estimated to contain up to 10% of the world's oil and gas reserves as well as being a rich fishing ground. The peninsula is estimated to be home to between 150,000 and 300,000 people.","Nigerian and Cameroonian officials held a joint ceremony to mark the formal handover of the Bakassi peninsula from Nigeria to Cameroon. Nigeria agreed to cede the resource-rich area after a long drawn dispute with Cameroon. Many Bakassi residents are reported to be opposed to living under Cameroon's authority. The resource-rich Bakassi peninsula was claimed by both Nigeria and Cameroon, leading to military clashes between the two back in 1981. The agreement signed by Nigerian President Olusegun Obasanjo and Cameroon's President Paul Biya, was the outcome of the Cameroon-Nigeria Mixed Commission, set up by Secretary-General Kofi Annan to address the issue. After Nigeria began its troop withdrawal last week, a group called the Bakassi Self Determination Movement declared Bakassi's independence from both Nigeria and Cameroon. Speaking to the IRIN news agency on Monday, the leader of the group, Tony Ene insisted on the ""natural right"" of Bakassi residents to ""determine our future,"", adding that ""If Nigeria does not want us, we choose to go it alone and not with Cameroon."". Many residents have said that they wish to evacuate the area rather than live under Cameroon. The Cameroon state broadcaster, Cameroon Radio and Television said ""Today is a beautiful day for Cameroon... (and) Nigeria,"" adding that the handover ""demonstrated the good faith of Cameroonian and Nigerian authorities to do everything to ensure that their two peoples can continue to live in peace and harmony in Bakassi,"". Nigeria has given Bakassi residents the option of either staying on in Bakassi under Cameroonian authority or getting resettled elsewhere in Nigeria.",898,257,0.28619153674832964,Contains very long sentence,True
4464,Howard Dean elected chairman of U.S. Democrats,2005-02-13,Politics and conflicts,https://en.wikinews.org/wiki/Howard_Dean_elected_chairman_of_U.S._Democrats,"Howard Dean was elected the chairman of the Democratic Party of the United States on Saturday. The former governor of Vermont and a presidential candidate in the 2004 elections was chosen by a voice vote of the 447-member Democratic National Committee. Dean replaces Terry McAuliffe as chairman of the committee. The election of Dean to the post reflects the party's trust in his accomplishments during the presidential campaign. As a candidate, Dean mobilized support from across the country in his Dean for America campaign, using the Internet as a medium for organizing fundraising. According to MSNBC, the House Minority Leader Nancy Pelosi said ""He has used the power of technology, the force of his personality and the depth of his ideals to bring new people into the party."" Dean did not win the party's nomination, which instead went to John Kerry. In his acceptance speech, Dean called for increased organization, and standing up for the party's platform. He said ""Standing up for our beliefs, organizing, and transforming our party into a grassroots organization that can win in all 50 states: That's how we will rebuild the Democratic Party."" Dean's new position faces a mixed reaction from other politicians. The chairman of the Republican National Committee, Ken Mehlman, said that ""Howard Dean's energy and passion will add to the political discourse in this country and he will be a strong leader for his party."" Former Speaker of the House of Representatives Newt Gingrich has recently said that the Democrats should only elect Dean ""if they have a true death wish.""","Howard Dean was elected the chairman of the Democratic Party of the United States on Saturday. The election of Dean to the post reflects the party's trust in his accomplishments during the presidential campaign. He said ""Standing up for our beliefs, organizing, and transforming our party into a grassroots organization that can win in all 50 states: That's how we will rebuild the Democratic Party."" The chairman of the Republican National Committee, Ken Mehlman, said that ""Howard Dean's energy and passion will add to the political discourse in this country and he will be a strong leader for his party.""",259,100,0.3861003861003861,Summary may end with an incomplete sentence,True
76558,"Karl Rove, senior political advisor to President Bush will resign",2007-08-13,Politics and conflicts,"https://en.wikinews.org/wiki/Karl_Rove,_senior_political_advisor_to_President_Bush_will_resign","According to officials, President Bush's senior political advisor, Karl Rove, will resign his White House post effective by the end of the month, senior administration officials said Monday. Rove has held a top position in the White House since Bush took office in January 2001. President Bush and Rove are expected to make a statement to the press at 11:35 a.m. ET (UTC-4), as Bush boards Marine One, heading for Crawford, Texas. In an interview with The Wall Street Journal, Rove said: ""I just think it's time ... There's always something that can keep you here, and as much as I'd like to be here, I've got to do this for the sake of my family.""","According to officials, President Bush's senior political advisor, Karl Rove, will resign his White House post effective by the end of the month, senior administration officials said Monday. Rove has held a top position in the White House since Bush took office in January 2001.",116,45,0.3879310344827586,,False
78417,White House spokesman Tony Snow stepping down,2007-08-31,Politics and conflicts,https://en.wikinews.org/wiki/White_House_spokesman_Tony_Snow_stepping_down,"White House spokesman Tony Snow announced today that after a long battle with colon cancer, he will be stepping down as the White House spokesperson. Mr. Snow has served the White House since May 8, 2006. ""It's been a joy to watch him spar with you,"" said Bush. ""He's smart, he's capable, he's witty, he's able to talk about issues in a way the American people understand,"" Bush continued. ""I don't know what he's going to do, I'm not sure he does yet either,"" Bush said. ""One, he'll battle cancer and win, and secondly he'll be a solid contributor to society."" Tony Snow said that he will be leaving the White House due to financial restrictions because of the cost of chemotherapy. Snow had previously announced that he would be leaving prior to when Bush's term ends in January of 2009.","White House spokesman Tony Snow announced today that after a long battle with colon cancer, he will be stepping down as the White House spokesperson. Tony Snow said that he will be leaving the White House due to financial restrictions because of the cost of chemotherapy.",141,46,0.3262411347517731,,False
5761,Slovakia on track to adopt euro in 2009,2005-03-14,Economy and business,https://en.wikinews.org/wiki/Slovakia_on_track_to_adopt_euro_in_2009,"Slovakia is on track to meet its target of adopting the euro currency in 2009, claims Joaquín Almunia, the European Union's Monetary Affairs Commissioner. The main monetary figures and the fiscal situation ""are going in a good direction,"" Almunia said. ""If things continue as they are today, I'm sure the Slovak authorities will meet the target of being a member of the eurozone in 2009."" Slovakia joined the European Union last year along with other Central European, Baltic, and Mediterranean states. The growth rate of its GDP has been one of the highest in the European Union, recording 5.5% growth in 2004. Almunia said that authorities should use this growth to curb the country's relatively high budget deficit, a necessary prerequisite for joining the euro zone. Before a country adopts the euro currency, it must dwell in the European Exchange Rate Mechanism II for two years, where its exchange rate relative to the euro, as well as its budget deficit and inflation, are closely monitored. For Slovakia to adopt the euro in 2009, it must join ERM II in 2007. Three new members, Slovenia, Estonia, and Lithuania, have already joined ERM II and are on track to adopt the euro in 2006–2007.","Slovakia is on track to meet its target of adopting the euro currency in 2009, claims Joaquín Almunia, the European Union's Monetary Affairs Commissioner. Before a country adopts the euro currency, it must dwell in the European Exchange Rate Mechanism II for two years, where its exchange rate relative to the euro, as well as its budget deficit and inflation, are closely monitored. For Slovakia to adopt the euro in 2009, it must join ERM II in 2007.",202,78,0.38613861386138615,,False
262153,IMF head remains in New York prison; charged over alleged hotel sex attack,2011-05-15,Economy and business,https://en.wikinews.org/wiki/IMF_head_remains_in_New_York_prison;_charged_over_alleged_hotel_sex_attack,"Dominique Strauss-Kahn, the head of the International Monetary Fund, remained in jail last night after being charged with sexually attacking a chambermaid at a New York City hotel. Strauss-Kahn has agreed to undergo forensic screening before he appears in court, and has vowed to ""vigorously"" defend himself against the charges, which are likely to create a leadership void at the IMF, disrupt emergency talks over the European debt crisis, and spell the end of his political career. Strauss-Khan was the favourite candidate for the French presidency, and was expected to announce he would stand against Nicolas Sarkozy this month. But the allegations are expected to destroy the hopes of his supporters, increase infighting among the French left, and leave his political career in tatters. His arrest comes at a critical moment for the IMF, and will likely plunge efforts to stabilise the financial states of struggling eurozone countries into chaos. He was meant to discuss the bailouts of Greece and Portugal with European Union financial officials at a meeting in Brussels this week. Eswar Shanker Prasad, a professor of international economics at Cornell University, said: ""This sordid episode – no matter how it ultimately plays out – will spell the end of Strauss-Kahn as an effective leader of the IMF even if he retains his position, which is highly unlikely."" The IMF, however, insisted it remained ""fully functioning and operational."" Strauss-Kahn was to appear in court in Manhattan yesterday charged with three crimes, including attempted rape, but the hearing has been delayed so he can undergo forensic tests. He was taken into custody by officials while on an Air France passenger plane which was about to take off from John F. Kennedy International Airport for Paris; when detectives approached him in the first class cabin in the aircraft he reportedly asked: ""What is this about?"" Strauss-Kahn reportedly fled the hotel ""in a hurry"" after the attack, leaving a number of personal effects behind. ""If our officers had been ten minutes later he would have been in the air and on their [sic] way to France,"" a spokesperson for the New York Police Department said. The chambermaid reported that she had been sexually assaulted by a man staying in a ""luxury suite"" at the Sofitel hotel near Times Square. ""The maid described being forcibly attacked, locked in the room and sexually assaulted,"" the police spokesperson said. Strauss-Kahn came out of the shower naked while the chambermaid was working in the room, tried to pull the woman onto the bed and locked the door, The New York Times reported, quoting police sources. She allegedly fought him off, but he sexually assaulted her again after dragging her to the bathroom, before he locked her in the room; she was reportedly hospitalized afterwards with trauma. In 2008, a year after becoming the leader of the IMF, Strauss-Kahn was reprimanded by the organization's board after being involved in an extramarital affair with another senior executive at the bank. More recently, he was pictured driving a luxury car in Paris, causing a media furore over whether his lifestyle fitted with the socialist attitude he claims to represent. But his wife, former television star Anne Sinclair, has dismissed the accusations. She said: ""I do not believe for one second the accusations brought against my husband. I have no doubt his innocence will be established.""","Dominique Strauss-Kahn, the head of the International Monetary Fund, remained in jail last night after being charged with sexually attacking a chambermaid at a New York City hotel. Strauss-Kahn has agreed to undergo forensic screening before he appears in court, and has vowed to ""vigorously"" defend himself against the charges, which are likely to create a leadership void at the IMF, disrupt emergency talks over the European debt crisis, and spell the end of his political career. Eswar Shanker Prasad, a professor of international economics at Cornell University, said: ""This sordid episode – no matter how it ultimately plays out – will spell the end of Strauss-Kahn as an effective leader of the IMF even if he retains his position, which is highly unlikely."" ""If our officers had been ten minutes later he would have been in the air and on their [sic] way to France,"" a spokesperson for the New York Police Department said. ""The maid described being forcibly attacked, locked in the room and sexually assaulted,"" the police spokesperson said. Strauss-Kahn came out of the shower naked while the chambermaid was working in the room, tried to pull the woman onto the bed and locked the door, The New York Times reported, quoting police sources.",557,207,0.37163375224416517,Contains very long sentence,True
121365,"Brazil's Embraer plans to cut around 4,200 jobs",2009-02-23,Economy and business,"https://en.wikinews.org/wiki/Brazil%27s_Embraer_plans_to_cut_around_4,200_jobs","Brazilian aerospace conglomerate Empresa Brasileira de Aeronáutica, S. A. (Embraer) has revealed plans to cut around twenty percent of the company's workforce of 21,362 people. Twenty percent is over 4,200, but Embraer have not revealed exact numbers. The firm has also scaled back predictions for deliveries and revenue. Estimated delivery figures for 2009 now stand at 242 airliners and corporate jets, compared to the previous number of 270, in the second downwards revision of Embraer of their delivery figures for this year within three months. Revenue for 2009 is now predicted to be US$5.5 billion, down thirteen percent from the previous estimate of US$6.3 billion. Embraer is the world's fourth-largest airframer, following Airbus, Boeing and Bombardier. Embraer stock fell 1.9% after the announcement, or 16 centavos, to 8.46 reais in São Paulo. Over the last twelve months Embraer stock has fallen 55%. The manufacturer also produces military aircraft, but statistics for these are not published. In December, the Metalworkers Union of São José dos Campos, claimed the firm planned to cut 4,000 jobs, which Embraer at the time denied. Embraer said they would only take ""such a drastic decision if there are risks to the company’s profitability and sustainability."" The new statement said that production and administration would take the brunt of the cuts, with engineers retained to continue product development. The company described the decision as vital given ""the new reality of demand for commercial and executive aircraft,"" and noted that ""over 90 percent of its revenues are generated abroad. Therefore, the resiliency that the Brazilian domestic market has been demonstrating through the crisis does not significantly alter this adverse scenario."" The official news agency Agência Brasil reported that Brazilian President Luiz Inácio Lula da Silva was upset by the layoffs. He will meet with company directors next week and wants Embraer to explain the decision.","Brazilian aerospace conglomerate Empresa Brasileira de Aeronáutica, S. A. (Embraer) has revealed plans to cut around twenty percent of the company's workforce of 21,362 people. Twenty percent is over 4,200, but Embraer have not revealed exact numbers. Embraer said they would only take ""such a drastic decision if there are risks to the company’s profitability and sustainability."" The company described the decision as vital given ""the new reality of demand for commercial and executive aircraft,"" and noted that ""over 90 percent of its revenues are generated abroad. He will meet with company directors next week and wants Embraer to explain the decision.",307,102,0.3322475570032573,,False
11040,Ryanair passenger numbers up 34%,2005-06-03,Economy and business,https://en.wikinews.org/wiki/Ryanair_passenger_numbers_up_34%25,"Irish low fares airline, Ryanair, has reported that passenger numbers for May 2005 are up 34%. This represented the largest increase in traffic for over a year, and comes after a string of good news for the airline during the week; most notably reporting record profits. Ryanair carried 2.9 million passengers in May compared to 2.17 million in the same period last year. This was partly helped by an increase in the number of routes over the year. Ryanair has been aggressively adding routes from its new European base in Shannon and throughout southern Spain over the past year. The airline now operates 12 routes from Shannon and over 50 from Spain. Load factor also increased, from 81% to 82%, as did the percentage of tickets sold on the internet. Internet sales now account for 98% of total ticket sales, up from 97% in May 2004. The airline, which operates over 200 routes, revealed after tax profits of €268.9m (US $332m) earlier this week and record revenue of €1.34bn ($1.66bn).","This represented the largest increase in traffic for over a year, and comes after a string of good news for the airline during the week; most notably reporting record profits. Ryanair has been aggressively adding routes from its new European base in Shannon and throughout southern Spain over the past year. The airline now operates 12 routes from Shannon and over 50 from Spain.",170,64,0.3764705882352941,,False
45095,EU fines Microsoft €280.5 million,2006-07-12,Economy and business,https://en.wikinews.org/wiki/EU_fines_Microsoft_%E2%82%AC280.5_million,"Microsoft was fined €280.5 million today by the European Commission for not complying to a 2004 antitrust ruling by the European Union. EU had ruled in 2004, asking Microsoft to provide its competitors information about its Windows operating system. This was to give the rivals a level playing ground for writing software for the Windows platform to compete with Microsoft's own offerings. The EU set a dead-line of July 21 for Microsoft to provide complete technical information to its competitors. If not, there may be further fines, up to €3 million a day. The commission is saying that Microsoft has not done enough on the issue and must provide the information by July 31. Microsoft however does not agree to this and believes that it has done no wrong, and has in fact complied to the 2004 EU ruling. The European Union's Commissioner for Competition Neelie Kroes has warned Microsoft to comply with these regulations for their upcoming Operating system, Vista which is scheduled to be released in 2007.","Microsoft was fined €280.5 million today by the European Commission for not complying to a 2004 antitrust ruling by the European Union. EU had ruled in 2004, asking Microsoft to provide its competitors information about its Windows operating system.",169,39,0.23076923076923078,Very short summary,True
52460,Nobel Peace Prize to Muhammad Yunus and the Grameen Bank,2006-10-14,Economy and business,https://en.wikinews.org/wiki/Nobel_Peace_Prize_to_Muhammad_Yunus_and_the_Grameen_Bank,"The microcredit Grameen Bank and its creator, Muhammad Yunus, are jointly awarded the Nobel Peace Prize ""for their efforts to create economic and social development from below."" Most people were expecting the founder to be nominated for the Economics Nobel prize but the Norwegian Nobel Institute decided to award him the Peace Prize for his attempt to destroy poverty, emphasizing women who have to ""struggle against repressive social and economic conditions"". Yunus, from Bangladesh, said ""We want the same kind of unity in politics like the unity that has been created by the Nobel prize award,"" at a press conference at the bank's office in the suburbs of the Bangladeshee capital, Dhaka. In 2005, the Nobel Peace Prize was also awarded jointly to the International Atomic Energy Agency (IAEA) and Mohamed ElBaradei (محمد البرادعي) (Egypt).","The microcredit Grameen Bank and its creator, Muhammad Yunus, are jointly awarded the Nobel Peace Prize ""for their efforts to create economic and social development from below."" Most people were expecting the founder to be nominated for the Economics Nobel prize but the Norwegian Nobel Institute decided to award him the Peace Prize for his attempt to destroy poverty, emphasizing women who have to ""struggle against repressive social and economic conditions"".",135,71,0.5259259259259259,,False
8072,Romanian economy predicted to maintain steady growth until 2008,2005-04-15,Economy and business,https://en.wikinews.org/wiki/Romanian_economy_predicted_to_maintain_steady_growth_until_2008,"The National Forecast Committee of Romania today released its economic predictions for the country in the period 2005-2008. The report predicted that the Romanian economy should increase steadily over the next three years, with a rise in gross domestic product (GDP) of about 6.2% per annum until 2008. By the end of 2008, this should lead to Romania's gross domestic product being nearly 30% larger than it was at the end of 2004. For 2005, the prediction is that the economy will grow by 6%, after last year's impressive growth of 8.3%. The reason for the slowing of growth is due to government reforms from 2005-2008, as well as counter-inflationary policy, which are expected to stabilise consumption and therefore slow growth. Despite this, even a growth rate of 6% is one of the highest in the region, and well above the European Union average. Concerning the structure of GDP between 2005 and 2008, the largest increases are expected to be recorded in the services and industry sectors. While total agricultural output is also expected to rise, it will contribute a smaller share of GDP in comparison to 2004, when a good harvest enhanced total GDP growth by nearly 3%. The other important macro-economic indicator that the report said Romania must focus on is inflation, which is expected to lower to 7% this year, after a rate of 9.2% in 2004. The National Bank of Romania and the Romanian government have pledged to lower inflation until the country's EU accession in 2007. While unemployment dropped to 6.2% in 2004, one of the lowest rates in Europe, it is expected to rise in 2005 to around 7%, due to structural reforms of the economy, as well as a drop of state subsidies to key industrial sectors. However, by 2008, the forecasted unemployment rate is 6.1%. Whereas GDP growth, inflation and unemployment are all expected to improve favourably until 2008, the weaker point in the economy is the current account deficit, which should continue to increase until 2008, according to the National Forecast Committee. In 2006, the current account deficit is expected to be 6.2% of GDP, while in 2008 it will be around 5%. While these rates are an improvement of the 2004 figure of nearly 7%, they still remain fairly high. On the other hand, direct foreign investment is expected to rise significantly until 2008, covering a portion of the current account deficit. Foreign invesment in 2005, should reach 4.1 billion euros this year, and will probably increase significantly from 2007 onwards, as Romania becomes a member of the European Union.","The report predicted that the Romanian economy should increase steadily over the next three years, with a rise in gross domestic product (GDP) of about 6.2% per annum until 2008. The other important macro-economic indicator that the report said Romania must focus on is inflation, which is expected to lower to 7% this year, after a rate of 9.2% in 2004. Whereas GDP growth, inflation and unemployment are all expected to improve favourably until 2008, the weaker point in the economy is the current account deficit, which should continue to increase until 2008, according to the National Forecast Committee. In 2006, the current account deficit is expected to be 6.2% of GDP, while in 2008 it will be around 5%. On the other hand, direct foreign investment is expected to rise significantly until 2008, covering a portion of the current account deficit.",430,142,0.3302325581395349,,False
13309,Romania redenominates its currency,2005-07-01,Economy and business,https://en.wikinews.org/wiki/Romania_redenominates_its_currency,"Today, Romania introduces its new redenominated currency, the new leu (code: RON), which is valued at 10,000 old lei (code: ROL). The process, which is known as redenomination, started in March 2005 when Romania started dual-currency display and all prices had to be displayed in both the old leu and the new leu. Starting from today, the first notes and coins of the new leu will become legal tender, and the new leu will become the official currency of Romania. The redenomination (or conversion from the old to the new leu) is simple — 10,000 old lei are replaced by 1 new leu. One US dollar will buy 2.98 new lei, while one euro will buy 3.6 new lei. After the similar redenomination by Turkey the old leu had been the world's least valued currency unit, with the US dollar buying 29,891 lei and the euro buying 36,050 lei (on 30 June 2005). With the introduction of the new leu, Romania's currency will be among the most highly-valued in the region. The new leu notes and coins, introduced into circulation today, will circulate alongside the old lei until 31 December 2006, when the dual-currency period ends and all of the old lei are expected to be withdrawn. However, old lei can be exchanged at banks indefinitely. The new notes come into denominations of 1, 5, 10, 50, 100 and 500 new lei. The largest note of the old leu was 1,000,000 lei, or 100 new lei. The largest note of the new leu is worth 500 new lei, or approximately US$167 and €139. New leu notes will also have the same dimensions as euro notes of similar value. Additionally, they will use the same colours and design as their corresponding old leu equivalent (for example, the 100 lei note will look similar to the 1,000,000 old lei note). All notes will be printed on polymer materials. Romania was the first country in Europe to introduce polymer notes, in 1999. The governor of the National Bank of Romania, Mugur Isărescu, said that the redenomination of the leu marks the symbolic end of Romania's economic transition from a planned economy under Communism, which was overthrown in 1989, to a free market economy. The reason for redenomination was mainly the fact that the leu had become severely devalued, especially in the 1990s, due to high inflation rates. From 2002 onwards, the leu stabilised, and has even appreciated against the euro and the US dollar in the past year. Hence, the new leu was introduced to simplify the national currency, and also as a symbol of Romania's increasing economic stability. It is also expected to help pave the way for the adoption of the euro by Romania, which is expected in 2012-2014, after Romania joins the European Union in 2007. Although the introduction of the new leu is viewed as beneficial on the whole, since it will bring Romania's currency more in line with the value of important global currencies such as the euro and the US dollar, concerns have been raised that the new leu will fuel inflation. Some people are concerned that the new leu will result in the rounding-up of prices, similar to what happened when the euro was introduced in the Eurozone in 2002, and therefore fuel inflation. However, a rise in prices is not thought to occur due to the dual-currency display. This ensures that all businesses continue to display prices in both the new leu and the old leu until the end of 2006, and hence they will not be able to raise prices as easily, for fear of becoming less competitive in the market.","Today, Romania introduces its new redenominated currency, the new leu (code: RON), which is valued at 10,000 old lei (code: ROL). The process, which is known as redenomination, started in March 2005 when Romania started dual-currency display and all prices had to be displayed in both the old leu and the new leu. Starting from today, the first notes and coins of the new leu will become legal tender, and the new leu will become the official currency of Romania. The redenomination (or conversion from the old to the new leu) is simple — 10,000 old lei are replaced by 1 new leu. The new leu notes and coins, introduced into circulation today, will circulate alongside the old lei until 31 December 2006, when the dual-currency period ends and all of the old lei are expected to be withdrawn. The largest note of the old leu was 1,000,000 lei, or 100 new lei. New leu notes will also have the same dimensions as euro notes of similar value. Although the introduction of the new leu is viewed as beneficial on the whole, since it will bring Romania's currency more in line with the value of important global currencies such as the euro and the US dollar, concerns have been raised that the new leu will fuel inflation.",607,217,0.357495881383855,Contains very long sentence,True
118131,Market maker Bernard L. Madoff arrested in $50B 'giant Ponzi scheme',2008-12-12,Economy and business,https://en.wikinews.org/wiki/Market_maker_Bernard_L._Madoff_arrested_in_$50B_%27giant_Ponzi_scheme%27,"Top broker and Wall Street adviser Bernard L. Madoff, aged 70, was arrested and charged by the FBI on Thursday with a single count of securities fraud, also known as stock fraud and investment fraud. He allegedly told senior employees of his firm on Wednesday that his $50 billion business ""is all just one big lie"" and that it was ""basically, a giant Ponzi scheme (since at least 2005)."" Mr. Madoff faces up to 20 years imprisonment and a fine of up to $5 million. FBI agent Theodore Cacioppi said Mr. Madoff's investment advisory business had ""deceived investors by operating a securities business in which he traded and lost investor money, and then paid certain investors purported returns on investment with the principal received from other, different investors, which resulted in investors' losses of approximately $50 billion dollars."" The former chairman of the Nasdaq Stock Market is also the founder and primary owner of Bernard L. Madoff Investment Securities LLC, the closely-held market-making firm he launched in 1960. The firm is one of the top market maker firms on Wall Street. He founded his family firm with an initial investment of $5,000, after attending Hofstra University Law School. He saved the money earned from a job lifeguarding at Rockaway Beach in Queens and a part time job installing underground sprinkler systems. A force in Wall Street trading for nearly 50 years, he has been active in the National Association of Securities Dealers (NASD), a self-regulatory organization for the U.S. securities industry. His firm was one of the five most active firms in the development of the NASDAQ, having been known for ""paying for order flow,"" in other word paying a broker to execute a customer's order through Madoff. He argued that the payment to the broker did not alter the price that the customer received. He ran the investment advisory as a secretive business, however. Dan Horwitz, counsel of Mr. Madoff, in an interview, said that ""he is a longstanding leader in the financial-services industry with an unblemished record; he is a person of integrity; he intends to fight to get through this unfortunate event."" Mr. Madoff was released on his own recognizance on the same day of his arrest, after his 2 sons turned him in, and posting $10 million bail secured by his Manhattan apartment. Without entering any plea, the Court set the preliminary hearing for January 12. Madoff's hedge fund scheme may rank among the biggest fraud in history. When former energy trading giant Enron filed for bankruptcy in 2001, one of the largest at the time, it had $63.4 billion in assets. The scheme would dwarf past Ponzis, and it would further be nearly five times the telecommunication company WorldCom fraud and bankruptcy proceedings in 2002. The Securities and Exchange Commission filed a separate civil suit on Thursday against Bernard L. Madoff Investment Securities and its eponymous founder Mr. Madoff. It was docketed as ""U.S. v. Madoff,"" 08-MAG-02735, by the U.S. District Court for the Southern District of New York (Manhattan). SEC, New York associate director of enforcement, Andrew M. Calamari, asked the judge to issue seizure orders on the firm and its assets, and appoint a receiver. The SEC pleads, among others, that ""it was an ongoing $50 billion swindle; our complaint alleges a stunning fraud that appears to be of epic proportions."" It further accused the defendant of ""paying returns to certain investors out of the principal received from other, different investors"" for years. Madoff's hedge fund business had previously claimed to have served between 11 and 25 clients and had $17.1 billion in assets under management. But virtually all of the assets were missing. United States District Court for the Southern District of New York Louis L. Stanton on Thursday appointed Lee Richards, a Manhattan lawyer, as the firm's receiver. A hearing is set for Friday, for a ruling on the SEC's petition to grant plenary powers to the receiver over the entire firm, and an absolute asset sequestration. Doug Kass, president of hedge fund Seabreeze Partners Management said that ""this is a major blow to confidence that is already shattered -- anyone on the fence will probably try to take their money out.""","Top broker and Wall Street adviser Bernard L. Madoff, aged 70, was arrested and charged by the FBI on Thursday with a single count of securities fraud, also known as stock fraud and investment fraud. FBI agent Theodore Cacioppi said Mr. Madoff's investment advisory business had ""deceived investors by operating a securities business in which he traded and lost investor money, and then paid certain investors purported returns on investment with the principal received from other, different investors, which resulted in investors' losses of approximately $50 billion dollars."" The former chairman of the Nasdaq Stock Market is also the founder and primary owner of Bernard L. Madoff Investment Securities LLC, the closely-held market-making firm he launched in 1960. Madoff's hedge fund scheme may rank among the biggest fraud in history. The Securities and Exchange Commission filed a separate civil suit on Thursday against Bernard L. Madoff Investment Securities and its eponymous founder Mr. Madoff. It was docketed as ""U.S. v. Madoff,"" 08-MAG-02735, by the U.S. District Court for the Southern District of New York (Manhattan). Madoff's hedge fund business had previously claimed to have served between 11 and 25 clients and had $17.1 billion in assets under management. United States District Court for the Southern District of New York Louis L. Stanton on Thursday appointed Lee Richards, a Manhattan lawyer, as the firm's receiver.",701,224,0.3195435092724679,Contains very long sentence,True
2830341,"Apple, Inc. confirms acquisition of Shazam",2017-12-13,Economy and business,"https://en.wikinews.org/wiki/Apple,_Inc._confirms_acquisition_of_Shazam","On Monday, US-based tech company Apple, Inc. confirmed acquisition of UK-based song identification application Shazam. According to reports, the deal is worth US$400 million. ""We are thrilled that Shazam and its talented team will be joining Apple [...] and we can't imagine a better home for Shazam to enable us to continue innovating and delivering magic for our users."", Shazam spokesperson Giovanni Bossio said. Shazam has over one hundred million users. Founded in West London in 1999 by Avery Wang, Chris Barton, Dhiraj Mukharjee, and Philip Inghelbrecht, Shazam creates a ""digital fingerprint of the audio""  and recognises a song, and provides other information including artist's name, album, lyrics, release year and record label company. It also provides links to music streaming services including Apple Music, Google Play Music and Spotify. Shazam generates revenue from advertisements and commission from streaming services. Shazam is integrated with Apple's voice assistant Siri. Apple spokesperson Tom Neumayr said, ""Apple Music and Shazam are a natural fit, sharing a passion for music discovery and delivering great music experiences to our users. We have exciting plans in store, and we look forward to combining with Shazam upon approval of today's agreement.""  Apple Music has about 27 million subscribers, while its competitor Spotify has about 60 million. California-based company Apple, Inc. acquired Dr. Dre's Beats Electronics three years ago for US$3 billion.","Shazam has over one hundred million users. It also provides links to music streaming services including Apple Music, Google Play Music and Spotify. Apple spokesperson Tom Neumayr said, ""Apple Music and Shazam are a natural fit, sharing a passion for music discovery and delivering great music experiences to our users. Apple Music has about 27 million subscribers, while its competitor Spotify has about 60 million.",224,65,0.29017857142857145,,False
114565,Worldwide markets fall precipitously,2008-10-06,Economy and business,https://en.wikinews.org/wiki/Worldwide_markets_fall_precipitously,"Stock markets around the world have fallen dramatically today. This is following the ongoing events in the financial world, including the US Government's $700 billion bail out of the financial sector. As of 14:48 UTC, the primary UK index, the FTSE 100, dropped in value by 6.50% (323.65 points) to a point even further below the 5000 mark at 4656.60. The Dow Jones, was down 3.76% at 16:08 UTC, a slight increase from earlier today. The Dow Jones currently has a value of 9936.94 points, below the ten thousand mark. The Nasdaq index has fallen by 100.12 points to 1847.27, while the DAX was 6.62% lower than the start of the day as of 16:08 UTC. The Dow Jones index was one that fared particularly poorly today, as not one of its companies increased its share price. The same is true for the 	
CAC 40 index. The Merval index is another one that fared badly today. It dropped in value by 10.12%, while the affiliated Merval 25 index dropped by nearly as much, 10.03%. One of the worst faring indexes of the day was the Brazilian Bovespa index. It has already fallen by 14.45% today, despite the fact that it is not even half way through the trading day.","The Dow Jones, was down 3.76% at 16:08 UTC, a slight increase from earlier today. The Nasdaq index has fallen by 100.12 points to 1847.27, while the DAX was 6.62% lower than the start of the day as of 16:08 UTC. The Dow Jones index was one that fared particularly poorly today, as not one of its companies increased its share price. The Merval index is another one that fared badly today.",209,72,0.3444976076555024,,False
2854643,Technology giant Microsoft completes acquisition of GitHub,2018-10-29,Economy and business,https://en.wikinews.org/wiki/Technology_giant_Microsoft_completes_acquisition_of_GitHub,"On Friday, US-based technology giant Microsoft confirmed acquisition of software code hosting and version controlling website GitHub. The announcement was made by Microsoft via their official blog, which also mentioned Nat Friedman was to become new Chief Executive Officer of GitHub. Microsoft had announced plans to acquire GitHub for a price of 7.5 billion US dollars (USD) on June 4. On October 19, the European Union's regulators approved the acquisition. According to the June announcement, Microsoft was to pay the amount in stock. After Microsoft made the announcement, Microsoft CEO Satya Nadella tweeted, saying, ""I'm thrilled to welcome GitHub to Microsoft. Together, we will continue to advance GitHub as a platform loved by developers and trusted by organizations."" In a GitHub blog titled ""Pull request successfully merged. Starting build..."", Nat Friedman said making the platform ""accessible to more developers around the world"" as well as ""[r]eliability, security, and performance"" were in ""top of mind for"" them. He also stated, ""GitHub will operate independently as a community, platform, and business"" and ""will retain its product philosophy"",  keeping ""its developer-first values"". He also wrote today was to be his first day as GitHub's CEO. Friedman was previously the CEO of Xamarin, a software company that allows developers to create native iOS, Android and Windows phone applications written in the C# programming language. Microsoft acquired Xamarin in 2016. According to Friedman's blog, GitHub is used by more than 31 million developers worldwide. Technology giants including companies like Airbnb, Apple, Google, Facebook and Microsoft itself have been using GitHub for their open-source projects. However, on May 31, days before Microsoft announced plans for GitHub acquisition, desktop environment software GNOME completed moving from GitHub to GitLab, another software code sharing, hosting and version control providing website, a competitor of GitHub.","On Friday, US-based technology giant Microsoft confirmed acquisition of software code hosting and version controlling website GitHub. The announcement was made by Microsoft via their official blog, which also mentioned Nat Friedman was to become new Chief Executive Officer of GitHub. After Microsoft made the announcement, Microsoft CEO Satya Nadella tweeted, saying, ""I'm thrilled to welcome GitHub to Microsoft. According to Friedman's blog, GitHub is used by more than 31 million developers worldwide. However, on May 31, days before Microsoft announced plans for GitHub acquisition, desktop environment software GNOME completed moving from GitHub to GitLab, another software code sharing, hosting and version control providing website, a competitor of GitHub.",295,109,0.3694915254237288,,False
2939597,UAE to impose corporate tax on business profits,2022-02-01,Economy and business,https://en.wikinews.org/wiki/UAE_to_impose_corporate_tax_on_business_profits,"On Monday, the United Arab Emirates announced it would impose a federal corporate tax of 9% on business profits, effective from June 1, 2023. The tax will be levied from all corporations except those involved in ""extraction of natural resources"". Businesses with profits up to 375 thousand dirhams will be categorised as small businesses and will be exempted from the tax. The Emirates has long been a low tax country with no personal tax. The Ministry of Finance said the tax was being imposed to combat tax avoidance and to realign the country on major issues such as the digitalisation of the global economy. It may be linked to a recent international agreement on a minimum global corporate tax rate but the Ministry did not elaborate.",The Emirates has long been a low tax country with no personal tax. The Ministry of Finance said the tax was being imposed to combat tax avoidance and to realign the country on major issues such as the digitalisation of the global economy.,126,43,0.3412698412698413,,False
240545,Toyota recalls 1.7m cars after new concerns,2011-01-26,Economy and business,https://en.wikinews.org/wiki/Toyota_recalls_1.7m_cars_after_new_concerns,"Car manufacturer Toyota is to recall almost 1.7 million cars in two simultaneous recalls, that include the Toyota Avensis and Lexus IS 250, after concerns over fuel systems, which, if combined, amount to the biggest Toyota recall for six years. Japan's transport ministry stated it was possible for slight cracks to appear in fuel pipes in Avensis models, which may widen if the cars continue to be used. In the United Kingdom, Toyota GB are offering free repairs, which are expected to take around four and a half hours each. The Lexus IS 250 is involved in a separate recall, with around 280 thousand models outside of Japan being recalled over a faulty fuel pressure sensor, which can possibly come loose, causing a fuel leak. The Managing Director of Toyota GB stated ""We are committed to putting the customer first and have a total focus on the quality of all our products. We will liaise with our customers to carry out the repair procedures as efficiently as possible, with minimal disruption"". Toyota has recalled over 16 million cars globally since late 2009.","Car manufacturer Toyota is to recall almost 1.7 million cars in two simultaneous recalls, that include the Toyota Avensis and Lexus IS 250, after concerns over fuel systems, which, if combined, amount to the biggest Toyota recall for six years. Japan's transport ministry stated it was possible for slight cracks to appear in fuel pipes in Avensis models, which may widen if the cars continue to be used.",182,68,0.37362637362637363,,False
30932,Free Software Foundation releases first draft of GPLv3,2006-01-16,Economy and business,https://en.wikinews.org/wiki/Free_Software_Foundation_releases_first_draft_of_GPLv3,"The Free Software Foundation released the first draft for the next version of the GNU General Public License at the International Public Conference for GPLv3 in Cambridge, Massachusetts, USA, today. The revisions mark the first changes to the GPL since the second version was released in 1991. According to Richard M. Stallman, the president of the Free Software Foundation, the most significant change to the license are changes to allow GPLv3 to be compatible with other popular free software licenses, notably the Apache Software License 2.0 and the Eclipse license. A second significant change, according to Stallman, is the addition of a clause prohibiting the use of GPL software for Digital rights management (DRM), ""something for which there can never be toleration."" As of noon EST today, the license is available in draft form on the Free Software Foundation's website. The conference about the license, which continues now and into Tuesday, is being held in Building 10, Room 250, on the campus of the Massachusetts Institute of Technology. Approximately 200 people attended the morning session of the conference, during which Eben Moglen gave what he called a ""quick"" 90 minute overview of the license changes. While Moglen's presentation covered a great deal of legal detail, it was not without levity. When the cell phone of Dave Turner, an FSF staff member sitting in the front row, rang during Moglen's speech, Stallman broke in, requesting of the audience, ""If you have brought in a portable tracking and surveillance device, you should turn it off,"" before making other remarks about the police. The crowd at the conference included a large number of free software celebrities, including Bruce Perens, Andrew Tridgell, and Chris diBona. According to Wikinews reporter Brandon Stafford, it seemed that IBM and Sun were the corporations with the most employees present. Representing the companies were Bob Sutor, Craig Cook, and Mark Brown from IBM and Simon Phipps and Doug Johnson from Sun.  Also in attendance were representatives from Intel, Redhat, MySQL AB, Hitachi, and Qualcomm, among others.","The Free Software Foundation released the first draft for the next version of the GNU General Public License at the International Public Conference for GPLv3 in Cambridge, Massachusetts, USA, today. According to Richard M. Stallman, the president of the Free Software Foundation, the most significant change to the license are changes to allow GPLv3 to be compatible with other popular free software licenses, notably the Apache Software License 2.0 and the Eclipse license. A second significant change, according to Stallman, is the addition of a clause prohibiting the use of GPL software for Digital rights management (DRM), ""something for which there can never be toleration."" As of noon EST today, the license is available in draft form on the Free Software Foundation's website.",337,123,0.3649851632047478,,False
23973,Apple introduces new iPod with video playback capabilities,2005-10-13,Science and technology,https://en.wikinews.org/wiki/Apple_introduces_new_iPod_with_video_playback_capabilities,"On Wednesday, Apple introduced an iPod capable of displaying video, as well as a new video section to the iTunes music store. Apple CEO Steve Jobs believes that this may have a large impact on the film industry, in a similar fashion to that of the impact on the music industry when the iPod first was released. The new iPod comes in a 30GB edition and a 60GB edition for US$299 and US$399, respectively. On the 30GB iPod, 75 hours of video at a resolution of 320x240 can be stored, and on the 60GB iPod, 150 hours can be stored. Despite these features, people claim that the screen may be too small for people to enjoy. However, iPod owners will be able to purchase an optional S-Video cable for playing video from their iPod on a television. To help complement the new video section, Apple and ABC have agreed to a deal in which episodes of television programs such as Lost and Desperate Housewives will be available the day after airing for $1.99 per episode. Other plans for the video section involve the animation company Pixar, which was founded by current Apple CEO Steve Jobs. There are also plans to distribute content from Disney, Pixar's distributor and owner of ABC. In addition, music videos will also be available at the on-line music store for $1.99 each. The video iPod was announced along with a new model of its iMac G5, which features a remote control that allows the iMac to act as a home media center as well as a normal personal computer.  To control media center capabilities, the new iMac is sold with a program called Front Row. Some customers have complained however that this iMac is missing functionality out-of-the-box that allows a user to watch TV on it. The new iMac also has an Apple iSight digital camera built-in as well as a thinner design than its predecessor.","On Wednesday, Apple introduced an iPod capable of displaying video, as well as a new video section to the iTunes music store. To help complement the new video section, Apple and ABC have agreed to a deal in which episodes of television programs such as Lost and Desperate Housewives will be available the day after airing for $1.99 per episode. Other plans for the video section involve the animation company Pixar, which was founded by current Apple CEO Steve Jobs. The video iPod was announced along with a new model of its iMac G5, which features a remote control that allows the iMac to act as a home media center as well as a normal personal computer.",320,117,0.365625,,False
115506,India's first lunar mission launched,2008-10-22,Science and technology,https://en.wikinews.org/wiki/India%27s_first_lunar_mission_launched,"India's first unmanned lunar mission was launched off of the shore of Andhra Pradesh this morning. India now joins the United States, Russia, Japan, China and the European Space Agency as the only powers that have  demonstrated their ability to launch satellites to the moon. The Chandrayaan-1 lunar probe was launched from the Satish Dhawan Space Centre at 6:22 am (00:52 UTC) in Sriharikota, which is about 88 km (55 mi) north of the southern Indian city of Chennai. The cost of this mission is estimated at 3.4 billion rupees (US$78 million). While the launch has been criticized for being a waste of Indian government funds, when the money can go towards more humanitarian causes, India is hopeful that its venture will put it into competition for commercial satellite launch services. The satellite features five components built by India's technology sector, and six components from foreign nations. The Polar Satellite Launch Vehicle (PSLV) C-11 is the rocket which will carry the Chandryaan-1 satellite probe. The probe is being sent on a two-year orbital mission around the moon for achieving substantial goals for a detailed map of the mineral resources, chemical and topographical characteristics of the moon's surface. Some of the mission will include examining the surface for sources of water, and taking comparison photos of the light side and dark sides of the surface. Both China and Japan already have satellites of their own orbiting the moon, and just last month China became the third country in the world to carry out its own independent space walks. India's previous space endeavors have mainly been related to launching weather and communications satellites.","India's first unmanned lunar mission was launched off of the shore of Andhra Pradesh this morning. India now joins the United States, Russia, Japan, China and the European Space Agency as the only powers that have  demonstrated their ability to launch satellites to the moon. Both China and Japan already have satellites of their own orbiting the moon, and just last month China became the third country in the world to carry out its own independent space walks.",271,78,0.2878228782287823,,False
7587,Wikimedia announces Yahoo! support,2005-04-08,Science and technology,https://en.wikinews.org/wiki/Wikimedia_announces_Yahoo!_support,"The Wikimedia Foundation and Yahoo! announced on Thursday they reached an agreement by which Yahoo! will provide hosting capacity to Wikimedia. Yahoo! will dedicate a significant number of servers in one of its Asian facilities for hosting Wikimedia's free content websites. Jimmy Wales, CEO of the Wikimedia Foundation, says this generous donation will be of particular benefit to the vibrant and growing community of Wikipedia users in that part of the world. The Yahoo! donation is a gesture of support for the charitable goals of the Wikimedia Foundation, and does not imply any ownership of the content. They do not expect Wikimedia to host advertisements in return for this support. As of April 7, Yahoo! will also test the integration of Wikipedia content in its French-language Yahoo! Search shortcuts, to be followed by other languages to accommodate users in Asia, Latin America, Europe, and the United States. The shortcuts will show contextually relevant abstracts of Wikipedia articles in response to user queries. Yahoo! is one of the Wikimedia Foundation's earliest corporate supporters. The relationship began last year with Yahoo!'s integration of Wikipedia into its Content Acquisition Program.","The Wikimedia Foundation and Yahoo! announced on Thursday they reached an agreement by which Yahoo! will provide hosting capacity to Wikimedia. The Yahoo! donation is a gesture of support for the charitable goals of the Wikimedia Foundation, and does not imply any ownership of the content. As of April 7, Yahoo! will also test the integration of Wikipedia content in its French-language Yahoo!",187,63,0.33689839572192515,,False
195689,Fire strikes Slovak Academy of Sciences,2010-07-17,Science and technology,https://en.wikinews.org/wiki/Fire_strikes_Slovak_Academy_of_Sciences,"The Virology Institute of the Slovak Academy of Sciences (SAS) in Bratislava was severely damaged by fire. The flames reportedly reached as high as one hundred meters. The fire most likely started from the gas tank used for oxy-fuel welding during the building's restoration process, SAS speaker Viera Rosová said. Firefighters from all Bratislava fire-stations took part in the fire-fighting operation. The situation was complicated by dense smoke, necessitating the use of gas masks. Thanks to a quick evacuation of SAS employees and construction workers, none were injured. However, some equipment of the top-level scientific facility was damaged and various research projects will be affected as well, Rosová admitted. The ""software unit containing information of incalculable value"" was rescued in time, reports say. There is no danger of toxic spills or leak of viruses. The micro-biotic organisms studied in the institute are safely stored and infected animals were not held in this building. The institute owns about two thousand animals. The virology samples will be destroyed as the coolers went out of service after the power supply was cut for security reasons during fire-fighting. The SAS vice-chairman Albert Beier estimated the value of the cooler boxes to be close to two million Euros. ""They often contain a life-long work of our researchers,"" he added.","The Virology Institute of the Slovak Academy of Sciences (SAS) in Bratislava was severely damaged by fire. The flames reportedly reached as high as one hundred meters. The fire most likely started from the gas tank used for oxy-fuel welding during the building's restoration process, SAS speaker Viera Rosová said. The micro-biotic organisms studied in the institute are safely stored and infected animals were not held in this building.",214,69,0.32242990654205606,,False
185638,SpaceX launches first Falcon 9 rocket,2010-06-04,Science and technology,https://en.wikinews.org/wiki/SpaceX_launches_first_Falcon_9_rocket,"Space Exploration Technologies, also known as SpaceX, successfully launched their Falcon 9 rocket for the first time at 1845 UTC ( 2:45 pm EDT) from Kennedy Space Center at Cape Canaveral, Florida, United States. The Falcon 9, second in the Falcon series of rockets, has a first stage that is powered by nine Merlin 1C engines, and a second stage powered by one Merlin vacuum engine. Today's inaugural launch carried the Dragon Spacecraft Qualification Unit (DSQU), a boilerplate version of the Dragon capsule. The Dragon is intended to take cargo — and possibly people — to the International Space Station through NASA's COTS program. The program is intended to help develop commercial space transportation, a goal that fits with President Obama's recent change of direction for NASA. Under President Obama's new plan, NASA would hand over the mundane task of Low Earth Orbit (LEO) launches to private companies, and instead concentrate on new technology development. However, no private firms yet have the capability to independently launch humans into space, without NASA assistance. SpaceX CEO and founder Elon Musk hopes that the Falcon 9 will eventually fill the void in human rated commercial rockets, but he also recognizes the inherent risk and danger of rocket launches. ""There's nothing more fear and anxiety-inducing than a rocket launch,"" said Musk. Not everyone agrees with President Obama and Elon Musk. Republican Senator Richard Shelby doesn't think private firms are ready for the challenge of taking humans into space, preferring that government funding be directed to NASA instead. ""Today the commercial providers that NASA has contracted with cannot even carry the trash back from the space station, much less carry humans to or from space safely,"" the Senator said. Although today's launch succeeded, Musk had said earlier neither the success nor failure of the Falcon 9 would be the ultimate arbitrator of the fate of NASA's new commercial-friendly direction. ""They sort of focus everything on us and try to create a situation where our first launch of Falcon 9 is somehow a verdict on the president's policy, which is not right,"" he said.","The program is intended to help develop commercial space transportation, a goal that fits with President Obama's recent change of direction for NASA. However, no private firms yet have the capability to independently launch humans into space, without NASA assistance. ""Today the commercial providers that NASA has contracted with cannot even carry the trash back from the space station, much less carry humans to or from space safely,"" the Senator said. Although today's launch succeeded, Musk had said earlier neither the success nor failure of the Falcon 9 would be the ultimate arbitrator of the fate of NASA's new commercial-friendly direction.",348,101,0.29022988505747127,,False
250064,Japan earthquake shifts Earth's axis 10 centimetres,2011-03-14,Science and technology,https://en.wikinews.org/wiki/Japan_earthquake_shifts_Earth%27s_axis_10_centimetres,"According to the Italian-based National Institute of Geophysics and Volcanology, the magnitude 8.9 earthquake that struck Japan on Friday caused the axis of the planet Earth to shift by approximately ten centimetres. Experts believe that ""this has [shifted] the axis of rotation of the Earth [further] than the 2004 earthquake in Sumatra."" ((fr))French language: ‍ce phénomène a exercé sur l'axe de rotation de la Terre une action plus importante que le séisme de 2004 à Sumatra According to La Nación, the impact of the Japanese earthquake caused an energy release one hundred times larger than that of the earthquake which struck Haiti in 2010. Leading the research at the National Institute of Geophysics and Volcanology, Antonio Piersanti stated that ""[o]ur estimate is not derived from direct measurements, which require much more time, but theoretical calculations."" ((es))Spanish language: ‍Nuestra estimación no se deriva de mediciones directas, que requerirán mucho más tiempo, sino de cálculos teóricos Richard Gross, of NASA's Jet Propulsion Laboratory, was responsible for discovering the extent to which the Earth's axis had been shifted by the 2010 Chile earthquake. He claimed that there ""should be no impact [from] this change in rotation on daily life."" ((es))Spanish language: ‍No debería haber ningún impacto de este cambio en la rotación sobre la vida diaria Gross explained: ""Although we have not evaluated the measurements of the Earth's rotation, my calculations indicate that the change in the distribution of land masses caused by the Japanese earthquake may have caused the Earth to rotate a little faster, shortening the length of day about 1.6 microseconds."" ((es))Spanish language: ‍Aunque todavía no hemos evaluado las mediciones de la rotación de la Tierra, mis cálculos indican que el cambio de la distribución de la masa terrestre causado por el terremoto japonés puede haber hecho que la Tierra rote un poco más rápido, acortando la duración del día unos 1,6 microsegundos He said that despite the fact that ""[t]his change in the position of the axis of rotation will cause the Earth to wobble a bit different[ly] as it rotates,"" ((es))Spanish language: ‍Este cambio en la posición del eje de rotación de la Tierra hará que se tambalee un poco diferente, ya que gira the planet's axis would not alter in space.","((fr))French language: ‍ce phénomène a exercé sur l'axe de rotation de la Terre une action plus importante que le séisme de 2004 à Sumatra According to La Nación, the impact of the Japanese earthquake caused an energy release one hundred times larger than that of the earthquake which struck Haiti in 2010. ((es))Spanish language: ‍No debería haber ningún impacto de este cambio en la rotación sobre la vida diaria Gross explained: ""Although we have not evaluated the measurements of the Earth's rotation, my calculations indicate that the change in the distribution of land masses caused by the Japanese earthquake may have caused the Earth to rotate a little faster, shortening the length of day about 1.6 microseconds."" la Tierra rote un poco más rápido, acortando la duración del día unos 1,6 microsegundos He said that despite the fact that ""[t]his change in the position of the axis of rotation will cause the Earth to wobble a bit different[ly] as it rotates,"" ((es))Spanish language: ‍Este cambio en la posición del eje de rotación de la Tierra hará que se tambalee un poco diferente, ya que gira the planet's axis would not alter in space.",374,193,0.516042780748663,Contains very long sentence,True
7679,Mozilla Foundation prepares third Firefox security update,2005-04-09,Science and technology,https://en.wikinews.org/wiki/Mozilla_Foundation_prepares_third_Firefox_security_update,"The Mozilla Foundation is in the final stages of preparing the third security update to the popular free Internet browser Firefox. This update will fix a security issue highlighted by Internet security firm Secunia which allows remote users to read the memory of a computer running earlier versions of Firefox. Information such as the websites the user has recently visited or their e-mail addresses can easily be recovered. Users can visit the Secunia website and use a test page to see if they are vulnerable and to study the kind of information that the flaw discloses. Secunia currently recommends disabling Javascript in the browser as a short-term measure against the bug. The release will also fix some bugs discovered in version 1.0.2 and a selection of other security issues. The third release, to be known as 1.0.3, comes hot on the heels of 1.0.2, released on March 23. As before, users will need to download and install the entire 4.7MB program from mozilla.org, rather than download a Microsoft-style patch. Mozilla is working on an update system that will make updating via smaller patches possible in the future. This release has had a difficult birth, with initial versions preventing many popular Extensions (user-installed sub-programs that enhance the capabilities of the browser) from operating. Mozilla developers have worked hard on the issue and are now confident that they have plugged security holes in a way which will not cause inconvenience to users.",The Mozilla Foundation is in the final stages of preparing the third security update to the popular free Internet browser Firefox. This update will fix a security issue highlighted by Internet security firm Secunia which allows remote users to read the memory of a computer running earlier versions of Firefox. Mozilla developers have worked hard on the issue and are now confident that they have plugged security holes in a way which will not cause inconvenience to users.,240,78,0.325,,False
723166,Study: Taste of beer causes chemical reward in male brain,2013-04-16,Science and technology,https://en.wikinews.org/wiki/Study:_Taste_of_beer_causes_chemical_reward_in_male_brain,"In a study published yesterday online in the journal Neuropsychopharmacology, scientists from the Indiana University School of Medicine say the taste of beer alone triggers a release of dopamine, the brain's chemical reward signal. Dopamine is a chemical released by the human body and is associated with drug- and alcohol-related use and pleasure. In men with family histories of alcoholism, the dopamine release was greater. The scientists sprayed 15 milliliters (about one tablespoon) of either beer or a sports drink into the mouths of the participants over a period of 15 minutes, scanning their brains and noting increases in dopamine levels were present. According to the scientists, 15 mL of beer does not contain enough alcohol for the alcohol to cause intoxication or any noticeable increase in blood-alcohol levels. Brain scans were accomplished with positron emission tomography, an imaging technology using radiation to obtain three-dimensional images of, in this case, the human brain. The senior author of the study, Dr. David A. Kareken, said ""We believe this is the first experiment in humans to show that the taste of an alcoholic drink alone, without any intoxicating effect from the alcohol, can elicit this dopamine activity in the brain's reward centers"". Professor of substance use, policy and practice Peter Anderson at Newcastle University in the UK said many ""sorts of cues"" can cause an urge to drink. ""This paper demonstrates that taste alone impacts on the brain functions associated with desire. This is not surprising — if taste increases desire, it has to impact on brain functions.""","In a study published yesterday online in the journal Neuropsychopharmacology, scientists from the Indiana University School of Medicine say the taste of beer alone triggers a release of dopamine, the brain's chemical reward signal. ""This paper demonstrates that taste alone impacts on the brain functions associated with desire. This is not surprising — if taste increases desire, it has to impact on brain functions.""",256,64,0.25,Summary may end with an incomplete sentence,True
108421,Technology giants battle for USB 3.0 standards,2008-06-24,Science and technology,https://en.wikinews.org/wiki/Technology_giants_battle_for_USB_3.0_standards,"Even though the USB 3.0 standard, with transmission speeds nearing 5Gbit/s (600MB/s), has not yet matured and is not expected until 2009 or 2010, technology leaders Intel, AMD, and nVidia are battling to take the lead on the USB 3.0 specifications. The USB Implementers Forum (USB-IF) was founded in 1995 by Intel, Microsoft, Hewlett-Packard, Texas Instruments, NEC, and NXP Semiconductors. These companies are also promoting the new standard of USB 3.0. But AMD, nVidia, and VIA Technologies have jointly made an attempt to develop another ""USB 3.0"" standard to compete with Intel. The opportunity arose because Intel has yet to release their standard for USB 3.0. ""If the USB 3.0 have two different standards in the future, the consumer will be the greatest loser in this 'standard' battle. As of this issue, we [the Federal Trade Commission] decided to investigate Intel on monopolizing the specification of USB 3.0 and hope this conflict can be smoothly solved."" said the Federal Trade Commission in a statement. Nick Knupffer, a spokesperson for Intel, claimed that Intel will release related technical specifications on USB 3.0 for the Information Technology industry to prevent unnecessary conflicts on standards and specifications.","Even though the USB 3.0 standard, with transmission speeds nearing 5Gbit/s (600MB/s), has not yet matured and is not expected until 2009 or 2010, technology leaders Intel, AMD, and nVidia are battling to take the lead on the USB 3.0 specifications. The opportunity arose because Intel has yet to release their standard for USB 3.0.",194,55,0.28350515463917525,,False
57107,Wikipedia founder Jimmy Wales to start wiki-based search engine,2006-12-24,Science and technology,https://en.wikinews.org/wiki/Wikipedia_founder_Jimmy_Wales_to_start_wiki-based_search_engine,"Jimmy Wales, the founder of Wikipedia, has announced that Wikia will be providing a new search engine that will be based on user input. This future search engine will differ from other search engines which use automatic indexing and ranking. It is based on the idea that because automated search engines can be manipulated, a search engine based on human judgment would be better. An initial launch is expected in early 2007. ""Google is very good at many types of search,"" notes Wales in an interview with UK newspaper The Times, ""but in many instances it produces nothing but spam and useless crap.  Try searching for the term 'Tampa hotels', for example, and you will not get any useful results."" The search engine has widely been reported as being called ""Wikiasari"", but Wales has stated this is a misconception.[1] That name refers to an old codebase for a similar, abandoned project, and according to a large notice placed on search.wikia.com, the project is not affiliated with Amazon, A9, or Wikipedia. The name ""Wikiasari"" was derived from ""wiki,"" a Hawaiian term meaning ""quick,"" referring to wiki software, and ""asari,"" which is Japanese for ""rummaging search.""","Jimmy Wales, the founder of Wikipedia, has announced that Wikia will be providing a new search engine that will be based on user input. It is based on the idea that because automated search engines can be manipulated, a search engine based on human judgment would be better. The search engine has widely been reported as being called ""Wikiasari"", but Wales has stated this is a misconception.[1]",194,67,0.34536082474226804,Summary may end with an incomplete sentence,True
10367,Endangered cow cloned in Brazil,2005-05-22,Science and technology,https://en.wikinews.org/wiki/Endangered_cow_cloned_in_Brazil,"Brazil —
The Brazilian Agricultural Research Corporation, Embrapa, which is linked to the Brazilian Ministry of Agriculture, Livestock and Supply, has created two  clones from a Junqueira cow. The Junqueira is an endangered species.  It is estimated that there are less than 100 of them on Brazilian territory. The cloned calves were created using cells from the ear of a nine year old cow. The first clone, called ""Porã"" was born on April 10, weighing 55 lbs. (25 kg), after 292 days of gestation.  ""Potira"", the second cloned calf was born, weighing 64 lbs. (29 kg), on April 24, after a 290-day gestation period. The clones are healthy, and are being monitored by Embrapa researchers. The breed Junqueira is popular for meat and milk production. In addition, they are used as work animals. The first cows were brought to Brazil by Spanish and Portuguese settlers. The breed developed inside São Paulo, during the 18th and 19th centuries. The cows' long horns are their most prominent identifying characteristic. The horns were originally used to make ""berrante"", a Brazilian instrument used by cowboys to call cattle. The Embrapa researcher, Arthur da Silva Mariante said that the research will continue and that other wild animals threatened by extinction may also be cloned. The clones are part of the doctorate thesis of Lílian Iguma, a member of the research team.","Brazil —
The Brazilian Agricultural Research Corporation, Embrapa, which is linked to the Brazilian Ministry of Agriculture, Livestock and Supply, has created two  clones from a Junqueira cow. ""Potira"", the second cloned calf was born, weighing 64 lbs. The breed Junqueira is popular for meat and milk production. The horns were originally used to make ""berrante"", a Brazilian instrument used by cowboys to call cattle. The Embrapa researcher, Arthur da Silva Mariante said that the research will continue and that other wild animals threatened by extinction may also be cloned.",226,90,0.39823008849557523,,False
129614,Foxconn employee commits suicide over missing iPhone in China,2009-07-22,Science and technology,https://en.wikinews.org/wiki/Foxconn_employee_commits_suicide_over_missing_iPhone_in_China,"Sun Danyong, a 25-year-old employee of Foxconn, jumped from the 12th floor of a residential building in Shenzhen, China and died on the spot after he lost a new sample of an iPhone mobile phone and was suspected of stealing it. Sun worked with Foxconn, which is one of the factories licensed to produce the iPhone in Guanlan, Bao'an District, Shenzhen, since he graduated from the renowned Harbin Institute of Technology last year. Sun got the iPhones and stored them on July 9. The next day, he found one of the phones missing when he handed over the products to the receivers from Apple. So Sun reported the incident to the supervisor on July 13 after he couldn't find it. Foxconn's environment and safety department made an internal investigation into the case two days later.
Before Sun committed suicide, he chatted with his former university classmates and said he suffered from an unlawful search, detention and beatings when he was investigated. At present, the department head who had allegedly mistreated Sun has been suspended from his job and is being investigated by the police.","Sun got the iPhones and stored them on July 9. At present, the department head who had allegedly mistreated Sun has been suspended from his job and is being investigated by the police.",184,33,0.1793478260869565,Very short summary,True
2854354,Simple animals could live in Martian brines: Wikinews interviews planetary scientist Vlada Stamenković,2019-01-09,Science and technology,https://en.wikinews.org/wiki/Simple_animals_could_live_in_Martian_brines:_Wikinews_interviews_planetary_scientist_Vlada_Stamenkovi%C4%87,"Planetary scientist Vlada Stamenković of the NASA Jet Propulsion Laboratory and colleagues have developed a new chemical model of how oxygen dissolves in Martian conditions, which raises the possibility of oxygen-rich brines; enough, the work suggests, to support simple animals such as sponges. The model was published in Nature on October 22. Wikinews caught up with him in an email interview to find out more about his team's research and their plans for the future. The atmosphere of Mars  is far too thin for humans to breathe or for lungs like ours to extract any oxygen at all. It has on average only around 0.6% of the pressure of Earth's atmosphere, and this is mainly carbon dioxide; only 0.145% of the thin Martian atmosphere is oxygen. The new model indicated these minute traces of oxygen should be able to enter salty seeps of water on or near the planet's surface at levels high enough to support life forms comparable to Earth's microbes, possibly even simple sponges.  Some life forms can survive without oxygen, but oxygen permits more energy-intensive metabolism. Almost all complex multicellular life on Earth depends on oxygen. ""We were absolutely flabbergasted [...] I went back to recalculate everything like five different times to make sure it's a real thing,"" Stamenković told National Geographic. ""Our work is calling for a complete revision for how we think about the potential for life on Mars, and the work oxygen can do,"" he told Scientific American, ""implying that if life ever existed on Mars it might have been breathing oxygen"". Stamenković et al cite research from 2014 showing some simple sponges can survive with only 0.002 moles of oxygen per cubic meter (0.064 mg per liter). Some microbes that need oxygen can survive with as little as a millionth of a mole per cubic meter (0.000032 mg per liter). In their model, they found there can be enough oxygen for microbes throughout Mars, and enough for simple sponges in oases near the poles. In 2014, also suggesting multicellular life could exist on Mars, de Vera et al, using the facilities at the German Aerospace Center (DLR), studied some lichens, including Pleopsidium chlorophanum, which can grow high up in Antarctic mountain ranges. They showed those lichens can also survive and even grow in Mars simulation chambers. The lichens can do this because their algal component is able to produce the oxygen needed by the fungal component. Stamenković et al's research provides a way for oxygen to get into the Martian brines without algae or photosynthesis. Stamenković et al found oxygen levels throughout Mars would be high enough for the least demanding aerobic (oxygen-using) microbes, for all the brines they considered, and all the methods of calculation. They published a detailed map[3] of the distributions of solubility for calcium perchlorates for their more optimistic calculations, which they reckoned were closer to the true case, with and without supercooling. The lowest concentrations were shown in the tropical southern uplands. Brine in regions poleward of about 67.5° to the north and about 72.5° to the south could have oxygen concentrations high enough for simple sponges. Closer to the poles, concentrations could go higher, approaching levels typical of sea water on Earth, 0.2 moles per cubic meter (6.4 mg per liter), for calcium perchlorates. On Earth, worms and clams that live in the muddy sea beds require 1 mg per liter, bottom feeders such as crabs and oysters 3 mg per liter, and spawning migratory fish 6 mg per liter, all within 0.2 moles per cubic meter, 6.4 mg per liter. Stamenković et al studied magnesium and calcium perchlorates, common on Mars. They found the highest oxygen concentrations occur when the water is colder, which happens most in polar regions. Stamenković et al's paper is theoretical and is based on a simplified general circulation model of the Mars atmosphere — it ignores distinctions of seasons and the day / night cycle. Stamenković's team combined it with a chemical model of how oxygen would dissolve in the brines and used this to predict oxygen levels in such brines at various locations on Mars. When asked about plans for a future model that might include seasonal timescales, Stamenković told Wikinews, ""Yes, we are now exploring the kinetics part and want to see what happens on shorter timescales."" Stamenković et al's model also takes account of the tilt of the Mars axis, which varies much more than Earth's does. Wikinews asked Stamenković if he had any ideas about whether and how sponges could survive through times when the tilt was higher and less oxygen would be available: Wikinews also asked Stamenković how their research is linked to the recent discovery of possible large subglacial lake below the Martian South Pole found through radar mapping.","The new model indicated these minute traces of oxygen should be able to enter salty seeps of water on or near the planet's surface at levels high enough to support life forms comparable to Earth's microbes, possibly even simple sponges. Stamenković et al cite research from 2014 showing some simple sponges can survive with only 0.002 moles of oxygen per cubic meter (0.064 mg per liter). In their model, they found there can be enough oxygen for microbes throughout Mars, and enough for simple sponges in oases near the poles. Stamenković et al's research provides a way for oxygen to get into the Martian brines without algae or photosynthesis. Stamenković et al found oxygen levels throughout Mars would be high enough for the least demanding aerobic (oxygen-using) microbes, for all the brines they considered, and all the methods of calculation. Closer to the poles, concentrations could go higher, approaching levels typical of sea water on Earth, 0.2 moles per cubic meter (6.4 mg per liter), for calcium perchlorates. Stamenković et al studied magnesium and calcium perchlorates, common on Mars. Stamenković's team combined it with a chemical model of how oxygen would dissolve in the brines and used this to predict oxygen levels in such brines at various locations on Mars. Stamenković et al's model also takes account of the tilt of the Mars axis, which varies much more than Earth's does.",794,231,0.29093198992443325,,False
6645,"Magnitude 8.7 earthquake hits Northern Sumatra, Indonesia",2005-03-28,Science and technology,"https://en.wikinews.org/wiki/Magnitude_8.7_earthquake_hits_Northern_Sumatra,_Indonesia","A magnitude 8.7 earthquake has been reported in northern Sumatra, Indonesia by the U.S. Geological Survey (originally an 8.2 magnitude at 2:37 ET (7:37 GMT) the USGS reclassified it to an 8.7 magnitude). 
Government spokesman Agus Mendrova reported more than 290 deaths on the island of Nias. Hundreds of others were reported trapped in collapsed buildings, including structures weakened by the December 26th earthquake. A destructive wave was intially feared and many nations issued tsunami warnings. After the quake a USGS instrument near the Cocos Islands recorded a tsunami type wave which the USGS classified as ""small."" Tsunami warnings were later withdrawn. The quake occurred at 11:09 ET (16:09 GMT), and is considered a ""great"" earthquake, the largest of seven grades. This earthquake is also classified as a ""shallow"" earthquake, occurring within the top 50 kilometres of the Earth's crust. Shallow earthquakes are more likely to cause a tsunami, because as the lower within the surface the earthquake occurs, the less warping of the ocean floor occurs.  This earthquake was a thrust quake; the December 26th Indian Ocean quake was considered a megathrust quake. The U.S. Geological Survey originally estimated the magnitude at 8.2, but Japan's Meteorological Agency measured the quake at magnitude 8.5 and the U.S. Geological Survey later raised its estimate to 8.7.  In comparison, last December's earthquake was measured at 8.1 initially by the USGS, before finally being placed within the 9.1 to 9.3 range by scientists in February 2005. At 16:29 UTC, an informational Tsunami Bulletin Number 001 was released by the Pacific Tsunami Warning Center, stating that there is no threat to Pacific coastlines, but warning of the possibility of destructive tsunamis on waters near the earthquake's origin. There have been numerous reports of persons who have felt the earthquake fleeing their homes to higher ground, and Sri Lanka was under an evacuation order. Residents of Banda Aceh, Indonesia, one of the cities most devastated by the December tsunami, also fled. Since the December 26th earthquake relatively minor tremors have been common however this was reported to be more intense and long-lasting than any aftershock. Thailand, which was criticized for its failure to alert citizens to tsunami dangers after last December's earthquake, warned about the possibility that a tsunami might hit that nation's southern provinces.","A magnitude 8.7 earthquake has been reported in northern Sumatra, Indonesia by the U.S. Geological Survey (originally an 8.2 magnitude at 2:37 ET (7:37 GMT) the USGS reclassified it to an 8.7 magnitude). Hundreds of others were reported trapped in collapsed buildings, including structures weakened by the December 26th earthquake. After the quake a USGS instrument near the Cocos Islands recorded a tsunami type wave which the USGS classified as ""small."" This earthquake was a thrust quake; the December 26th Indian Ocean quake was considered a megathrust quake. Thailand, which was criticized for its failure to alert citizens to tsunami dangers after last December's earthquake, warned about the possibility that a tsunami might hit that nation's southern provinces.",380,118,0.3105263157894737,,False
142516,NASA completes successful test flight of new Ares IX rocket,2009-10-29,Science and technology,https://en.wikinews.org/wiki/NASA_completes_successful_test_flight_of_new_Ares_IX_rocket,"NASA completed the first successful space flight of the new Ares I-X rocket yesterday. After delaying the launch 24 hours because of poor weather, Ares lifted off at 11:30 (EDT) in the morning from Kennedy Space Center in Florida. The 327-foot tall Ares I-X test vehicle produced 2.6 million pounds of thrust to accelerate the rocket to nearly 3 g's and Mach 4.76 — just shy of hypersonic speed. It capped its easterly flight at a sub-orbital altitude of 150,000 feet after the separation of its first stage, a four-segment solid rocket booster. After reaching an altitude of about 40 km, the first stage separates from the launch vehicle. The second stage was very brief, reaching around 46,000 metres, before an uncontrolled descent. The Orion capsule model should splash down approximately 230 nautical miles from the launch site. The first stage booster from the test descended for recovery using a parachute braking system. ""This is a huge step forward for NASA's exploration goals. Ares I-X provides NASA with an enormous amount of data that will be used to improve the design and safety of the next generation of American spaceflight vehicles — vehicles that could again take humans beyond low Earth orbit,"" said Doug Cooke, associate administrator for the Exploration Systems Mission Directorate at NASA Headquarters in Washington, D.C.. The Ares I is a new rocket developed under the Constellation program, part of the Vision for Space Exploration announced in 2004 by then-president George W. Bush. Derived from a booster used on the current United States Space Shuttle, it should help to lift the Orion spacecraft carrying people and supplies for the International Space Station (ISS). The rocket with Orion is also planned to lift the crew to Altair lunar landing module, which will be lifted into orbit using the Ares V heavy-lift rocket.","NASA completed the first successful space flight of the new Ares I-X rocket yesterday. It capped its easterly flight at a sub-orbital altitude of 150,000 feet after the separation of its first stage, a four-segment solid rocket booster. After reaching an altitude of about 40 km, the first stage separates from the launch vehicle. The rocket with Orion is also planned to lift the crew to Altair lunar landing module, which will be lifted into orbit using the Ares V heavy-lift rocket.",304,82,0.26973684210526316,,False
143973,German football goalkeeper Robert Enke is dead,2009-11-11,Sports,https://en.wikinews.org/wiki/German_football_goalkeeper_Robert_Enke_is_dead,"According to the Hannover Police Department, German international football goalkeeper Robert Enke died in the early evening yesterday. Enke had been crossing a railway at Neustadt-Eilvese and was killed by a train. Initial police investigations indicate suicide. The death of the 32-year-old soccer player from Hannover 96 has shocked the football world. Enke's daughter died in 2006 when she just two years old. There is speculation that personal problems led to Enke's suicide. Enke started his career in Jena and first represented his country in 1998 whilst playing for Borussia Mönchengladbach. He won eight full international caps for the German national team since 2007 and was part of the squad which finished as runners-up in UEFA Euro 2008. He was widely considered to be a strong contender for the number one spot at the 2010 World Cup.","According to the Hannover Police Department, German international football goalkeeper Robert Enke died in the early evening yesterday. Enke's daughter died in 2006 when she just two years old. There is speculation that personal problems led to Enke's suicide.",137,39,0.2846715328467153,Very short summary,True
74157,Tour de France: Filippo Pozzato wins stage 5,2007-07-12,Sports,https://en.wikinews.org/wiki/Tour_de_France:_Filippo_Pozzato_wins_stage_5,"Italian rider Filippo Pozzato has won stage 5. Fabian Cancellara of Switzerland kept the overall lead, again. The 182.5 km fifth stage from Chablis to Autun featured eight climbs, including one Category 2 climb. Many of the sprinters lost contact with the peleton, but all of the major contenders finished together, apart from Alexandre Vinokourov. Vinokourov crashed before the final climb, and ended up losing more than a minute to the rest of the field. A tailbone injury may force Andreas Klöden, who is second in the overall standings, to withdraw from the Tour. Teammates Vinokourov and Klöden were both taken to the hospital.","Vinokourov crashed before the final climb, and ended up losing more than a minute to the rest of the field. Teammates Vinokourov and Klöden were both taken to the hospital.",104,30,0.28846153846153844,Very short summary,True
46689,Jenson Button wins 2006 Hungarian Grand Prix,2006-08-06,Sports,https://en.wikinews.org/wiki/Jenson_Button_wins_2006_Hungarian_Grand_Prix,"A rainy weekend turned out to be a great show for the spectators of the 13th round of the FIA Formula-1 championship.  The Hungarian Grand Prix held on Hungaroring, Budapest provided an entertaining race with a few upsets. An absolutely unlucky race for the Renault and Ferrari teams, only Felipe Massa finished at the tail of the peleton. Giancarlo Fisichella lost control of his car and ended the race very soon after the start. His teammate Fernando Alonso was in the lead for most of the race, but ended it right after his pit-stop, probably because a badly tucked right front wheel. Michael Schumacher ended his race not long after Alonso,  because of the suspension damage in the numerous battles during the race. Thus, the victory suddenly came to the hands of Jenson Button, Honda driver. Tough luck for Kimi Raikkonen, who collided with Vitantonio Liuzzi and was replaced by his teammate Pedro De La Rosa in second place. And a very good race for Nick Heifeld, the BMW-Sauber team's driver finished third. The race probably disproved the popular statement that ""the problem of Formula-1 races is no overtaking"", saying that it's not completely true","His teammate Fernando Alonso was in the lead for most of the race, but ended it right after his pit-stop, probably because a badly tucked right front wheel. Michael Schumacher ended his race not long after Alonso,  because of the suspension damage in the numerous battles during the race. And a very good race for Nick Heifeld, the BMW-Sauber team's driver finished third.",195,63,0.3230769230769231,,False
98466,New York Giants upset New England Patriots' quest for perfect season,2008-02-04,Sports,https://en.wikinews.org/wiki/New_York_Giants_upset_New_England_Patriots%27_quest_for_perfect_season,"The New York Giants defeated the New England Patriots 17-14 to win Super Bowl XLII at University of Phoenix Stadium in Glendale, Arizona, Sunday night. A touchdown by the New York Giants in the last seconds of the very tight game disrupted the New England Patriots' quest for a perfect, undefeated season. The Patriots attained the lead early in the second quarter, and regained it with 2:42 left in the 4th quarter, losing it only when the game-winning touchdown was scored by Plaxico Burress with 35 seconds left to play. ""The drive at the end there were so many clutch plays by so many guys. It is an unbelievable game and an unbelievable feeling,"" said Giants quarterback Eli Manning. The first quarter started off with a 16 play drive by the Giants which took up nearly 10 minutes and ended in a field goal. Three seconds into the second quarter, the Patriots answered back with a 1 yard run from Laurence Maroney after a pass interference call. The third quarter of the game was scoreless. With 11:05 remaining in the fourth quarter, Eli Manning threw a five yard pass to David Tyree, making the score 10-7. The Patriots then made the score 14-10 on a seven yard pass from Tom Brady to Randy Moss. The next drive for the Giants proved to be the winning one, with Tyree catching a pass that led the team to the Patriots' 24 yard line; Plaxico Burress' following touchdown reception was enough to regain the lead and win the game. Eli Manning was named the Super Bowl Most Valuable Player and was awarded the Pete Rozell Trophy. ""This is the greatest feeling in professional sports. For us to come out and win a world championship tonight -- nobody gave us a shot,"" said Plaxico Burress.","The Patriots attained the lead early in the second quarter, and regained it with 2:42 left in the 4th quarter, losing it only when the game-winning touchdown was scored by Plaxico Burress with 35 seconds left to play. It is an unbelievable game and an unbelievable feeling,"" said Giants quarterback Eli Manning. With 11:05 remaining in the fourth quarter, Eli Manning threw a five yard pass to David Tyree, making the score 10-7. The next drive for the Giants proved to be the winning one, with Tyree catching a pass that led the team to the Patriots' 24 yard line; Plaxico Burress' following touchdown reception was enough to regain the lead and win the game.",301,115,0.38205980066445183,,False
104827,Wikinews interviews Mr. Orange of IWL in Taiwan about wrestling,2008-04-29,Sports,https://en.wikinews.org/wiki/Wikinews_interviews_Mr._Orange_of_IWL_in_Taiwan_about_wrestling,"Pro-wrestling, a sport derived from Greco-Roman freestyle wrestling, is often connected with the idea of sports-entertainment. Popularized by  Japanese and American federations (e.g. World Wrestling Entertainment, New Japan Pro Wrestling, etc.) the ongoing events and news are often discussed on the Internet. As such, television programs and other mass media focused on pro-wrestling are commonplace in Japan, America, and Europe. In Taiwan, fans do not simply watch the TV shows and discuss them via the Internet, but some of them participate in the sport of wrestling through communities from the Internet or colleges. Although a Taiwanese wrestler recently won a world-class pro-wrestling title, due to policies that focused only on promoting key athletic sports like baseball, billiards, basketball, and taekwondo (i.e. those with more possibilities to win a gold medal in the Asian Games or Olympics), governmental officials lost a great opportunity to promote sports like wrestling, which has many potential participants. What's the vision of wrestling in Taiwan? How did the communities drive TV spectators and wrestling fans and government officials pay more attention in wrestling? Is wrestling a future key sport in Taiwan? Wikinews Journalist Rico Shen visited the ""2008 IWL Spring Festival"", organised by a fan community and interviewed ""Mr. Orange"", well-known commentator of WWE TV shows broadcasted by VideoLand Max TV in Taiwan, to prospect the future of wrestling. ((Opening)) Hello, everyone! In my side is ""Mr. Orange"", WWE TV show commentator of VideoLand Max TV in Taiwan, I will do a special interview for topics related to wrestling, and he will do an overview of wrestling in Taiwan with his experiences. ((WN)) Glad to see an unofficial wrestling match in the Taipei City Mall. How did you involve in wrestling initially? Mr. Orange: Since I'm in a childhood, I often watch (wrestling) shows with my neighborhood to a period when going to kindergarten. And then, I progressively understood the meaning of wrestling and finally involved in it. ((WN)) In what region of a wrestling match did you watch at first? Orange: Europe and America. Matches in there are often packaged and refined excellently such as theme music, introduction, momentum of wrestlers better then matches in Japan, which just contained traditional rules. ((WN)) On the other way of wrestling in Taiwan, what are the opportunities, possibilities, and threats? Orange: It was considered as a bad sport and not well-known in public opinion in Taiwan. As of some unofficial communities like us, we held periodical friendship matches to help the public correct their biased and wrong view of wrestling, especially the quote: ""Wrestling played reality not just a fight, scuffle, or violent sport."" Because we [the wrestlers] were fully prepared in several professional trainings, we did wrestling without just acting and dishonesty although we player for spectators. For example, as of a famous sport from Korea - taekwondo, it fought without killing the other one but just to did enough with their best. ""Since I entered into the ring, I should do my best in a match to respond expectations from spectators rather than its results."" That's a theory gained from a stable law of an action movie, its content besides of starting and ending should be rich and not to be hollowed. ((WN)) In what opportunities did you become a commentator from a wrestling fan? Orange: Generally, I'm not a notable person, I just use the media as a promotion tool because we [the public] can't look down the strengths and impacts of public opinions and mass media. At that time, due to some coordination on behalf of broadcasting rights of TV programs, and many serious piracy and copyright issues in Taiwan, furthermore, pirates often used discussion boards to promote piracy. Those badly harmed several companies who do an agent of genuine copies. And accidentally, after a TV broadcaster grasped its opportunities on wrestling TV programs, I finally joined their production for commentary and planning of wrestling programs until now. ((WN)) Undergoing with trendy changes of wrestling? Orange: I met those opportunities coincidentally because when no one want to do it, and senior elites from media industry may not spare time to do production. I felt luckily on those undergoing experiences. ((WN)) Before (its) production, what's your opinion on similar programs especially in Chinese-language? Orange: It's difficult or impossible for a broadcaster to produce their own and significant program because the public opinion have their wrong bias on wrestling. If the bias can be corrected, I think the public will not consider it as just a ""fighting"" or a ""violent"" sport, or to say: ""What are they doing?"" I chose the series programs of World Wrestling Entertainment because of its packages rather than a fistfight match which contained several complex rules like points or fouls, or just results rather than its content. Generally, if a significant program can be promoted, I think several wrong bias of wrestling should be corrected. ((WN)) Generally OK. In your opinion, which pro-wrestling match do you recommend? Orange: There were several feature or significant matches in their own years. But I recommended two classic matches like NWA Championship in 1989 - ""Ric Flair vs Ricky Steamboat"", and a Steel Cage Match in 1981 - ""Ric Flair vs Jimmy 'Super Fly' Snuka"". ((WN)) Back to the topic of wrestling in Taiwan, besides of media, which tool will you use to promote it? Orange: The Internet - another media, a better way differ than mass media. By the way, by holding periodical friendship matches, it will work more effective. And of course, we [the IWL] hope the (friendship) matches can be held not only in Taipei but also in several divisions in Central or Southern Taiwan to correct conceptions on wrestling in a simple but relaxed match style. ((WN)) If promoted via a portal of ""citizen journalism""? Briefly, ""citizen journalism"" is a commentary, introduction, or a coverage with what incidents he or she witnessed or experienced differ than mass media. Orange: Really, that's a very better way to promote it because when connecting the Internet, the public frequently read topics related to current events like politics, society, and entertainment, focused by mass media and differ than what the common people need to know like some incidents just happened in their peripheral areas. ((WN)) Finally, do you have any expectation on wrestling in Taiwan. Orange: We [the wrestlers and wrestling fans] hope the common bias of ""violence"" can be properly corrected. After all, a pro-wrestling match is always ruled by its own policy, every wrestlers should undergo several strict trainings. As of IWL in Taiwan, we restrict our participants by a strict policy, and don't welcome athletes without any wrestling basis to join our community and fight in a ring because wrestling is like a gamble in consequence. Furthermore, parents should persuade their children not to imitate any wrestling moves at home. Like a submission, if not knowing its principle, a damage will be caused in one's body. Roughly to say, DON'T TRY THIS AT HOME. ((WN)) OK, many thanks for this interview, ""Mr. Orange"".","As such, television programs and other mass media focused on pro-wrestling are commonplace in Japan, America, and Europe. In Taiwan, fans do not simply watch the TV shows and discuss them via the Internet, but some of them participate in the sport of wrestling through communities from the Internet or colleges. What's the vision of wrestling in Taiwan? How did the communities drive TV spectators and wrestling fans and government officials pay more attention in wrestling? Is wrestling a future key sport in Taiwan? In my side is ""Mr. Orange"", WWE TV show commentator of VideoLand Max TV in Taiwan, I will do a special interview for topics related to wrestling, and he will do an overview of wrestling in Taiwan with his experiences. In what region of a wrestling match did you watch at first? Orange: On the other way of wrestling in Taiwan, what are the opportunities, possibilities, and threats? Orange: As of some unofficial communities like us, we held periodical friendship matches to help the public correct their biased and wrong view of wrestling, especially the quote: ""Wrestling played reality not just a fight, scuffle, or violent sport."" In what opportunities did you become a commentator from a wrestling fan? Orange: And accidentally, after a TV broadcaster grasped its opportunities on wrestling TV programs, I finally joined their production for commentary and planning of wrestling programs until now. Orange: Orange: Generally, if a significant program can be promoted, I think several wrong bias of wrestling should be corrected. In your opinion, which pro-wrestling match do you recommend? Back to the topic of wrestling in Taiwan, besides of media, which tool will you use to promote it? Orange: Orange: Finally, do you have any expectation on wrestling in Taiwan. Orange: We",1171,293,0.2502134927412468,Summary may end with an incomplete sentence; Repeated sentence detected,True
1968775,Scottish footballer Dave Mackay dies aged 80,2015-03-05,Sports,https://en.wikinews.org/wiki/Scottish_footballer_Dave_Mackay_dies_aged_80,"Scottish footballer Dave Mackay died in an English hospital on Monday. He was 80. ""Dave was one of the most influential players of his era[...] a superb player who possessed all the technique, passing ability and talent to be the complete footballer"", said Tottenham Hotspur, an English team Mackay played for in the late fifties and early sixties. Mackay's career took him to England after competitive success at Scottish team Hearts, where he was captain. With Hearts he won the Scottish Cup and twice won the Scottish League Cup. He won three FA Cups, one being a 'Double' won in the same year as the English league, with Tottenham Hotspur. He also appeared 22 times playing for the Scottish national side. In the early seventies Mackay turned his attention to managing, taking the top job at various English and Middle Eastern sides. Derby County won the league under him in 1975. Mackay's management career continued until 1995. He has held the title Footballer of the Year in both Scotland and England. Late Manchester United player George Best has previously called Mackay the ""hardest man I have ever played against"". A minute's applause is planned as tribute when Scotland takes on Northern Ireland at home  on March 25.","Scottish footballer Dave Mackay died in an English hospital on Monday. Mackay's career took him to England after competitive success at Scottish team Hearts, where he was captain. With Hearts he won the Scottish Cup and twice won the Scottish League Cup. He won three FA Cups, one being a 'Double' won in the same year as the English league, with Tottenham Hotspur.",207,63,0.30434782608695654,,False
245885,2011 Cricket World Cup: India vs Bangladesh,2011-02-21,Sports,https://en.wikinews.org/wiki/2011_Cricket_World_Cup:_India_vs_Bangladesh,"India won the first match of the 2011 Cricket World Cup against Bangladesh by 87 runs on February 19. The Group B match was played at the Shere Bangla National Stadium in Mirpur, Bangladesh. Bangladesh won the toss and chose to bowl first. In the Indian innings, Virender Sehwag scored the highest total, 175 runs off 140 balls, his highest one-day international score and Virat Kolhi played his debut World Cup match and scored a century, while remaining unbeaten on 100. The first referral of the World Cup came after the 4th ball of the 2nd innings was bowled. India's Shanthakumaran Sreesanth had bowled a yorker and the umpire declared it not out. Dhoni referred it to the TV umpire and a replay showed it might have missed the leg stump, so the original decision was upheld. The match marked the debut of the controversial umpire referral system in World Cup cricket. Fall of wickets: 1-69 (Tendulkar, 10.5 ov), 2-152 (Gambhir, 23.2 ov), 3-355 (Sehwag, 47.3 ov), 4-370 (Pathan, 49.6 ov) Fall of wickets: 1-56 (Imrul Kayes, 6.5 ov), 2-129 (Junaid Siddique, 23.1 ov), 3-188 (Tamim Iqbal, 32.1 ov), 4-234 (Shakib Al Hasan, 39.4 ov), 5-248 (Mushfiqur Rahim, 42.3 ov), 6-261 (Mahmudullah, 44.3 ov), 7-275 (Naeem Islam, 46.3 ov), 8-279 (Abdur Razzak, 47.6 ov), 9-280 (Shafiul Islam, 48.3 ov) Player of the match: Virender Sehwag Umpires: Steve Davis (Aus), Kumar Dharmasena (Sri)
TV umpire: Billy Doctrove (West Indies)
Match referee: Ranjan Madugalle (Sri)
Reserve umpire: Asad Rauf (Pak)",India won the first match of the 2011 Cricket World Cup against Bangladesh by 87 runs on February 19. The first referral of the World Cup came after the 4th ball of the 2nd innings was bowled. The match marked the debut of the controversial umpire referral system in World Cup cricket.,248,52,0.20967741935483872,,False
26635,Peter Forsberg scores two in win over the Boston Bruins,2005-11-25,Sports,https://en.wikinews.org/wiki/Peter_Forsberg_scores_two_in_win_over_the_Boston_Bruins,"In Friday's National Hockey League contest between the Philadelphia Flyers and the Boston Bruins at the TD Banknorth Garden in Boston, Massachusetts. Peter Forsberg almost netted his first ""hat trick"" in a Flyers uniform.  At one point during the game, he had been given credit for three goals, however an official review took his first goal away, and officially he scored his eighth goal of the season at 13:06 in the second period with assists from Simon Gagne and former Hartford Whaler Sami Kapanen. To date, there have been 24 hat tricks (3 or more goals in one game) in this NHL season. Forsberg, a 32 year old native of Sweden, recently joined the Flyers for the 2005-2006 season after spending the NHL lockout season with Modo, Sweden. The Flyers ended up winning the game 5-3, adding yet another loss to an already disappointing Bruins season.","To date, there have been 24 hat tricks (3 or more goals in one game) in this NHL season. The Flyers ended up winning the game 5-3, adding yet another loss to an already disappointing Bruins season.",146,37,0.2534246575342466,Very short summary,True
42751,"Germany wins, 4-2 over Costa Rica in first World Cup match",2006-06-09,Sports,"https://en.wikinews.org/wiki/Germany_wins,_4-2_over_Costa_Rica_in_first_World_Cup_match","The 2006 soccer World Cup kicked off in the Allianz Arena in Munich, Friday, with hosts Germany cruising to a 4-2 win over Costa Rica. The first match of Group A, which was full of attacking football, was a goal-fest for Jürgen Klinsmann's side, whose Miroslav Klose notched up a brace. The highlight of the match went to German midfielder Torsten Frings for a 30-yard shot that sent the new tournament football swerving viciously past a hapless Costa Rican keeper. The match had started brightly for the side, missing captain Michael Ballack, when on 6 minutes left-back Philipp Lahm curled in from the top-left of the penalty area. But the joy the home crowd had after the spectacular start was punctured 6 minutes later by Paulo Wanchope. The Costa Rican striker broke through a static German defence to pass the ball neatly by Jens Lehmann. Klose, who had 7 goals for the team in the 2002 Korea/Japan World Cup, tapped in a second to again give the German side the lead with a quarter of an hour gone. During the game possession of the ball was dominated by the hosts who, while looking vulnerable on the break, looked like scoring whenever they went forward. They scored a third, Klose's second, on 61 minutes, when the striker was first to react to a rebound from his own header, which had been saved by Jose Porras. Wanchope kept the home team on their toes breaking the German defence for a second time but any chance of the Central American team pulling off a shock was ended when Frings' bullet hit the back off the net. The game was played in spirit, the only yellow card going to Costa Rica's Daniel Fonseca for a first-half challenge. Group A Attendance: 64,950 Referee: Horacio Marcelo Elizondo (Argentina).","The highlight of the match went to German midfielder Torsten Frings for a 30-yard shot that sent the new tournament football swerving viciously past a hapless Costa Rican keeper. The Costa Rican striker broke through a static German defence to pass the ball neatly by Jens Lehmann. Klose, who had 7 goals for the team in the 2002 Korea/Japan World Cup, tapped in a second to again give the German side the lead with a quarter of an hour gone. Wanchope kept the home team on their toes breaking the German defence for a second time but any chance of the Central American team pulling off a shock was ended when Frings' bullet hit the back off the net.",302,119,0.39403973509933776,,False
45245,"Juventus, Lazio and Fiorentina relegated from Italy's Serie A",2006-07-14,Sports,"https://en.wikinews.org/wiki/Juventus,_Lazio_and_Fiorentina_relegated_from_Italy%27s_Serie_A","Italian soccer giants Juventus, Lazio and Fiorentina have all been relegated from Serie A today as the result of the massive Italian football match-fixing scandal, while AC Milan have avoided relegation. The news came after revelations that Juventus general manager, Luciano Moggi, had telephone conversations with several important figures in Italian football, including Marcello Lippi, the head coach of the Italian national team, during the 2004-05 season which revealed illegal match-fixing, gambling and falsifying financial accounts. The teams were accused of rigging matches by selecting referees, while players, including Italy's World Cup-winning goalkeeper Gianluigi Buffon, have also been charged of illegally gambling on matches. The results were published at around 20:00 local time on July 14, 2006 and shown live on Italian television. The FIGC (Italian Football Federation) had originally called for all four clubs involved, AC Milan, Juventus, Lazio and Fiorentina to be thrown out of Serie A, with Juventus demoted two divisions into Serie C1. Juventus suffered the biggest punishment. They were demoted into Italy's second division, Serie B and will start the 2006-07 season with a thirty-point deduction. They were also stripped of their league titles, or ""Scudettos"", they had won in 2004-05 and 2005-06. President Giovanni Cobolli Gigli stated: ""This verdict is unheard of. We could have expected relegation to the second division but to be also handed a 30-point deduction is almost like relegation to the third division."" Fiorentina have also been relegated to Serie B, and will have twelve-point deduction. Lazio will join Juventus and Fiorentina in Serie B next season and will have a seven-point deduction. AC Milan have avoided relegation but will start next season with minus fifteen points. They have also had 44 points deducted from their total in the 2005-06 season to put them out of the Champions League and UEFA Cup qualification places. Several officials, but no players, from each club has also been suspended from football, including now ex-general manager Luciano Moggi and ex-chief executive Antonio Giraudo, both of Juventus, who have been banned for five years. The other three clubs have also had board members suspended for between one and four years. All four sides have been barred from playing in European competitions next season and will have up to three days to appeal. UEFA have given the FIGC a deadline of 25 July to finalise their European qualifying teams The results of the match-fixing trial could have huge consequences on football in the whole of Europe, let alone Italy. Thirteen of Italy's squad which had won the World Cup less than a week before play their club football for one of the accused teams and the rulings could spark a massive sell-out. 12 Juventus players went to the World Cup, including five for Italy. AC Milan also had thirteen players at the World Cup. The suspensions mean that a total rehaul of Italy's European qualifiers has been made. Internazionale and Roma will qualify for the Champions League Group Stages, with Palermo and Chievo going into the Third Qualifying Round. Livorno, Empoli and Parma will all qualify for the UEFA Cup first round. The original relegated trio of Messina, Lecce and Treviso have all been reprieved and will play in Serie A next season as another consequence of the scandal.","Italian soccer giants Juventus, Lazio and Fiorentina have all been relegated from Serie A today as the result of the massive Italian football match-fixing scandal, while AC Milan have avoided relegation. The FIGC (Italian Football Federation) had originally called for all four clubs involved, AC Milan, Juventus, Lazio and Fiorentina to be thrown out of Serie A, with Juventus demoted two divisions into Serie C1. They were demoted into Italy's second division, Serie B and will start the 2006-07 season with a thirty-point deduction. Fiorentina have also been relegated to Serie B, and will have twelve-point deduction. Lazio will join Juventus and Fiorentina in Serie B next season and will have a seven-point deduction. They have also had 44 points deducted from their total in the 2005-06 season to put them out of the Champions League and UEFA Cup qualification places. 12 Juventus players went to the World Cup, including five for Italy. AC Milan also had thirteen players at the World Cup.",543,163,0.3001841620626151,,False
2845310,Spanish Football Federation sacks Lopetegui as team's head coach one day before FIFA World Cup,2018-06-13,Sports,https://en.wikinews.org/wiki/Spanish_Football_Federation_sacks_Lopetegui_as_team%27s_head_coach_one_day_before_FIFA_World_Cup,"Today, the Real Federación Española de Fútbol (Royal Spanish Football Federation; RFEF) announced sacking Julen Lopetegui as the manager of Spanish men's national football team. This announcement came just a day after Spanish capital-football club Real Madrid announced reaching an agreement with Lopetegui as club's new head coach after the World Cup ends. This year's FIFA World Cup is to begin from tomorrow. Yesterday, via their official website, Real Madrid announced Lopetegui to coach the first team for the next three seasons. To manage the national team, Lopetegui should not have a contract with any football club. Speaking at a press conference at Krasnodar, RFEF's head Luis Rubiales said, ""I found out five minutes before Real Madrid made the announcement [about Lopetegui]. I asked that nothing was to be done until the team arrives at Krasnodar. But this is not possible"" ((es))Spanish language: ‍Me enteré cinco minutos antes que el Real Madrid lo anunciara. Pedí que no se hiciera nada hasta llegar a Krasnodar. Pero no fue posible. Rubiales said, ""I do not feel betrayed. While he has been with us, Lopetegui has done an impeccable job."" ((es))Spanish language: ‍No me siento traicionado. Lopetegui, mientras ha estado con nosotros, ha hecho un trabajo impecable. Sporting director Fernando Hierro was named as the national team's new head coach. Julen Lopetegui was announced La Roja's manager on July 21, 2016. Lopetegui has been in-charge of the national team for 20 matches, winning fourteen and drawing the remaining six. Lopetegui was the manager of Spain's U-19 team from 2010 till 2012. Later, he handled sub-20 before moving to the U-21 team. He has also coached Portuguese club Porto FC. In the press conference, Rubiales said, ""Winning is very important, but there are more important things, like the way of work. So despite Lopetegui being a 'top' coach, we have been forced to make this decision"" ((es))Spanish language: ‍Ganar es muy importante, pero hay cosas más importantes aún, como las formas de trabajar. Por ello, pese a que Lopetegui es un entrenador 'top', nos hemos visto obligados a tomar esta decisión. Spain is scheduled to play their first group stage match against Portugal on Friday in Sochi. On May 22, RFEF announced Lopetegui renewing his contract, extending it to 2020.","Today, the Real Federación Española de Fútbol (Royal Spanish Football Federation; RFEF) announced sacking Julen Lopetegui as the manager of Spanish men's national football team. This announcement came just a day after Spanish capital-football club Real Madrid announced reaching an agreement with Lopetegui as club's new head coach after the World Cup ends. Yesterday, via their official website, Real Madrid announced Lopetegui to coach the first team for the next three seasons. To manage the national team, Lopetegui should not have a contract with any football club. Speaking at a press conference at Krasnodar, RFEF's head Luis Rubiales said, ""I found out five minutes before Real Madrid made the announcement [about Lopetegui]. Lopetegui was the manager of Spain's U-19 team from 2010 till 2012. So despite Lopetegui being a 'top' coach, we have been forced to make this decision"" ((es))Spanish language: ‍Ganar",376,142,0.3776595744680851,Summary may end with an incomplete sentence,True
203416,Two time Tour de France winner Laurent Fignon dies at age 50,2010-08-31,Sports,https://en.wikinews.org/wiki/Two_time_Tour_de_France_winner_Laurent_Fignon_dies_at_age_50,"Laurent Fignon, the two time former winner of the Tour de France, has died at the age of 50.  His death was confirmed by his wife, Valerie.  The cause of death was announced as cancer.  Fignon had been battling the disease since 2009. Fignon won the Tour de France in 1983 and 1984 but is also remembered for the 1989 race. Fignon lost out to Greg LeMond in the final time-trail stage by just eight seconds. In his career Fignon won 76 races including the La Flèche Wallonne in 1986, Milan-San Remo in both 1988 and 1989 and the Giro d'Italia in 1989. Fignon stayed in cycling even after his retirment managing races. In 2006 he joined the television station France 2 as a commentator. It was as his time with France 2 that he announced he had cancer of the digestive system. He continued to work for France 2 throughout his treatment and even commentated on the 2010 Tour de France.","Laurent Fignon, the two time former winner of the Tour de France, has died at the age of 50. Fignon won the Tour de France in 1983 and 1984 but is also remembered for the 1989 race. It was as his time with France 2 that he announced he had cancer of the digestive system.",162,55,0.3395061728395062,,False
106697,Lewis Hamilton wins 2008 Monaco Grand Prix,2008-05-28,Sports,https://en.wikinews.org/wiki/Lewis_Hamilton_wins_2008_Monaco_Grand_Prix,"Vodafone McLaren Mercedes driver Lewis Hamilton has won the FIA Formula-1 2008 Grand Prix de Monaco on the Circuit de Monaco in Monte Carlo, Monaco on May 25. It became the first time in the 23 year old Briton's career in F1. Last year, he finished in second place after his former teammate Fernando Alonso. In this race Alonso finished on a distant 10th place in his Renault car. The last British winner at Monaco was Graham Hill in 1969.  Rain over the weekend causes a wet start to the Sunday race, causing driver mistakes, however no rain fell during the race or qualifying. Robert Kubica from BMW Sauber finished behind Hamilton, after gaining 3 positions since the race start. Strategists at Ferrari underestimated the weather condition and the pace of their McLaren and BMW rivals, so Felipe Massa dropped to the third place starting from the brilliant pole. Adrian Sutil was set to win 4th place until he was hit in the rear by Kimi Räikkönen, who lost control of his car while braking at the chicane after the tunnel. Räikkönen himself dropped from 5th to 9th place and Sutil was out of the race. Sutil qualified only 19th only ahead his Force India teammate Giancarlo Fisichella. Later Sutil was warned by the race stewards that he overtook other cars (Rubens Barrichello, Kazuki Nakajima and Nelson Piquet Jr.) on lap 13 under a waived yellow flags condition, but went unpunished. Australian driver Mark Webber secured 4th for Red Bull-Renault after Sutil and Räikkönen collided. Sebastian Vettel scored his first points in 2008 season as the Toro Rosso's STR3 car debut. Rubens Barrichello made 6th for Honda. This race became the 600th race for Frank Williams as his team's young driver Kaz Nakajima scored 2 points. Heikki Kovalainen, Hamilton's teammate closed top eight with one additional point. Lewis Hamilton is now leading the Championship with 38 points, 3 ahead of Räikkönen, 4 ahead of Massa and 6 ahead of Kubica. Ferrari team still 16 points ahead of McLaren and 17 points ahead of BMW. The race finished about 43 seconds after 2 hour limit expired.","Last year, he finished in second place after his former teammate Fernando Alonso. In this race Alonso finished on a distant 10th place in his Renault car. Räikkönen himself dropped from 5th to 9th place and Sutil was out of the race. This race became the 600th race for Frank Williams as his team's young driver Kaz Nakajima scored 2 points. Lewis Hamilton is now leading the Championship with 38 points, 3 ahead of Räikkönen, 4 ahead of Massa and 6 ahead of Kubica. Ferrari team still 16 points ahead of McLaren and 17 points ahead of BMW.",355,98,0.27605633802816903,,False
191131,United States and England open World Cup with 1–1 draw,2010-06-13,Sports,https://en.wikinews.org/wiki/United_States_and_England_open_World_Cup_with_1%E2%80%931_draw,"The United States and England opened their 2010 FIFA World Cup campaigns on Saturday with a 1–1 draw in front of a crowd of over 38,000 at Royal Bafokeng Stadium in Rustenburg, South Africa. England captain Steven Gerrard put the English in front early with his goal in the fourth minute. The goal came as Gerrard was able to slip in behind the U.S. defense in the middle of the penalty box.  The United States equalized in the 40th minute off a long-distance shot by midfielder Clint Dempsey. The shot, from roughly 25 yards from goal, seemed like an easy stop until it bounced off English goalkeeper Robert Green and in for a goal. Both teams had several chances to earn the go-ahead goal in the second half, including a shot by Jozy Altidore that was deflected by Green and bounced off the goal post. A couple of saves by U.S. goalkeeper Tim Howard also played a large role in the second half. The draw means both teams earn one point from the match which temporarily placed them in first place in Group C. Both teams play their second game of the World Cup on June 18 when the United States will face Slovenia followed by England playing Algeria. Other 2010 FIFA World Cup action on Saturday saw Korean Republic get off to a strong start defeating Greece 2–0, while Argentina blanked Nigeria 1–0. On Sunday the first round of games in Group C concludes when Algeria and Slovenia face off. All four Group D teams will also be in action with Serbia taking on Ghana and Germany facing Australia.","The shot, from roughly 25 yards from goal, seemed like an easy stop until it bounced off English goalkeeper Robert Green and in for a goal. Both teams had several chances to earn the go-ahead goal in the second half, including a shot by Jozy Altidore that was deflected by Green and bounced off the goal post. The draw means both teams earn one point from the match which temporarily placed them in first place in Group C. Both teams play their second game of the World Cup on June 18 when the United States will face Slovenia followed by England playing Algeria.",270,103,0.3814814814814815,Contains very long sentence,True
8364,Armstrong announces retirement from professional cycling,2005-04-18,Sports,https://en.wikinews.org/wiki/Armstrong_announces_retirement_from_professional_cycling,"At a press conference Monday, Lance Armstrong announced his intention to retire from professional cycling after going for his 7th Tour de France title in July 2005. ""Ultimately, athletes have to retire,"" said the 33 year-old American. ""The body doesn't just keep going and going."" Speculation on the retirement of the six-time Tour de France winner had been growing in recent months. The Texan had hinted at wanting to spend more time with his children and his cancer charity, the Lance Armstrong Foundation. There was talk he may marry his well-known girlfriend, rock-star singer Sheryl Crow. Armstrong battled with testicular cancer in 1996 before coming back to win the 1999 edition of the legendary French race. He went on to win the next five Tours de France and is now widely regarded as one of the greatest riders in the history of the sport. Asked about his chances for Tour success, he expressed hope tempered with praise for his opponents. ""Can I win this year? I'm not sure, but I'll try... This will be a different year for the Tour with Jan Ullrich looking better and a host of young riders coming up,"" he said. Should Armstrong follow through with his plans, he will begin his final race in the United States tomorrow at the first stage of the Tour de Georgia. He has successfully used the springtime race in the past as a tune-up to the Tour de France in the summer. The contract with his new team sponsor, the Discovery Channel, obligates him to compete in one more Tour de France.","At a press conference Monday, Lance Armstrong announced his intention to retire from professional cycling after going for his 7th Tour de France title in July 2005. Armstrong battled with testicular cancer in 1996 before coming back to win the 1999 edition of the legendary French race. ""Can I win this year? This will be a different year for the Tour with Jan Ullrich looking better and a host of young riders coming up,"" he said.",263,76,0.2889733840304182,,False
