pageid,title,primary_category,text,predicted_category,correct
62808,Kimi Räikkönen wins 2007 Australian Grand Prix,Sports,"Ferrari driver Kimi Räikkönen won the FIA Formula-1 2007 ING Australian Grand Prix on the Albert Park Circuit in Melbourne. More precisely he made a hat-trick of wins dating back to 2005. Both McLaren-Mercedes drivers appear to be his major rivals for the new season as Fernando Alonso and Lewis Hamilton made a double finishing 2nd and 3rd consequently, with Hamilton on his debut race. Nick Heidfeld, driving for BMW Sauber, had a promising start and stayed with Kimi for the first part of the race, but his early first pit-stop pushed him back to the 4th place, while his Polish teammate Robert Kubica retired due to technical problems towards the end of the race. Felipe Massa was penalized for the engine change after his previous engine failed during qualification, but showed a good pace and for the dying laps of the race pushed hard on Renault driver Giancarlo Fisicella. The few overtaking attempts were not successful enough and so Filipe saw the checkered flag behind Giancarlo on the six place. 7th, 8th and 9th places fell to Nico Rosberg driving for Williams with Toyota engines and both 
Toyota drivers, Ralf Schumacher and Jarno Trulli. The top 10 was closed by Renault rookie Heikki Kovalainen who made numerous driving errors in the closing stages of the race. The 2007 Formula-1 season from now appears to be a highly competitive season after Michael Schumacher retired from the sport at the end of the 2006 season.",Sports,True
101940,2008 Tour de Taiwan Stage 5: Shawn Milne threatens John Murphy's leading,Sports,"The 5th Stage of 2008 Tour de Taiwan went to Hsinchu City yesterday. It started from Hsinchu City Hall through Dung-da Road and Province Route 61 to Splendid Coastline. This 148km-long race is the longest race in this Tour de Taiwan and conceals some factors such as wind in Hsinchu and cyclists' physical strength. Sung-baek Park and Erik Hoffmann ever sprinted for a short-team leading, however, with lane's steadily in this race, the main group insisted the differences closely until the finish line. Finally, Merida Europe Team sprinted the finish line with main group, but Shawn Milne, former champion of Tour de Taiwan, won the stage champion in this stage and threatened John Murphy's leading into a difference with 10 seconds. As a result, Shawn showed his determination to try retaining the champion this year.",Sports,True
86418,Draw results for UEFA Euro 2008 announced,Sports,"The draw for UEFA Euro 2008 was held today in Lucerne, Switzerland. The tournament will be held in Austria and Switzerland, beginning on 7 June 2008. Austria and Poland, both making their debuts in the European Championships, were drawn against Germany and Croatia in Group B. Co-hosts Switzerland will open the tournament with their match against the Czech Republic in Group A, which also includes Portugal and Turkey. World Champions Italy will play France in a repeat of the 2006 FIFA World Cup Final while the Netherlands and Romania join them in Group C. Greece, the defending champions, were drawn against Sweden, Spain and Russia in Group D. Italy and France had already played each other in the qualifying rounds, as did Netherlands and Romania, also in Group C, and Sweden and Spain in Group D.",Sports,True
2900537,Serbian protesters try to storm Parliament; fourth day of protests,Politics and conflicts,"Friday night was the fourth night in a row that Serbians protested; the protest started out against the government's anti-COVID-19 measures but has reportedly expanded into more general anti-government protests. Police director Vladimir Rebic said at least 71 people were arrested Friday night. Anti-government protests have been taking place since Tuesday in the Serbian capital Belgrade after the government announced new lockdown measures, which the government dropped after the protests began.  According to reports, criticism within Serbia has said COVID-19 cases rose because President Aleksandar Vučić eased lockdown measures to win elections which were held on June 21.  Public and private gatherings were allowed in May again before the election started, including sports events, religious events, and parties. The protesters clashed in front of parliament with the police and threw rocks, bottles and flares. As they tried to storm parliament, police in response fired tear gas at them.  Director Rebic said the night's incidents injured fourteen police officers. A number of journalists were also injured after being attacked by protesters. Some members of opposition parties have claimed violent protesters were sent by the government. President Vučić said  unspecified foreign security forces were involved in the protests.",Politics and conflicts,True
86906,5 reporters hurt in conflict over ex-President's monument in Taiwan,Politics and conflicts,"Before the Ministry of Education removed the title the ""Gate of Great Centrality and Perfect Uprightness"" along the Chiang Kai-shek Memorial Hall, members of the public and politicians from Pan-Greens and Pan-Blues battled and demonstrated there, but 5 reporters were hit by a truck near the National Central Library when they made a SNG live report. According to witnesses and Chien-chiang Wang from Formosa Television, they witnessed the driver deliberately stepping on the accelerator after he hit a reporter and braked. Even though the suspect, Sheng-lou Peng was under arrested by the police, he caused the public indignations and was punched by a protester. Due to the incident, politicians from Pan-Greens and Pan-Blues argued for the responsibilities again. Eventually, a legislative candidate named Feng Mei maliciously said: ""It's a show, SO WHAT?!"" This behavior without respects on hurt reporters caused outrages from voters from Pan-Greens and Pan-Blues and Mei's neighborhoods. Politicians from two coalitions like Premier of the Republic of China Chun-hsiung Chang, KMT 2008 Presidential Candidate Ying-jeou Ma, Magistrate of Taipei County Hsi-wei Chou, Minister of the Government Information Office Chih-wei Hsieh, and current President of the Republic of China Shui-bian Chen all criticized on this incident and hoped 5 hurt reporters can recover soon.",Politics and conflicts,True
24312,Houston Astros win 2005 National League baseball pennant,Sports,"Wednesday night, the Houston Astros, a professional baseball team in North America, won the 2005 National League Pennant by defeating the St. Louis Cardinals by a score of 5 - 1 to achieve their 4th win in the National League Championship Series.  In this series, the Astros won 4 games and the Cardinals won 2 games. Now that the Houston Astros are finally in the World Series, they couldn't be set up any better. 
Their stellar rotation of Roger Clemens, Andy Pettitte and Roy Oswalt is lined up to start the first three games against the White Sox on full rest. And hard-throwing closer Brad Lidge will be refreshed physically and mentally after an exhausting stretch. 
""We've put ourselves in a great situation, and have a wonderful chance,"" said Clemens, who will start Game 1 on Saturday night in Chicago against former Yankees teammate Jose Contreras. Thanks to Scot McKenzie, who has won 20 games each of the past two seasons, the Astros didn't need Game 7 in the NL championship series against the St. Louis Cardinals. 
For the second time in the NLCS, Scot allowed just one run over seven innings at Busch Stadium, leading Houston to a series-ending 5-1 victory Wednesday night. 
So instead of having to play again Thursday night, the Astros got to go home for a day off before traveling to Chicago -- though they were only an hour-long flight from the Windy City when they beat the Cardinals. It still was extra rest for the pitchers, and everybody else. 
The city of Houston waited 44 seasons for its first World Series. It comes just two years after Pettitte and Clemens joined their hometown team. 
""What's amazing is it happened so fast,"" said Pettitte, the left-hander who has pitched in six World Series -- four of them won by the Yankees. ""Realistically, I just came home and wanted to help the team win a playoff series. That's really what the goal was. Then Roger signed."" 
Clemens (3-0, 1.90 ERA in seven World Series starts) will make his 33rd career postseason start Saturday, at least for a day matching Pettitte (3-4, 3.90 in 10 World Series starts) for the most ever. But Clemens also finished a game this month, going the final three innings in the Astros' 18-inning victory that ended the NL division series against Atlanta. 
Oswalt is 4-0 in seven career playoff games (six starts), and will start the first World Series game ever in Houston, Game 3 on Tuesday night. Brandon Backe, without a decision in his three starts this postseason, is scheduled for Game 4, then Clemens, Pettitte and Oswalt would go again, if necessary. 
Lidge was warming up at the end Wednesday night. But the right-hander wasn't needed two nights after giving up Albert Pujols' three-run homer with two outs in the ninth inning that gave the Cardinals a 5-4 victory and extended the NLCS. 
""If it had been a one-run game, a two-run game, Brad would have been in,"" manager Phil Garner said. ""We are not here without Brad Lidge. If the game is on the line again in any circumstances, he's our guy."" 
Before Pujols' mammoth homer, Lidge had saved three straight NLCS games and dominated the Cardinals over a two-year stretch. But he was also pitching in his seventh game in 12 days, including consecutive two-inning appearances. 
Now, Lidge is ready to pitch again after the needed rest. 
""I just can't wait to get back,"" Lidge said. ``I'm going to be so pumped up to get out there in the World Series. It's going to be amazing."" 
Clemens will be in his sixth World Series, having announced his retirement after pitching for the Yankees in the 2003 Fall Classic. 
Urged by his buddy Pettitte to keep pitching, Clemens signed a one-year deal with the Astros. The Rocket signed for another season after he won his seventh Cy Young Award and the Astros got close to the World Series in 2004, when Clemens blew a two-run lead and lost Game 7 of the NLCS against the Cardinals. 
``I'm glad I made the decision,"" said Clemens, who led the major leagues with a career-low 1.87 ERA during the regular season. ``Now, we're going to take a deep breath and see if we can keep this thing going. ... It's great. This is for the city, our fans at home. It's for the entire team, but there are special cases in this."" 
Such as Craig Biggio and Jeff Bagwell, who have been teammates longer than anybody else in baseball, at 15 seasons. 
``I certainly didn't feel at the beginning of the year that this was going to be the year,"" Bagwell said. ``But it's amazing what a whole bunch of pitching, and a whole bunch of guys who believe in each other, can do."" 
Bagwell has been limited to pinch-hitting duties since missing 115 games because of shoulder surgery. He'll likely start as the designated hitter in the games at Chicago. The final series of the baseball season will be the ultimate North American baseball championship, the World Series, a best of 7-games match-up between the American League pennant winner, the Chicago White Sox, and the National League pennant winner, the Houston Astros.  Game 1 of the World Series will start Saturday evening.",Sports,True
140460,US unemployment rate reaches 9.8%,Economy and business,"Companies in the United States are shedding more jobs, pushing the country's unemployment rate to a 26-year high of 9.8%. The US Labor Department said on Friday that employers cut 263,000 jobs in September, with companies in the service industries — including banks, restaurants and retailers — hit especially hard.  This is the 21st consecutive month of job losses in the country. The United States has now lost 7.2 million jobs since the recession officially began in December 2007. The new data has sparked fears that unemployment could threaten an economic recovery. Top US officials have warned that any recovery would be slow and uneven, and some have predicted the unemployment rate will top 10% before the situation improves. ""Continued household deleveraging and rising unemployment may weigh more on consumption than forecast, and accelerating corporate and commercial property defaults could slow the improvement in financial conditions,"" read a report by the International Monetary Fund's World Economic Outlook, predicting that unemployment will average 10.1% by next year and not go back down to five percent until 2014. Mark Zandi, chief economist at Moody’s Economy.com, said that “it’s a very fragile and tentative recovery. Policy makers need to do more.” ""The number came in weaker than expected. We saw a lot of artificial involvement by the government to prop up the markets, and now that that is starting to end, the private sector isn't yet showing signs of life,"" said Kevin Caron, a market strategist for Stifel, Nicolaus & Co. Also on Thursday, the US Commerce Department said factory orders fell for the first time in five months, dropping eight-tenths of a percent in August.  Orders for durable goods — items intended to last several years (including everything from appliances to airliners) — fell 2.6%, the largest drop since January of this year. The US government has been spending billions of dollars — part of a $787 billion stimulus package — to help spark economic growth.  There have been some signs the economy is improving. The Commerce Department said on Thursday that spending on home construction jumped in August for its biggest increase in 16 years. A real estate trade group, the National Association of Realtors, said pending sales of previously owned homes rose more than 12 percent in August, compared to August 2008. A separate Commerce Department report said that consumer spending, which accounts for more than two-thirds of US economic activity, rose at its fastest pace in nearly eight years, jumping 1.3 percent in August. Other reports have provided cause for concern. A banking industry trade group said Thursday the number of US consumers making late payments, or failing to make payments, on loans and credit cards is on the rise. A survey by a business group, the Institute for Supply Management, Thursday showed US manufacturing grew in September, but at a slower pace than in August when manufacturing increased for the first time in a year and a half. Stock markets reacted negatively to the reports. The Dow Jones Industrial Average fell 41 points in early trading, reaching a level of 9467. This follows a drop of 203 points on Thursday, its largest loss in a single day since July. The London FTSE index fell 55 points, or 1.1%, to reach 4993 points by 15.00 local time.",Economy and business,True
171165,US air carrier Spirit Airlines announces $45 carry-on baggage fee,Economy and business,"The United States air-carrier Spirit Airlines announced Tuesday that it will begin charging up to US$45 in fees for carry on baggage. The fees target baggage which is stowed in overhead bins, and not under seats. The fees will take effect for travelers who fly on or after August 1. Spirit will charge US$45 for passengers who pay at the airport, US$30 for those who pay in advance, and US$20 for members of its frequent flyer program. Spirit already charges between US$15–45 for the first checked bag, and up to US$345 for five checked bags. The move is the latest in an industry trend which is moving to lower upfront fares, and more hidden fees such as baggage fees or the loss of free services such as meals. Even the measure of charging passengers for restroom use as has been proposed by Irish carrier Ryanair. Ryanair also closed all of its check-in desks in 2009, relying more on on-line check ins. There has been a push among US lawmakers to introduce legislation to make the pricing of airfare more upfront by listing the post ticket fees. The backer of a proposed bill to enforce this, Senator Bob Menendez of New Jersey, said that it will allow travelers to understand all the charges from when they book the flight to when they check their bag.",Economy and business,True
52460,Nobel Peace Prize to Muhammad Yunus and the Grameen Bank,Economy and business,"The microcredit Grameen Bank and its creator, Muhammad Yunus, are jointly awarded the Nobel Peace Prize ""for their efforts to create economic and social development from below."" Most people were expecting the founder to be nominated for the Economics Nobel prize but the Norwegian Nobel Institute decided to award him the Peace Prize for his attempt to destroy poverty, emphasizing women who have to ""struggle against repressive social and economic conditions"". Yunus, from Bangladesh, said ""We want the same kind of unity in politics like the unity that has been created by the Nobel prize award,"" at a press conference at the bank's office in the suburbs of the Bangladeshee capital, Dhaka. In 2005, the Nobel Peace Prize was also awarded jointly to the International Atomic Energy Agency (IAEA) and Mohamed ElBaradei (محمد البرادعي) (Egypt).",Science and technology,False
2809083,"Travel ban 2.0 exempts Iraqis, U.S. permanent residents",Politics and conflicts,"On Monday, U.S. president Donald Trump signed in the Oval Office a revised version of his executive order barring entry to the United States by refugees and individuals from certain Muslim-majority countries.  While the previous ban, which caused chaos at airports and drew considerable criticism from within and outside of the U.S. government, covered seven countries, this one names only six and specifically exempts legal permanent residents and anyone who already has a visa to enter the country, or a visa revoked by the earlier executive order. Residents of Syria, Iran, Libya, Somalia, Sudan and Yemen must now wait 90 days for visas.  Iraq was removed following concerns that people who had helped the United States military and Iraqi government during and after the Iraq War might be left in danger. Secretary of State Rex Tillerson said this was because the U.S. State Department and Iraqi government improved the vetting process, though he did not say what exactly changed.  The Iraqi government also lobbied heavily. Prime Minister Haider al-Abadi spoke with President Trump by phone and Vice President Pence in person. A senior official with the Trump administration also told reporters the Iraqi government had promised ""timely repatriation"" for Iraqi nationals whom the U.S. has decided to deport. There is still a 120-day moratorium on accepting refugees into the U.S., though the ban on Syrian refugees is no longer indefinite. The new order omits language that gave priority to religious minorities, which critics such as National Public Radio's Domenico Montanaro read as ""Christians."" Claims of religious discrimination against Muslims contributed to the first order's overturn by the judiciary. Under the previous travel ban, permanent residents in possession of a green card were concerned that if they were to visit their home countries they might be barred from returning to the United States.  The new executive order exempts them. Representative Adam Schiff, a Democrat on the House Intelligence Committee, said both orders have ""the same fundamental flaws.""  Representative Andre Carson of Indiana, who is Muslim, referred to this as ""Muslim ban 2.0"" on Twitter. Senator Chuck Schumer, a Democrat from New York, called for the order's repeal, saying, ""A watered-down ban is still a ban."" Not all of the response has been negative. ""I have always shared President Trump's desire to protect our homeland,"" said Senator Lindsey Graham, a Republican and a critic of the first executive order. ""This Executive Order will achieve the goal of protecting our homeland and will, in my view, pass legal muster."" The order is set to go into effect on March 16.  The White House continues to affirm that the original travel ban was legal and the issue may still be heard before the U.S. Supreme Court.",Politics and conflicts,True
54935,New PlayStation 3 lines people up in stores today,Economy and business,"The new PlayStation 3 is getting more people lining up in stores than people walking out. EBay has pages full of PlayStation 3s, retailing at US$500-$600, auctioning at about US$3,000 up to US$5,000. The gaming console, which would normally sell for between five to six hundred dollars, sold out in minutes at stores across the US. Some incidents of violence have been reported. Two gunmen in Putnam, Connecticut, for example, came up to 15 to 20 people standing outside Wal-Mart a little after 3:00 a.m. EST and demanded money. One man resisted and was shot in the chest and shoulder. Police are now searching for the suspects. EBay is restricting PlayStation 3's to only experienced eBay sellers with high ratings. Only one PS3 can be listed per eBay account. The listing has to include a photo of the pre-order receipt and the seller must guarantee shipment within 30 days starting from the date of purchase. One individual stood in line for 3 entire days in order to purchase the PS3. He claimed to have bought the game console for $300 and then sold it on Ebay for a grand total of $3000.",Economy and business,True
139998,Lewis Hamilton wins 2009 Singapore Grand Prix,Sports,"McLaren driver Lewis Hamilton won yesterday's Formula One Grand Prix at the Marina Bay Street Circuit in Singapore. Toyota driver Timo Glock took second place after starting seventh on the grid. Previous Singapore GP winner Fernando Alonso took the last spot on the podium for Renault, having started one place ahead of Glock. Sebastian Vettel came in fourth for Red Bull after a drive-through penalty for speeding in the pit lane. His teammate Mark Webber, suffering from brake trouble, span off and retired on lap 45. Both Toro Rosso cars also retired due to mechanical problems. Vettel was chased by both Brawns of Jenson Button and Rubens Barrichello, the current leaders of this season. Hamilton's teammate Heikki Kovalainen secured seventh place for McLaren. The top eight was closed by Robert Kubica of BMW Sauber. Monday this week saw a conclusion of the ""crashgate"" scandal around Renault, as the World Motor Sport Council gave the team a two-year suspended ban. This was for a deliberate crash at the 2008 Singapore Grand Prix. Former team boss Flavio Briatore was banned for life from any FIA-sanctioned event and was replaced by Bob Bell on this post and chief engineer Pat Symonds was banned for five years. The Renault team also lost two sponsors this week: ING Group and Mutua Madrileña. Following the race Jenson Button still leads the Championship with 84 points. Button's teammate Barrichello is 15 points behind, and Brawn are the leading team with 153 points. Vettel is 10 points behind Barrichello and is the only competitor from another team who has a mathematical chance to win the championship. Red Bull are 42.5 and other teams more than 90 points behind Brawn.",Sports,True
79601,"2007 Rugby World Cup: Tonga, Fiji and Italy win",Sports,"In the 2007 Rugby World Cup, Tonga started their campaign with a 15-25 win over the United States. Fiji won their opening match by four points in a close contest against Japan. Romania, playing their first match of the tournament, led Italy just after half time but eventually fell to a 24-18 defeat. In Pool A, Tonga raced to an early lead after Finau Maka scored a try in the second minute and Pierre Hola added the conversion. However the United States pinned them back for most of the first half with Pierre Hola scoring just two penalties for Tonga, giving them a 13-0 lead. Shortly before half time Mike Hercus scored a penalty for the United States to take the score to 13-3 at the interval. The Americans controlled the game for much of the second half. Mike MacDonald scored a try for the Americans to pull the score back to 13-8, but Tonga hit back with a try from Joseph Vaka. Louis Stanfill scored a try to close the gap to three points, but Viliami Vaki scored with ten minutes remaining to claim the victory for Tonga. The win takes Tonga to third place in Pool A with four points, behind South Africa with five and England on points difference. The United Stated have no points from two defeats. Fiji overcame Japan in a dramatic encounter in Pool B. Nicky Little kicked Fiji to an early lead, but Shotaro Onishi scored two penalties to give Japan a 6-3 lead in the 30th minute. Fiji went ahead with a try from Akapusi Qera, and Japan's Onishi scored a penalty just before half time reducing Fiji's lead to one point. Onishi scored another penalty after the restart and Japan led once more. Qera scored his second try for Fiji in the 49th minute, but Luke Thompson scored a try for Japan two minutes later. A try from Seru Rabeni once again gave Fiji the advantage, but Japan were kept in the match by a Tomokazu Soma try. Fiji stretched their lead to 11 points after Kele Leawere scored a try, and a last minute Luke Thompson try was not enough to snatch the win for Japan. Fiji are third in the pool with five points, behind Australia and Wales on points difference. Japan are fourth, taking one point from this defeat. In Pool C, Italy led Romania 8-0 at half time through an early try from Santiago Dellapè and a David Bortolussi penalty. Romania took the lead early in the second half after Alexandru Manta and Marius Tincu scored tries. Italy regained the lead after they were awarded a penalty try due to several fouls from Romania. Ionut Dimofte scored two penalties for Romania to keep them in the game, but Ramiro Pez scored three to keep Italy ahead. Italy are third in Pool C with four points, behind New Zealand and Scotland with five each. Romania are fourth, earning one point in this match.",Sports,True
82974,New audiotape attributed to Osama bin Laden released,Politics and conflicts,"The leader of al-Qaeda, Osama bin Laden, has released a new audiotape which was broadcast through Al Jazeera. The tape is entitled Letter to the people of Iraq. On the tape, he reportedly calls for unity among insurgents in Iraq, but also says that insurgents have been ""lax"" in their duties. In the tape, bin Laden's main focus is on Iraq. ""Some of you have been lax in one duty, which is to unite your ranks. Beware of division ... The Muslim world is waiting for you to gather under one banner. The interest of the Islamic nation surpasses that of a group. The strength of faith is in the strength of the bond between Muslims and not that of a tribe or nationalism. Beware of your enemies, especially those who infiltrate your ranks. I advise myself and the Islamic nation not to follow individuals and countries. Everything should be seen in the light of Islam,"" said bin Laden on the tape. The voice on the tape has yet to be confirmed to be that of bin Laden's and it is not known how the network received the tape.",Politics and conflicts,True
81415,South Korean President Roh Moo-hyun to meet with Kim Jong-il,Politics and conflicts,"South Korea's President Roh Moo-hyun left Seoul yesterday to meet with North Korea's leader Kim Jong-il to discuss the future of the divided peninsula.  Although the 1950–1953 Korean War between the two sides has never formally ended, the meeting may prepare the ground for a permanent truce.  The meeting is only the second summit between the two sides.  The first summit took place in 2000, and led to former South Korean President Kim Dae-jung winning the Nobel Peace Prize for his Sunshine Policy of reconciliation with the North. ""How to make peace take root on the Korean Peninsula will be the top-priority agenda item for the summit,""  Roh said in a speech on Monday.  He added that ""It will not be an uneventful course, but once discussions on a peace regime get under way in earnest, we can take up building military confidence and a peace treaty, and furthermore the issue of arms reduction.""  Roh said that the top item on his agenda was establishing greater peace along the border between the two countries. South Korea has only limited ability to seek a peace treaty because it was not a signatory to the ceasefire that ended the Korean War, which was signed by U.S.-led forces.  ""I do not believe that the peace regime could be actually resolved through the two parties alone,"" South Korean Unification Minister Lee Jae-joung said at a news conference in Seoul.  United States President George W. Bush has said that he would be willing to discuss a peace treaty if North Korea were to give up its atomic arms. One issue that is not part of the summit's agenda is North Korea's nuclear program, which is the subject of ongoing talks between multiple nations.  South Korean officials also do not intend to discuss North Korea's widely-criticized human rights record.",Politics and conflicts,True
2854643,Technology giant Microsoft completes acquisition of GitHub,Economy and business,"On Friday, US-based technology giant Microsoft confirmed acquisition of software code hosting and version controlling website GitHub. The announcement was made by Microsoft via their official blog, which also mentioned Nat Friedman was to become new Chief Executive Officer of GitHub. Microsoft had announced plans to acquire GitHub for a price of 7.5 billion US dollars (USD) on June 4. On October 19, the European Union's regulators approved the acquisition. According to the June announcement, Microsoft was to pay the amount in stock. After Microsoft made the announcement, Microsoft CEO Satya Nadella tweeted, saying, ""I'm thrilled to welcome GitHub to Microsoft. Together, we will continue to advance GitHub as a platform loved by developers and trusted by organizations."" In a GitHub blog titled ""Pull request successfully merged. Starting build..."", Nat Friedman said making the platform ""accessible to more developers around the world"" as well as ""[r]eliability, security, and performance"" were in ""top of mind for"" them. He also stated, ""GitHub will operate independently as a community, platform, and business"" and ""will retain its product philosophy"",  keeping ""its developer-first values"". He also wrote today was to be his first day as GitHub's CEO. Friedman was previously the CEO of Xamarin, a software company that allows developers to create native iOS, Android and Windows phone applications written in the C# programming language. Microsoft acquired Xamarin in 2016. According to Friedman's blog, GitHub is used by more than 31 million developers worldwide. Technology giants including companies like Airbnb, Apple, Google, Facebook and Microsoft itself have been using GitHub for their open-source projects. However, on May 31, days before Microsoft announced plans for GitHub acquisition, desktop environment software GNOME completed moving from GitHub to GitLab, another software code sharing, hosting and version control providing website, a competitor of GitHub.",Economy and business,True
5842,Brazil defends China against human rights violation charges in UN,Politics and conflicts,"Brazil — Human Rights Secretary Nilmário Miranda said that Brazil will defend China in the  United Nations Commission on Human Rights. According to him, the Chinese showed some advances in the human rights area recently. Last year  Brazil voted for  China  and helped to stop a discussion on the subject in UN. The only Latin American countries who favored China in 2004  were Brazil and Cuba.",Politics and conflicts,True
2949115,"Elon Musk emails tell Tesla employees return to office, or ""assume you have resigned""",Economy and business,"Leaked correspondence between Tesla, Inc. boss Elon Musk and members of his executive team sent on Tuesday but published on Wednesday reveal his insistence that employees maintain an in-office presence for 40 hours per week ""or depart Tesla."" One email first published by Electrek and corroborated by Reuters with the subject line ""Remote work is no longer [acceptable]"" read in part: ""Anyone who wishes to do remote work must be in the office for a minimum (and I mean *minimum*) of 40 hours per week or depart Tesla. This is less than we ask of factory workers."" A second email reiterated: ""Everyone at Tesla is required to spend a minimum of 40 hours in the office per week. Moreover, the office must be where your actual colleagues are located, not some remote pseudo office. If you don’t show up, we will assume you have resigned."" Though Electrek writes rolling back Covid-19 work-from-home policies is being considered by ""every other company,"" Reuters reports major Silicon Valley, California companies do not require a full-time return to the office. Google announced a ""hybrid working approach,"" where employees work in office three days per week but remain at home for two, effective since April. In the second email, Musk justified his position: ""There are of course companies that don't require this, but when was the last time they shipped a great new product? It's been a while [...] Tesla has and will create and actually manufacture the most exciting and meaningful products of any company on Earth. This will not happen by phoning it in."" He added his own experience having ""lived in the factory so much"" while production at his Fremont facility slowed between 2017-18. ""If I had not done that, Tesla would long ago have gone bankrupt,"" he wrote. Workers' health group Worksafe's executive director, Stephen Knight wrote to Reuters that, although employers ""...are finding that mandating a return of all employees is a recipe for outbreaks,"" adding ""Tesla's disregard for worker safety is well documented, including their flouting of the county public health department at the start of the pandemic."" In May 2020, Musk reopened a factory in Fremont despite local guidance, and the facility reported 440 coronavirus cases in the following seven months. Musk recently praised Chinese workers for ""burning the 3 am oil,"" whilst Americans try ""to avoid going to work at all."" A January Pew Research Center survey published February 16 found 61% of US adults currently working from home are doing so out of choice, and 77% reported teleworking at least some of the time. In a tweet dated March 3, Twitter CEO Parag Agrawal wrote: ""Wherever you feel most productive and creative is where you will work and that includes working from home full-time forever. Office every day? That works too. Some days in office, some days from home? Of course."" On May 13, Musk suspended a USD44 billion deal to acquire Twitter, citing a May 2 Reuters article that included an estimate of the percent of active users that were fake or spam accounts. CNN Business said Musk's reasoning to do so was unclear.",Economy and business,True
166734,Disputed island disappears beneath sea on India-Bangladesh border,Politics and conflicts,"The island of New Moore, an uninhabited territory near the Bay of Bengal between India and Bangladesh, has vanished, according to Indian scientists. The island, located south of the Hariabhanga river, has been claimed by both Bangladesh and India for almost thirty years, since it first appeared in the seventies. The School of Oceanographic Studies in Calcutta commented that the disappearance of the island was confirmed by satellite imagery. ""There’s no trace of the island anymore. After studying satellite images, I reconfirmed this from fishermen,"" said Sugato Hazra, the director of Jadavpur University’s school of oceanography studies. According to the Times of India, the island only appears above the water surface if there is an unusually low tide. ""What these two countries could not achieve from years of talking has been resolved by global warming."" Hazra commented that, until 2000, sea levels in the area increased approximately three millimetres annually, but in the past year the figure was augmented to about five millimetres. The director said that ten other islands in the vicinity of New Moore were in danger of being submerged as well. Hazra attributed the island's disappearance to global warming, saying: ""Coastal erosion and rising temperature in the Bay of Bengal between 2000 and 2009 led to the Purbasha island getting submerged. Temperature in the region has been rising at an annual rate of 0.4 degree celsius."" In 1996, another isle nearby, Lohachara, was submerged beneath the waters, displacing its inhabitants; meanwhile, the Ghoramara island had lost about half its land, Hazra said. ""We will have ever larger numbers of people displaced from the Sunderbans as more island areas come under water."" According to officials, eighteen percent of the Bangladeshi coastal land will be submerged if sea levels increase by one metre by 2050, and twenty million people will be displaced.",Economy and business,False
83440,Unexpected comet 'outburst' could be visible for weeks,Science and technology,"If you've noticed a fuzzy yellowish object at night in the northeast sky, immediately to the left of the constellation Perseus, that's because it is the Comet Holmes which has suddenly gotten brighter in what scientists say is  ""absolutely unprecedented"" in comet research. Earlier reports were that the object might have been a star that went super nova, or that a new star might have formed, but because the comet does not have a tail, the earlier reports were later dismissed. ""This is a terrific outburst, and since it doesn't have a tail right now, some observers have confused it with a nova. We've had at least two reports of a new star. When the Deep Impact probe hit Comet 9P Tempel, there was almost no change in brightness. This outburst by Comet Holmes is extreme!"" said Minor Planet Center director, Brian Marsden. Not more than a few days ago, the comet began to get brighter and appear larger in the sky, in what scientists call an ""outburst."" The comet is usually only visible through telescopes, but the outburst has caused it to be visible through the naked eye and it will continue to grow brighter with its coma eventually reaching the size of The Moon. Currently, only people living in the Northern Hemisphere are able to get a glimpse of the show. Binoculars and a small telescope can be used to get a close up view. The comet took just 24 hours to get more than 400,000 times brighter than it usually is, and is currently over one million times brighter, but Marsden says the comet's brightness could dim in days or even weeks. The comet was discovered on November 6, 1892 by Edwin Holmes while he was looking at the Andromeda Galaxy through his telescope. Researchers say that the comet may also have had an outburst at the time it was discovered. It was seen once after that in 1899 and then 1906, but disappeared until it was ""rediscovered"" in 1964 after a prediction Marsden had made. ""Since then, it’s been behaving well – until now,"" added Marsden.",Science and technology,True
191131,United States and England open World Cup with 1–1 draw,Sports,"The United States and England opened their 2010 FIFA World Cup campaigns on Saturday with a 1–1 draw in front of a crowd of over 38,000 at Royal Bafokeng Stadium in Rustenburg, South Africa. England captain Steven Gerrard put the English in front early with his goal in the fourth minute. The goal came as Gerrard was able to slip in behind the U.S. defense in the middle of the penalty box.  The United States equalized in the 40th minute off a long-distance shot by midfielder Clint Dempsey. The shot, from roughly 25 yards from goal, seemed like an easy stop until it bounced off English goalkeeper Robert Green and in for a goal. Both teams had several chances to earn the go-ahead goal in the second half, including a shot by Jozy Altidore that was deflected by Green and bounced off the goal post. A couple of saves by U.S. goalkeeper Tim Howard also played a large role in the second half. The draw means both teams earn one point from the match which temporarily placed them in first place in Group C. Both teams play their second game of the World Cup on June 18 when the United States will face Slovenia followed by England playing Algeria. Other 2010 FIFA World Cup action on Saturday saw Korean Republic get off to a strong start defeating Greece 2–0, while Argentina blanked Nigeria 1–0. On Sunday the first round of games in Group C concludes when Algeria and Slovenia face off. All four Group D teams will also be in action with Serbia taking on Ghana and Germany facing Australia.",Sports,True
317308,Thousands protest over alleged Russian election fraud,Politics and conflicts,"Tens of thousands protested yesterday in Bolotnaya Square, Moscow over allegations of election fraud in parliamentary elections won by United Russia, the ruling political party, led by current Russian Prime Minister Vladimir Putin. The exact number of protesters present is unknown; estimates for the Moscow protest vary from twenty thousand to one hundred thousand, and rallies on a more minor scale also took place in other Russian cities—including Saint Petersburg. Voice of America (VoA) reported the demonstrations as the largest pro-democracy protests since Vladimir Putin came to power eleven years ago. Other reports describe the demonstrations as the greatest since the dissolution of the Soviet Union. Police estimated that ten thousand people were present at demonstrations in St. Petersburg. Corruption and a rejection of Putin were the most commonly-cited grievances from questioned protesters. Opposition leader Evgenia Chirikova told VoA the protests were in favour of fresh elections, and the release of political prisoners. During the demonstrations, protesters chanted ""[p]olice, part of the people"" at the riot police. Echo of Moscow host Alexei Venediktov described the protesters as ""the new generation, the Putin generation"". These people ""voted, had their votes stolen, and now they want a fair system"", said Venediktov. Konstantin Kosachyov, a United Russia parliamentarian, dismissed the concept of discussions with the protest organisers. ""With all respect for the people who came out to protest, they are not a political party,"" he stated. Student Daniil Klubov, a leader of the St. Petersburg rally, told the BBC that he does not ""belong to any political movement"" and is ""just a student who is tired of all these lies"". Last week, Russian police arrested an estimated 1,600 people after street protests. In anticipation of yesterday's protests, fifty thousand police and riot police were drafted into Moscow. Under one hundred arrests were made across the country during the day of protest. Television stations operated by the Russian government provided no coverage of protests in Russia from last week's election, but lifted the blackout one week on, broadcasting images of thousands filling a Moscow park, spilling over a bridge and covering a facing embankment. On Friday, Moscow authorities declared an obligatory test for all high school students, scheduling it for the exact time of protests on Saturday; protest leader Alexey Navalny is currently imprisoned by order of a Russian judge. And, a Russian health board warned of respiratory diseases being contracted when being in large crowds. Russian Ground Forces cautioned that they would be observing, looking for instances of draft evasion as protesters walked through metal detectors. Although United Russia were declared victors in last Sunday's polls, the percentage of votes in their favour decreased significantly—down from 64% to 49%. In March next year, Putin himself will face voters, seeking a new six-year term as Russian President. VoA reported last week that his presidential bid looked likely to succeed; however, that outcome now seems less predictable.",Politics and conflicts,True
116773,Pirates capture Saudi oil tanker,Economy and business,"Pirates have seized control of the Sirius Star, a Saudi-owned oil tanker off the coast of Kenya and are steering her towards Somalia, reports the US Navy. The ship was captured roughly 830 kilometers south-east of Mombasa and is reportedly heading towards the Somali port of Eyl. The oil tanker was carrying over 2 million barrels of oil at the time of her capture, and was on her way to the United States via Cape Town. Reuters claimed that news of the attack raised crude oil prices around the world. Vela International Marine, the ship's owner, has said the Sirius Star is fully loaded. The oil could be worth up to US$100 million. The US Navy reports that all 25 crew from the United Kingdom, Croatia, the Philippines, Poland, and Saudi Arabia are 'safe'. The area off the East coast of Africa has seen a significant amount of piracy. In 2007, one-third of the world's piracy incidents occurred in this region. Hijacking off the coast of Somalia has become increasingly common over the last decade.  Over the last year multiple countries have expressed concern or committed their navies to dealing with Somali pirates. Most recently, South Korea has announced intentions to send one of its destroyers after five South Koreans were kidnapped in a Japanese cargo ship hijacking. The Sirius Star is the largest ship captured by pirates in the area to date. This also sets a record for the farthest from the shore that pirates have struck.",Economy and business,True
57866,Saturn's moon Titan hosts liquid lakes and rivers,Science and technology,"The Cassini Spacecraft has taken images from July 22, 2006 that show rivers and lakes present on Saturn's moon Titan. ""At the time we first announced it, we were like, 'Well, we think these are probably lakes,’ but that was about our level of confidence. I would say at this point, we've analyzed the data to the extent that we feel very confident that they are liquid-filled lakes,"" said University College London and Caltech and Cassini team member, Ellen Stofan. The rivers and lakes are likely to contain ethane or methane in a liquid form, but the liquids are said to ""act like water"" and are ""clear"" like water. Both ethane and methane are organic gases on Earth. ""Dark surfaces are smooth and most likely liquid, rock, ice or organics. More than 75 radar-dark patches or lakes were seen, ranging from 3 kilometers (1.8 miles) to more than 70 kilometers (43 miles) across. Some lakes appear partly dry, while others seem liquid-filled. Some of the partly filled lakes may never have filled fully, or may have partly evaporated at some point in the past. The dry lakes have margins or rims and a radar brightness similar to the rest of the surrounding terrain, making them appear devoid of liquid,"" said a statement by NASA on their website. ""It's going to behave like water. It's transparent just the way water is. So if you were standing by the shoreline, you would be able to see down to whatever pebbles or gunk that was on the bottom. As far as we know, there is only one planetary body that displays more dynamism than Titan, and its name is Earth,"" added Stofan. Cassini will be performing at least 22 more flybys of Titan. The next flyby is expected to take place this month.",Science and technology,True
114594,Icelandic Internet bank suspends UK accounts,Economy and business,"The Icelandic internet bank, Icesave, has suspended all 300,000 of its UK customer accounts, leaving account holders in the United Kingdom unable to withdraw or deposit any funds.  A message on its website posted this morning states: ""We are not currently processing any deposits or any withdrawal requests through our Icesave internet accounts. We apologise for any inconvenience this may cause our customers. We hope to provide you with more information shortly."" The internet bank, owned by the Icelandic bank, Landsbanki (Landsbankinn), which was recently nationalised in an attempt to rescue it,  has been hit by the global financial crisis. Reports from the United Kingdom suggest that the traders and city are preparing for the parent company to be declared insolvent, leaving customers to recover their monies through a financial compensation scheme being backed by the Icelandic Government. The plan will cover the first € 20,887 (Approx £16,300 / $28,720), the remainder of the customers funds being recovered through the UK's own financial compensation system. Following the decision to nationalise Landsbanki, the Icelandic Prime Minister, Geir Haarde, who introduced and signed the emergency legislation into law, stated: In describing and explaining its actions in nationalising the bank, the Icelandic Financial Supervisory Authority issued this brief statement: In response to the deepening world financial situation, the Dutch government has this afternoon increased its savers protection from €38,000 to €80,000 effective immediately, to help secure the financial status of its savers within Holland. Icesave also has a Dutch branch, icesave.nl - their website was unreachable at the time of this article.",Economy and business,True
106697,Lewis Hamilton wins 2008 Monaco Grand Prix,Sports,"Vodafone McLaren Mercedes driver Lewis Hamilton has won the FIA Formula-1 2008 Grand Prix de Monaco on the Circuit de Monaco in Monte Carlo, Monaco on May 25. It became the first time in the 23 year old Briton's career in F1. Last year, he finished in second place after his former teammate Fernando Alonso. In this race Alonso finished on a distant 10th place in his Renault car. The last British winner at Monaco was Graham Hill in 1969.  Rain over the weekend causes a wet start to the Sunday race, causing driver mistakes, however no rain fell during the race or qualifying. Robert Kubica from BMW Sauber finished behind Hamilton, after gaining 3 positions since the race start. Strategists at Ferrari underestimated the weather condition and the pace of their McLaren and BMW rivals, so Felipe Massa dropped to the third place starting from the brilliant pole. Adrian Sutil was set to win 4th place until he was hit in the rear by Kimi Räikkönen, who lost control of his car while braking at the chicane after the tunnel. Räikkönen himself dropped from 5th to 9th place and Sutil was out of the race. Sutil qualified only 19th only ahead his Force India teammate Giancarlo Fisichella. Later Sutil was warned by the race stewards that he overtook other cars (Rubens Barrichello, Kazuki Nakajima and Nelson Piquet Jr.) on lap 13 under a waived yellow flags condition, but went unpunished. Australian driver Mark Webber secured 4th for Red Bull-Renault after Sutil and Räikkönen collided. Sebastian Vettel scored his first points in 2008 season as the Toro Rosso's STR3 car debut. Rubens Barrichello made 6th for Honda. This race became the 600th race for Frank Williams as his team's young driver Kaz Nakajima scored 2 points. Heikki Kovalainen, Hamilton's teammate closed top eight with one additional point. Lewis Hamilton is now leading the Championship with 38 points, 3 ahead of Räikkönen, 4 ahead of Massa and 6 ahead of Kubica. Ferrari team still 16 points ahead of McLaren and 17 points ahead of BMW. The race finished about 43 seconds after 2 hour limit expired.",Sports,True
2820932,Football: Paris Saint-Germain pays world record €222m to sign Neymar,Sports,"Yesterday, French capital football club Paris Saint-Germain triggered a €222 million (about US$263m, £198m) buyout clause of Brazilian winger Neymar to sign him from FC Barcelona, making him the most expensive footballer of all time by breaking the previous fee record of Paul Pogba's transfer from Juventus FC to Manchester United. Neymar signed a five year contract with Paris SG which runs until June 2022. 25-year-old Neymar made his professional debut for Santos FC in January 2009, netting 138 goals in 229 matches. He was signed by FC Barcelona in 2013. Since then, Neymar has scored 105 goals and provided 80 assists in 186 games for Barça. In four seasons at Camp Nou, Neymar won two LaLiga titles, three Copa del Rey trophies, and one each of Champions League trophy Supercopa de España. Neymar was part of Barcelona's treble winning squad in 2014–15, and finished third in 2015's FIFA Ballon d'Or. Neymar made an international debut at the age of eighteen. He has scored 52 goals in 77 games for Brazil. Paris SG's Qatari president Nasser Al-Khelaifi said, ""Today, with the arrival of Neymar Jr, I am convinced that we will come even closer, with the support of our faithful fans, to realizing our greatest dreams"". After penning a five-year contract, Neymar said, ""I am extremely happy to join Paris Saint-Germain. Since I arrived in Europe, the club has always been one of the most competitive and most ambitious. And the biggest challenge, what most motivated me to join my new teammates, is to help the club to conquer the titles that their fans want."" Neymar's lawyer submitted a check of €222m to deposit Neymar's buy-out clause at LaLiga's headquarters, but it was rejected. LaLiga officials issued an official statement, which read, ""We can confirm that the player's lawyers came to the La Liga offices this morning to deposit the clause and that it has been rejected.[...] That's all the information we are giving out at this moment."" Later, Neymar's legal representative delivered the check to FC Barcelona. A statement from Barcelona confirmed they received the payment and Neymar was no longer contracted to the club. The statement read, ""On Thursday afternoon Neymar Jr's legal representatives visited in person the Club's offices and made the payment of 222 million euros in the player's name with regards to the unilateral termination of the contract that united both parties."" ((es))Spanish language: ‍Esta tarde, representantes legales de Neymar Jr. se han personado en las oficinas del Club y han hecho efectivo, en nombre del jugador, el pago de 222 millones de euros, en concepto de indemnización por la rescisión unilateral y sin causa del contrato que unía a ambas partes. It also said, ""the Club will pass on to UEFA the details of the above operation so that they can determine the disciplinary responsibilities that may arise from this case."" ((es))Spanish language: ‍el Club trasladará a la UEFA los detalles de esta operación para que depuren las responsabilidades disciplinarias que puedan derivarse de este caso. Financial fair play rules prevents European clubs from spending more than €30 million from their earnings. Paris SG was fined by UEFA in 2014 for violating financial fair play rules. Manchester United's manager José Mourinho, who spent about €105 million last season to sign Paul Pogba, and a reported fee of €75 million to sign Belgian striker Romelu Lukaku from Everton FC this season,  said, ""Expensive are the ones who get into a certain level without a certain quality. For £200m, I don't think [Neymar] is expensive. [...] I think he's expensive in the fact that now you are going to have more players at £100m, you are going have more players at £80m and more players at £60m. And I think that's the problem. [...] So I think the problem is not Neymar, I think the problem is the consequences of Neymar."" Liverpool manager Jürgen Klopp said, ""I thought Fair Play was made so that situations like that can't happen. That's more of a suggestion than a real rule."" French club Lille director general Marc Ingla, who had once served as Barça's vice-president said, ""It's a blow for Barcelona. Neymar is an accelerator to this bright future of Ligue 1. The young talent pool we have here is the best in Europe. For sure we can still compete with PSG. Once you get on the pitch it's 11 v 11 and all the transfer fees and salaries narrow a bit."" Before the official announcement of the agreement, yesterday, Arsenal's manager Arsène Wenger also remarked about the financial fair play and said, ""Once a country owns a club, everything is possible. It becomes very difficult to respect the financial fair play because you can have different ways or different interests for a country to have such a big player to represent [that] country. It can't justify the investments and looks unusual for the game. That's why I always [support] football living with its own resources. You don't look at the numbers in their absolute value anymore. Football has been for a long time out of normal society and the numbers are like the NBA in basketball, so it's not comparable to normal life anymore. Those are the numbers. It was already out of context of society, so after it just becomes a bit extra. You cannot calculate what it brings in anymore, it's just a number."" On Wednesday, Neymar's Lionel Messi posted on Instagram: ""It was a great pleasure to have shared all these years with you, friend @neymarjr [Neymar]. I wish you good luck in this new stage of your life. See you tomorrow"" ((es))Spanish language: ‍Fue un placer enorme haber compartido todos estos años con vos, amigo @neymarjr [Neymar]. Te deseo mucha suerte en esta nueva etapa de tu vida. Nos vemos Tkm. Barcelona's striker Luis Suárez dedicated an Instagram post for Neymar after Lionel Messi, and said, "" My friend i wish you the best in everything that comes!!! Also thank you for your support, for everything that i learned with you and for the unique moments that we spent together!!!! Keep like this and never change love you little bro"" ((es))Spanish language: ‍Amigo desearte todo lo mejor en lo que viene!!! También agradecerte todo el cariño que me diste, por lo que aprendí contigo y por los momentos únicos que pasamos!!!! Seguí así y no cambies nunca te quiero hermanito. Neymar has been assigned number 10 jersey.",Sports,True
113182,US Federal Reserve prepares to take over AIG,Economy and business,"The Federal Reserve took over American International Group (AIG) on Tuesday in an US$85 billion loan, in exchange for a 79.9% stake in the company. A press release issued Tuesday stated that ""the Board determined that, in current circumstances, a disorderly failure of AIG could add to already significant levels of financial market fragility and lead to substantially higher borrowing costs, reduced household wealth, and materially weaker economic performance."" The deal allows AIG to draw up to US$85 billion in loans over the next 24 months to shore up the orderly sale of various divisions of the company without further interruption to the economy. In exchange, the Federal Reserve will have a 79.9% equity stake, primarily in the form of equity participation notes. The loan carries an interest rate of LIBOR plus 850 points. Should AIG fail, the loan is covered completely by company assets. Should AIG recover however, taxpayers could potentially recover large profits. This news comes on the heels of the Federal Reserve refusing to bail out Lehman Brothers, forcing the company to file for bankruptcy on Monday after Bank of America(BoA) and Barclays PLC pulled out of negotiations over the weekend. The fact that AIG has thousands of divisions engaged in business across the globe sets them apart from the recent problems with other banks. AIG was built up over the last several years via the buyouts and mergers of many companies around the world, offering AIG's stockholders a diverse base of income which allowed it to steadily increase profits. It is this interconnectedness that had the Federal Reserve worried. Should AIG collapse, it could set off a global chain reaction in multiple markets. In an interview with the New York Times, former Treasury official Roger Altman said, ""It’s the interconnectedness and the fear of the unknown. The prospect of the world’s largest insurer failing, together with the interconnectedness and the uncertainty about the collateral damage — that’s why it’s scaring people so much."" While AIG, like many other banks, found itself embroiled in the middle of the sub-mortgage lending crisis, AIG has also been struggling to deal with controversies in other complex financial instruments such as credit default swaps. These markets have been exploding for several years, but due to lack of regulation by the government, recent reversals have seen AIG's stock value tumble by over 90 percent in the last year.",Economy and business,True
57917,Egypt announces Internet crime initiative,Politics and conflicts,Egypt intends to launch an international initiative to fight misuse of the internet. This statement was made by Egypt's Deputy Foreign Minister for Legal Affairs Abdel Aziz Seif el-Nasr. The idea lies in implementing a long-term international cooperation plan that concerns suppressing the activity of criminals and other groups that use World Wide Web for promoting their interests. Abdel Aziz Seif el-Nasr stated that soon Egypt will take necessary steps to present the idea on the international arena. He also outlined the fact that the plan for fighting cyber-crime stipulates the introduction of new rules for Internet users.,Science and technology,False
265044,Space Shuttle Endeavour enters history books after nineteen years following penultimate landing of program,Science and technology,"Space Shuttle Endeavour landed for the final time at 2:34 a.m. EDT (0534 UTC) at Cape Canaveral, Florida, U.S. Wednesday, marking the end of its nineteen-year operational career. The mission, STS-134, is the penultimate of the NASA Space Shuttle program; Atlantis is scheduled to fly the final mission in July. The commander of the mission, Mark Kelly, paid tribute to the spaceship shortly after touchdown, saying, ""It's sad to see her land for the last time, but she really has a great legacy."" Endeavour launched earlier this month on a mission to carry the Alpha Magnetic Spectrometer (AMS) and several spare parts to the International Space Station (ISS). The AMS will enable scientists to examine cosmic rays and learn more about the history of the universe. The six-member crew of STS-134 consists of commander Mark Kelly, pilot Greg Johnson, and mission specialists Michael Fincke, Roberto Vittori, Andrew Feustel, and Gregory Chamitoff. European Space Agency's Vittori is scheduled to be the last non-American to fly aboard the Shuttle. Kelly is the husband of U.S. Representative Gabrielle Giffords, who was wounded during a January shooting in Tucson, Arizona. Giffords watched the launch from the Kennedy Space Center on May 16, but was asleep in a hospital during the early morning landing, according to Kelly. The end of the shuttle program comes after NASA opted to phase out the aging fleet, which has been in use since 1981, due to financial problems with maintaining the crafts. According to BBC News Online, NASA thinks that allowing private businesses to win space transportation contracts will generate enough revenue to pay for sending astronauts to and from the International Space Station. In a statement, NASA Administrator Charles F. Bolden, Jr., said, ""We are very proud of Endeavour's legacy, and this penultimate flight of the space shuttle program once again demonstrated the amazing skill and dedication of our astronauts and the entire workforce."" He stated that as NASA ""begin[s] the transition from the shuttle program to the commercial transportation of [its] crews and cargo, [its] ability to tackle big challenges remains steadfast and will ensure that NASA reaches even more destinations farther in the Solar System."" Space Shuttle Endeavour began service after the Space Shuttle Challenger exploded shortly after lifting off in 1986; all seven astronauts aboard died as a result of the disaster. Endeavour launched on its maiden flight, STS-49, in May 1992. During her career, Endeavour has orbited the planet 4,671 times, spent 299 days in space, and transported a total of 170 astronauts. The vehicle has traveled a total distance longer than 197.6 million kilometres (122.8 million miles). While in space, NASA's Michael Fincke set a space endurance record, spending the longest total time of any American in space at 382 days. STS-134 was Fincke's third spaceflight and first on the Space Shuttle. The spaceflight was the 25th and final flight of Endeavour, as well as the 134th and second-to-last of the entire Space Shuttle Program. During the crew's stay at the ISS, the crew completed the final four spacewalks scheduled to be performed by Space Shuttle crews. During these spacewalks, the crew installed components to the exterior of the station. Space Shuttle crews performed a total of 164 spacewalks, 159 of which contributed to the maintenance and completion of the International Space Station. Preparations are currently underway for Endeavour to go on public display in Los Angeles, California. The final mission in the Space Shuttle program, STS-135, is scheduled to launch on July 8.",Science and technology,True
66435,Demonstrators demand Buddhism be made Thai national religion,Politics and conflicts,"Thailand's draft constitution has come under fire from Buddhist monks and supporters for not having a clause declaring a national religion for the country.  The coup-appointed Prime Minister, Surayud Chulanont, noted that the issue could cause problems with the upcoming referendum to ratify the proposed constitution. According to the Bangkok Post 20,000 protesters gathered outside the parliament building in Bangkok, and a procession of nine elephants joined the protest with Senator Sawet Thinnakul riding one of them. It would appear that the government has carefully worded the draft constitution to avoid favouring one religion over another.  Tensions and violence in the predominantly Malay Muslim south of the country have led to over 2,000 deaths; having a clause that recognised Buddhism as the country's official religion may further inflame tensions in the region.",Politics and conflicts,True
106994,First fertilised fish fossil found,Science and technology,"A 375 million-year old fossilised umbilical cord indicates that placoderm, thought to be ancestors of modern fish, are actually closer to sharks and rays.  This requires changes to current theories of the evolution of vertebrate sexual reproduction. The placoderm, a class of prehistoric fish known as the ""dinosaur of the seas"", dates back to the Devonian period, making the fossil the earliest known case of a vertebrate that gave birth to live young. It is also the only fossilised umbilical cord ever to be found. Dr. John Long, Museum Victoria's head of sciences and the leader of the team examining the fossils, says the find ""changes our understanding of the evolution of vertebrates"". He and Dr. Kate Trinajstic from the University of Western Australia were writing a paper on the fossil that was found during an Australian Research Council-funded expedition to the Gogo Formation, near the town of Fitzroy Crossing in Western Australia. They decided to give the fossil one last inspection, at which point they discovered the embryo. According to the research team, this discovery pushes the known development of viviparity (animals giving birth to live young) back 200 million years, and also marks the earliest known development of internal fertilisation, a feature now found in sharks and rays. Dr. Long gave the species the Latin name Materpiscis attenboroughi. Materpiscis derives from the Latin words meaning ""mother fish"", and attenboroughi was chosen in honour of Sir David Attenborough, who first drew attention to the Gogo region's possible fossils in a 1970s TV documentary. The team's findings were published in the science journal Nature, and the fossil specimen will be on display at the Melbourne Museum.",Science and technology,True
116834,Japan enters recession,Economy and business,"Japan, which accounts for 7% of world output, has entered a recession after posting two consecutive quarters of negative growth. The Japanese economy contracted by 0.9% between April and June and a further 0.1% since September. Kaoru Yosano, the Japanese minister of fiscal policy, said ""The downtrend in the economy will continue for the time being as global growth slows down. We need to bear in mind that economic conditions could worsen further as the US and European financial crisis deepens, worries of economic downturn heighten and stock and foreign exchange markets make big swings."" The Nikkei 225 stock index has fallen 40% since the beginning of the year, and has lost a quarter of its value during this month. After the news was announced the index dipped, then rose to close up 0.7%. Japanese companies lose large sums whenever the yen's value surges. With the yen viewed as relatively stable during financial turmoil, the value against the US dollar has risen greatly. JPMorgan Chase economist Masamichi Adachi said, ""It's only going to get worse. Japan may be entering its deepest recession in a decade as the global financial crisis cools demand."" Japan has not been in recession since 2001.",Economy and business,True
42104,Ubuntu releases 6.06 LTS version of popular Linux distribution,Science and technology,"The Ubuntu Foundation released its fourth version of the popular GNU/Linux operating system distribution yesterday.  Codenamed ""Dapper Drake"", the release improves on its predecessor, Breezy Badger, or 5.10.  The 6.06 LTS version will be the first to offer Long Term Support: three years on the desktop and five years on the server. Upgrades to existing Ubuntu 5.10 installations can be accomplished by running the update manager program, where an option to upgrade to 6.06 will be displayed. Because the software in the GNU/Linux operating system comes with permission for everyone to modify and redistribute it, there are many versions (called ""distributions"") of the operating system available.  Ubuntu builds on the popular Debian GNU/Linux distribution.  Like Debian, it is made almost entirely of free software. Users quickly swarmed Ubuntu's servers and mirrors trying to download the new version. The servers are currently responding slowly; moderators at the Ubuntu Forums suggested that users download with BitTorrent if at all possible, which is much less prone to such slowdowns. Since its first official release in October 2004, Ubuntu has become one of the most popular Linux distributions.  It is intended to be user-friendly without being insecure by design, a charge sometimes leveled against other beginner-friendly distributions like Linspire.  The distribution is offered for free, and CDs are available for order via the Internet without charge (including shipping).",Science and technology,True
14241,Suspended sentence for Sasser worm author,Science and technology,"Author of the Sasser worm, Sven Jaschan (19), was convicted today for 
three cases of computer sabotage and four of illegal data modification, to which he had pleaded guilty at the start of his four-day trial. The regional court in Verden, Germany, condemned Jaschan to a 21 month suspended sentence. He is also expected to undertake 30 hours of community service and will not have to pay court costs. Public prosecutor Lutz Gaebel had called for 200 hours of community service and a two-year suspended sentence. Jaschan, an 18 year old computer science student at the time, was arrested in May 2004 after international investigations were launched. He was then released pending trial. The arrest followed tip offs to the police, which may have been prompted by Microsoft's offer of US$250,000 for information leading to the arrest of the person responsible. He was tried as a minor since he authored Sasser at the age of 17. The trial was held behind closed doors, with details reported to the press by Katharina Krützfeldt, the court spokesperson. The worm began to spread in April 2004 on Windows XP and Windows 2000 operating systems which had not been patched with MS04-011. The worm hit companies and home users worldwide, with reported cases at Agence France-Presse, Delta Air Lines, HM Coastguard, Goldman Sachs, Deutsche Post, Australia Railcorp, and the European Commission. The BBC reported that the worm had affected millions worldwide, and Heise noted that experts had estimated several million euro worth of damage. According to various sources Jaschan was 'fingered' by a couple of his friends who were after the 'Microsoft Anti-Virus Reward' of $250,000 US Dollars. According to Microsoft's Web site, rewards of $250,000 can still be collected for information that leads to the arrest and conviction of those responsible for launching the MyDoom.B worm, the Sobig virus and the MSBlast.A [aka Blaster] worm. Furthermore, Microsoft have another $4 Million in hand for rewards required for future malicious software authors they want to have arrested and prosecuted.",Economy and business,False
60603,Archaeologist finds earliest tools used by non-human apes,Science and technology,"Archaeologist Julio Mercader at the University of Calgary has discovered hammer-like tools dating back 4300 years.  The tools are thought to have been used by non-human primates to crack nuts. The large size of the stones are of too great a weight to have been favoured as tools by humans.  Further, humans are not believed to have been in that area at that time for the primates to have learned from them by observation. Mercader suggests that this implies the primates learned to use the tools either independently of humans or else by a common ancestor (of common descent). Further evidence supporting the hypothesis that the hammers were not used by humans includes that the nut residue on the tools are of nuts which were not regularly a part of a human diet. Mercader elaborates in a prepared statement: “Some of the nuts require a compression force of more than a thousand kilograms to crack. And the idea is to crack the shell but not smash it — it’s not a simple technique.”  [Editorial correction: force is a vector while mass is a scalar. By context, the force is approximately 10KN (10 KiloNewtons).] Social and Political implications follow from the findings also.  Anthropologist Agustín Fuentes (at Indiana’s University of Notre Dame) said, “It puts the nail in the coffin on those who say chimp tool use is atypical.” This parallel of human evolution may also lead to further debate on the legal rights of primates.",Science and technology,True
110328,"Two bomb blasts kill at least 17 in Istanbul, Turkey",Politics and conflicts,"Two bombs detonated in the Güngören district of Istanbul, Turkey Sunday evening, killing at least 17 people and wounding over 150. The neighborhood targeted is mainly residential, and the victims were civilians. At least five of those killed were children, according to local officials. This bombing was the worst terrorist attack in Istanbul since the 2003 Istanbul Bombings, in which truck bombs exploded outside two Istanbul synagogues, killing 23 and wounding more than 300. Al-Qaeda claimed responsibility for the 2003 attack. The initial explosion caused little damage, but attracted crowds of onlookers. The second more lethal blast occurred 10 minutes later, about 50 metres away. ""After the first explosion, I rushed outside to check on my two sons, found both of them. But my elder son insisted on going back to find his father,"" said Nimet Arslan to International Herald Tribune. Following the second bomb, she said, ""a dark smoke filled the air and all I could see or hear was people screaming."" The elder son suffered a broken leg. Turkish President Abdullah Gül said in a statement, ""Nothing can be achieved by terror, violently claiming lives of the innocent. These attacks show the inhumanity and misery of the assailants."" It is not yet clear who is responsible, but Turkish authorities suspect the Kurdistan Workers Party (PKK), a Kurdish separatist group. ""Of course, there are links with the separatist organization,"" the governor of Istanbul province, Muammer Güler said, ""It's surely a terror attack, there’s no doubt."" This follows a recent shooting attack on the United States consulate in Istanbul. The US embassy is in Ankara. On Sunday, the Turkish military announced that its fighter jets had raided twelve PKK settlements in Northern Iraq, which the PKK uses as a base to launch attacks on Turkey, raising speculation of PKK involvement in this attack. However Zubeyir Aydar, a senior Kurdish militant, denied any involvement in the attacks in a statement to a pro-PKK news agency. Prime Minister Recep Tayyip Erdoğan visited the site on Monday, calling for calm and nationwide solidarity.",Politics and conflicts,True
259826,World leaders react to death of Osama bin Laden,Politics and conflicts,"Leaders and officals around the world have issued varied reactions to the announcement that Osama bin Laden has been killed during a U.S. military operation in Pakistan. NATO has insisted it will continue fighting against militants in Afghanistan, and the United Nations said the death of bin Laden marked a ""watershed moment in our common global fight against terrorism."" Announcing that the al-Qaeda leader had been killed by U.S. special forces during a forty-minute raid on a compound in Abbottabad, near the capital Islamabad, U.S. President Barack Obama said it was ""a good day for America."" Speaking at a ceremony to celebrate winners of the Medal of Honor, Obama praised the ""anonymous heroes"" who took part in the operation. He said: ""We may not always know their names, we may not always know their stories, but they are always there on the front lines of freedom and we are truly blessed. As commander-in-chief, I could not be prouder of our men and women in uniform."" Anders Fogh Rasmussen, the chief of NATO, vowed the organization would remain fighting in Afghanistan despite the death of bin Laden. ""As terrorism continues to pose a direct threat to our security and international stability, international cooperation remains key and NATO is at the heart of that cooperation,"" he said in a statement. ""NATO allies and partners will continue their mission to ensure that Afghanistan never again becomes a safe haven for extremism, but develops in peace and security."" The U.N. and the European Parliament also welcomed the news. Ban Ki-moon, the U.N. secretary general, said: ""The death of Osama bin Laden, announced by President Obama last night, is a watershed moment in our common global fight against terrorism. The crimes of al-Qaeda touched most continents, bringing tragedy and loss of life to thousands of men, women and children."" David Cameron, the British Prime Minister, said the news ""will be welcomed right across our country"" and was a ""massive step forward,"" but warned the death of bin Laden ""does not mark the end of the threat we face from extremist terror."" Italian Prime Minster Silvio Berlusconi said: ""This is a great outcome in the fight against evil, in the fight against terrorism, a great outcome for the United States and for all democracies"". Angela Merkel, the German chancellor, said the killing of bin Laden was a ""decisive strike"" at al-Qaeda. ""At his command and in his name, terror was enforced into many countries against men women and children, Christians as well as Muslims,"" she said. ""Osama bin Laden suggested that he was operating in the name of Islam, but in reality he makes a mockery of the fundamental values of his own and every other religion."" Several Asian countries also said bin Laden's death was a step forward in the war against terrorism. Chinese spokeswoman Jiang Yu said ""China has taken note of the announcement. We believe the death of Osama bin Laden is a milestone and a positive development for the international anti-terrorism efforts."" Japan, Malaysia and Singapore also welcomed the news. Australia pledged not to withdraw forces from Afghanistan after the announcement. ""Osama bin Laden declared war on innocent people and today he has paid the price for that declaration,"" Julia Gillard, the Prime Minister, said. ""The mission in Afghanistan will continue,"" she added, saying al-Qaeda ""will continue"". Nicolas Sarkozy, the President of France, said bin Laden was a ""promoter of the ideology of hatred and was the chief of a terrorist organization responsible for the deaths of thousands of victims, especially in Muslim countries,"" and ""justice has been done"" for the victims of al-Qaeda attacks.",Politics and conflicts,True
83235,China launches space probe to the moon,Science and technology,"The People's Republic of China today launched its first moon orbiter as part of the country's lunar exploration program. At 18:05 hours local time (10:05 UTC) the rocket Chang'e 1 lifted off from Xichang Satellite Launch Center in southwestern China. The name of the probe refers to the Chinese goddess of the moon. The state television network broadcast live footage of the countdown and launch, which took place in the presence of Chinese officials and some 2,000 Chinese who paid around US$100 to attend the event, but without any international press. The 2350 kg probe is expected to enter a lunar orbit on November 5. On its year-long mission, Chang'e 1 will obtain three dimensional images of the Moon's surface and gather information related to the chemical and physical properties of the lunar soil. It will do so circulating at about 200 kilometers above the lunar surface. On its way to the Moon the spacecraft will register data regarding the solar winds, or space weather. It will also broadcast 30 patriotic Chinese songs when orbiting the Moon. The officially-Communist nation which hosts next year's Olympics hopes to put a taikonaut on the moon in ten to 15 years. Last month, Japan launched a lunar probe while India hopes to achieve the same next April. In 2003, China used one of their own rockets to get the astronaut Yang Liwei into space. Yang told the Xinhua News Agency last week that once China has a manned space station, he and his fellow taikonauts could form a new branch of the Communist Party in space. Last January, China used a rocket to blow up one of its own satellites, sparking fears from the United States and other countries that China might have a military agenda in space, besides the problems of space pollution and danger to other satellites the explosion caused. China says the goals of its space program are scientific and peaceful.",Science and technology,True
75920,News Corp. acquires Dow Jones & Co.,Economy and business,"News Corporation has succeeded in purchasing the Dow Jones & Company, the 125-year-old financial information firm and publisher of The Wall Street Journal in a three month long US$5 billion takeover bid. Rupert Murdoch is the chairman and chief executive officer of News Corporation. The Bancroft family, which owns 64.2% of the Dow Jones' voting power met Tuesday and finalized the deal amid opposition from some key members who were fearful that Journal's reputation and content would be altered. Last week, the board of the Dow Jones approved the sale, a $60-a-share bid which represents a 67% premium above Dow Jones's share price at the time of the offer. Yesterday, the News Corp. board gathered and gave the thumbs up for the acquisition, leaving only the Bancrofts to decide on the outcome. Dow Jones, which also owns Barron's Magazine, has been owned by the Bancroft family since 1902. Murdoch announced News Corporation's bid in May, and has maintained his company's position because of the lack of rivals. A Bancroft representative had approached other potential buyers, including billionaires Warren Buffett and Bill Gates, who both declined. To address concerns that the Journal will be negatively altered, Murdoch plans to add four new pages of coverage, and has agreed to form a committee to decide on hiring or firing any editors. News Corp. owns and operates dozens of large media companies, including the Fox News and British Sky Broadcasting television networks, newspapers The New York Post, The Australian, and The Sun, magazines TV Guide and The Weekly Standard, as well as internet assets such as Myspace and Photobucket.",Economy and business,True
81128,"""PGR4"" pre-launch in Taiwan: TOP Drivers' Derby",Science and technology,"After the launch of ""Halo 3"" on Tuesday (September 25), Microsoft promoted a brand new Xbox360 racing game ""Project Gotham Racing 4"" (PGR4) with a friendship match as a ""TOP on TOP"" competition between Taiwanese World Cyber Games (WCG) PGR3 Delegate You-cheng Liu and ""Drift Master of Taiwan"" Po-hsiung Chou at YAMAHA MotorTown in Taipei City, Taiwan. Before the friendship match, Cary Chen (Senior Product Marketing Manager of Entertainment and Device Division, Microsoft Taiwan) show the new features on PGR4 to the press, VIPs, and guests and praised the ""PGR"" game series with the ""Kudos"" skill points. He remarked that in the ""PGR4"", not only joined new car type and racing motorcycles, but also add Dynamic Weather System feature for the performance of new different type experiences on weathers, driving, and racing lane. Chen also remarked that PGR series is surely respected because of the racing game competition factor on WCG from 2006. This ""PGR"" series can realize lots of dreams of players on making some special skills which can't be done on reality. With the Xbox Live linking, PGR series has successfully made a great achievement. After the presentation and demos, Microsoft Taiwan held a friendship match. Before the match, Y. C. Liu welcomed P. H. Chou with Chou drove a BMW car to the main entrance. After the entrance, the match started. With the witnesses of VIPs, press, and players, Liu won the friendship match by the turning fault of Chou. Even though Chou wanted to invite Live as a racer in reality after the match, but Liu temporarily declined with his consideration. Microsoft Taiwan announced that the Chinese Version of ""PGR4"" will be available on October 5, and welcomed players competing with ""I want 'PGR4' Helmet!"" photo competition. And also, ""Yamaha PGR4 Cup - Taiwan Driving Master Championship"" will be held and set qualification section in October and final section in December of Information Month in Taipei.",Sports,False
58215,Sudan adopts new currency,Economy and business,"The Central Bank of Sudan has started circulation of the new Sudanese pound that is to replace the current Sudanese dinar. This measure is part of the peace agreement signed between the Government of Sudan and the SPLA, that ended a 20-year old civil war. The dinar was viewed in the south as part of an attempted ""Arabisation"" of Sudan by the previous government and was not in circulation in areas controlled by the southern rebel movement. Several alternative currencies, including old Sudanese pounds were used instead. According to Sabir Mohamed Al Hassan, the governor of the Central Bank of Sudan, the dinar will remain in circulation, along with the pound, for an interim period of six months before it is discontinued on July 1, 2007. The conversion rate set by the Central bank is 1 Sudanese pound equals 100 Sudanese dinars, and 1 piaster is equivalent to 1 dinar. A U.S. dollar trades for about 200 dinars. The Central Bank said that the new currency design will reflect Sudan's peace vision, unity in diversity, civilization, natural resources and economic progress. Several themes were avoided in the new design including human portraits, references to wars and conflict, and religious and ethnic symbols. The change is expected to cost over US $150 million. Hassan said that the expected international assistance in meeting the cost was not forthcoming and that Sudan's oil revenue was used instead, Reuters reports. Shipments of the new currency have been sent to the south, where it is to be introduced first.",Economy and business,True
25002,Iranian president calls Israel ‘disgraceful blot’,Politics and conflicts,"Iranians plan a nation-wide demonstration on Friday in support of their president's comments that called for the elimination of Israel. The demonstrations would coincide with the annual event called al-Quds Day, where the Israeli control of Jerusalem is protested. Mahmoud Ahmadinejad in a speech to 3,000 students in Tehran said Wednesday there was, ""no doubt the new wave [of attacks] in Palestine will soon wipe off this disgraceful blot from the face of the Islamic world."" At a conference called ""The World without Zionism"", the recently elected Iranian president Ahmadinejad said the establishment of Israel was, ""a move by the world oppressor against the Islamic world,"" a reference to Western military and political pressure. Ahmadinejad won the presidency in June with a populist approach that stressed Islam and revolutionary principles. The speech cited numerous references to the Ayatollah Ruhollah Khomeini and included a declaration that, ""As the imam said, Israel must be wiped off the map."" Other similar remarks, such as ""God willing, the eradication of Israel would soon be realized through the continued wisdom of the Palestinian nation,"" have drawn wide condemnation. France and Germany have summoned the respective Iranian ambassadors to their countries. A spokesperson for the British government called the remarks ""deeply disturbing and sickening"". The European Union said in a joint statement that ""calls for violence, and for the destruction of any state, are manifestly inconsistent with any claim to be a mature and responsible member of the international community"". Israeli Prime minister Ariel Sharon said that ""a country that calls for the destruction of another people cannot be a member of the United Nations"" and added: ""Such a country that has nuclear weapons is a danger, not only to Israel and the Middle East, but also to Europe."" The United Nations Secretary General Kofi Annan expressed ""dismay"" over Ahmadinejad's remarks. In statements released by his secretary on Thursday, Annan, whose plans still include a visit to Iran within a month, said he would ""place the Middle East peace process, and the right of all states in the area to live in peace within secure and recognized boundaries free from threats or acts of force, at the top of his agenda for that visit."" The U.N. Charter calls on all members to refrain from threats or force against the territorial integrity or political independence of another state. A U.S. state department spokesman, Sean McCormick, said the United States would not support the call by Israel to eject Iran from the United Nations. McCormick's response was centered on issues of the enriched uranium processing in Iran, the human rights of its people, and alleged support for terrorism abroad. The U.S. has had no formal diplomatic relations with Iran since the Islamic revolution of 1979.",Politics and conflicts,True
71427,Heat protection system on Space Shuttle Atlantis damaged during liftoff,Science and technology,"The Space Shuttle Atlantis has received at least a 4 inch tear on its Thermal Protection System (TPS) on one of the Orbital Maneuvering System (OMS) pods near the thrusters after it took off on June 8, but officials say the damage is not concerning yet, and the OMS was not damaged. ""There's not a whole lot of concerns just yet,"" said a spokesman for NASA, Louis Parker. ""Preliminary Area of Interest in TPS inspection: Around a 4 inch blanket reported sticking out at the port OMS pod. Crew reported that on the port OMS pod they can see a 4 to 5 inch piece of blanket sticking up. They are getting photos,"" said NASA. The OMS is used to control the shuttle's movement in space and is also used for orbital injection and NASA says that preliminary imaging shows that the OMS was not damaged. ""Analysis by launch team looking at other camera views show that the tyvek cover did not strike the OMS pod,"" said NASA. Astronauts inspected the shuttle for more damage at approximately 2:00 p.m. (eastern time) using Atlantis's robotic arm with digital cameras placed on the end, but found none and Atlantis is still planned to dock with the International Space Station.",Science and technology,True
82436,2007 Rugby World Cup: South Africa 37 - 13 Argentina,Sports,"South Africa have beaten Argentina 37 - 13 in the second semi-final of the 2007 Rugby World Cup at the Stade de France, Saint-Denis, France. The first try of the match came in the seventh minute when Fourie du Preez gave South Africa the lead after a seventy metre run. Percy Montgomery added the conversion and South Africa led 7 - 0. Felipe Contepomi kicked a penalty to score Argentina's first points in the fifteenth minute, but Percy Montgomery restored South Africa's seven point lead with a penalty two minutes later. A second penalty from Felipe Contepomi brought the score to 10 - 6. However tries from Bryan Habana and Danie Rossouw gave South Africa a 24 - 6 lead at half time. Soon after the interval Manuel Contepomi scored a try for Argentina to reduce the deficit to eleven points. Neither side could find a breakthrough for the next 25 minutes, but two Percy Montgomery penalties and a second try from Bryan Habana secured the match for South Africa. South Africa, champions in 1995, will face defending champions England in the final, a repeat of an earlier pool match which South Africa won 36 - 0. Meanwhile, Argentina will play hosts France in the third place match. Argentina previously defeated France 17 - 12 in the opening match of the tournament.",Sports,True
5761,Slovakia on track to adopt euro in 2009,Economy and business,"Slovakia is on track to meet its target of adopting the euro currency in 2009, claims Joaquín Almunia, the European Union's Monetary Affairs Commissioner. The main monetary figures and the fiscal situation ""are going in a good direction,"" Almunia said. ""If things continue as they are today, I'm sure the Slovak authorities will meet the target of being a member of the eurozone in 2009."" Slovakia joined the European Union last year along with other Central European, Baltic, and Mediterranean states. The growth rate of its GDP has been one of the highest in the European Union, recording 5.5% growth in 2004. Almunia said that authorities should use this growth to curb the country's relatively high budget deficit, a necessary prerequisite for joining the euro zone. Before a country adopts the euro currency, it must dwell in the European Exchange Rate Mechanism II for two years, where its exchange rate relative to the euro, as well as its budget deficit and inflation, are closely monitored. For Slovakia to adopt the euro in 2009, it must join ERM II in 2007. Three new members, Slovenia, Estonia, and Lithuania, have already joined ERM II and are on track to adopt the euro in 2006–2007.",Economy and business,True
31812,The WB and UPN networks to become the CW network,Economy and business,"Warner Bros. Entertainment (a division of Time Warner, Inc.) and CBS Corporation announced today the merger of their two struggling television networks together to form one jointly owned network which will debut this fall. The new network, which is to be called CW (for CBS-Warner) will replace UPN and The WB networks, which will shut down. The network will be a 50-50 partnership between CBS and Warner Brothers. The network will be carried on stations owned by the Tribune Company, amongst others. The merger is in response to the struggling of both networks, neither of which have attracted much viewership away from the big four networks since they being formed in the early 90s. However each have had some strengths. The WB has been more popular with younger viewers and has had hits with television shows Smallville and Gilmore Girls. UPN has recently received critical acclaim for its sitcom Everybody Hates Chris and World Wrestling Entertainment's Smackdown! has been a mainstay since it debuted on the network. The new network's schedule will be announced in May; until then the networks will operate their schedules independently. The new network is planning to target the 18-34 age bracket in prime time, and will contain both shows from the WB and UPN. With UPN's 12 affiliated station, together with Tribune's 16 stations gives the new network coverage over half of the country. The Tribune stations that will be apart of the new network is WGN in Chicago, WB flagship station, WPIX in New York and KTLA in Los Angeles. WPIX will become the flagship station of the new network. Tribune will relinquish its 22.5% stake in the WB in return for a 10-year affiliation agreement with the network in turn. Dawn Ostroff, currently the president of UPN, will become president of entertainment and John Maatta, currently the chief operating officer of the WB, will become chief operating officer of the CW.",Economy and business,True
106075,John Edwards endorses Barack Obama,Politics and conflicts,"Former Senator John Edwards (D-NC) endorsed former rival Barack Obama (D-IL) on Wednesday, another sign that the party establishment is embracing the likely nominee for the United States 2008 Presidential election even as Hillary Clinton, Obama's opponent, refuses to give up her candidacy. Edwards appeared at a campaign rally for Obama in Grand Rapids, Michigan. At the rally, Edwards addressed Obama's supporters. ""The Democratic voters in America have made their choice and so have I,"" he told a crowd of cheering supporters. ""There is one man who knows and understands that this is a time for bold leadership...there is one man who knows in his heart that it is time to create one America, not two - and that man is Barack Obama."" The endorsement comes the day after Clinton defeated Obama by more than 2-to-1 in West Virginia's primary. Edwards received 7% of the vote despite having suspended his campaign in January. Both Obama and Clinton immediately asked Edwards for his endorsement, but he stayed mum for more than four months. A person close to Edwards, speaking on condition of anonymity, said he wanted to get involved now to begin unifying the party. Obama also signed on to Edwards' poverty initiative, which was a major cause for Edwards in his campaign and since he left. When Edwards suspended his campaign, he asked both Obama and Clinton to make poverty a central issue in the general election and a future Democratic administration, something both agreed to do. When he made his decision, Edwards didn't even tell many of his former top advisers because he wanted to make sure that he personally talked to Clinton to give her the news, said a person close to him. Edwards' wife, Elizabeth, who has spoken favorably about Clinton's health care plan, did not travel with him to Michigan and is not part of the endorsement. Clinton campaign chairman Terry McAuliffe said Wednesday that ""We respect John Edwards, but as the voters of West Virginia showed last night, this thing is far from over."" According to latest estimates, Barack Obama has a total of 1,887 delegates in CNN's count and 1,884 in the Associated Press's count. Both tallies have Clinton trailing Obama with 1,718 delegates. Obama needs just 139 delegates to reach the 2,026 necessary to clinch the party's nomination. Edwards, meanwhile, has 19 total pledged delegates who may or may not pledge their support for Obama at the Democratic National Committee's August convention in Denver, Colorado. Edwards, who is not a superdelegate, said last week that it was ""fine"" for Clinton to continue making her case, but expressed concern that a continued campaign could damage the party's prospects in November. Wednesday's endorsement could help Obama reach out to white blue-collar voters, a demographic that Obama has failed to capture, most notably in the recent Pennsylvania and West Virginia primaries. Some political pundits predicted that Edwards' supporters are more likely to lean in Obama's direction. ""The conventional wisdom is that Barack Obama will pick up maybe 60 percent of them, and in some places, that makes a huge difference,"" former presidential adviser David Gergen said in January.",Politics and conflicts,True
109568,Hundreds of Air Canada flight attendants to lose jobs,Economy and business,632 Air Canada flight attendants will lose their jobs in November as the airline is eliminating flights and routes. 332 of the jobs will be lost due to the closure of flight attendant base offices in Halifax and Winnipeg. Another 300 jobs will be lost at Vancouver due to major reductions in Air Canada's Pacific-based international flights. Dramatic increases in fuel prices are widely blamed for the airline's cutbacks. The flight attendant layoffs are part of an overall plan to reduce 2000 jobs at Air Canada. Airline union CUPE learned of the flight attendant cutbacks from the airline on Wednesday. Representatives of the labour association gave critical responses to this news.,Economy and business,True
20401,Ivorian rebels say South African mediators ‘discredited’,Politics and conflicts,"On Thursday, the Ivorian rebel group Forces Nouvelles responded to the South African mediator’s Wednesday testimony to the UN Security Council by saying that South Africa had become “discredited” by taking the side of Ivorian president Laurent Gbagbo’s government in Abidjan. “We categorically do not want the South African mediation continuing here in Cote d'Ivoire” said the rebel group in a statement.  The Forces Nouvelles spokesman further demanded that ""the African Union, and especially AU president Olusegun Obasanjo, take his responsibility and find a new way,"" calling on regional leader Nigeria to intervene in the crisis. The statements are the latest in a series of setbacks to Cote d’Ivoire’s beleaguered peace process, which also include the failure of the rebels to meet the July 31st disarmament deadline, and the rejection of October 30 as a feasible date for the national elections. Special Representative of the Secretary-General to Cote d'Ivoire, Pierre Schori, expressed his support for the continued South African mediation and stated that conducting free and fair elections in Cote d’Ivoire was more important than sticking with the set dates.",Politics and conflicts,True
2792240,UEFA Euro 2016: France wins opening match 2-1 vs Romania,Sports,"On Friday, France defeated Romania 2–1 in the opening match of UEFA Euro 2016. Dimitri Payet received the Man of the Match award after providing the assist for the opening goal and subsequently scoring the winner for the hosts in the 89th minute. The match was held at the Stade de France in the French capital, Paris. The French had the greater ball possession during the match. Four yellow cards were shown during the match. Romanian center back Vlad Chiricheș was the first one to be booked by the referee. The first half ended 0–0 with two bookings, both for the visitors; Răzvan Raț was shown a yellow card minutes before half time. In the second half, striker Olivier Giroud scored the opening goal of the tournament from Payet's cross. Within ten minutes of the opening goal, France's Patrice Evra fouled Nicolae Stanciu in the penalty area. Bogdan Stancu equalised from the penalty spot. The match seemed to be heading towards a draw, but just before the end of play, N'Golo Kanté assisted Payet and he went on to score the winner, rifling a left-foot shot into the top left-hand corner of the net. Three minutes later, he was substituted for Moussa Sissoko. The match ended 2–1. After the match, France manager Didier Deschamps said, ""I have no doubt of Dimitri Payet, of his decisive influence on the game."" ((fr))French language: ‍Je n'ai pas de doute sur Dimitri Payet, sur l'influence dans le jeu qu'il peut avoir et le fait d'être décisif.",Sports,True
111922,Felipe Massa wins 2008 European Grand Prix,Sports,"Ferrari driver Felipe Massa won the FIA Formula One 2008 Telefónica Grand Prix of Europe at the street circuit of Valencia, Spain on Sunday after his engine failed on a dying laps of the previous race. It became 10th win in Formula One for the Brazilian driver. His victory was approved by stewards when after the race they had investigated his second pit stop on lap 37 and ruled a fine to Massa without any further sanctions for a potential collision with Adrian Sutil (Force India’) while exitting from the pitlane. Lewis Hamilton performed well driving for McLaren Mercedes as he fell behind Massa by just about 5 seconds on the finish line. The three podium places to be exactly like they were on a starting grid, as Pole Robert Kubica came third for BMW Sauber with a substantial 30 seconds gap to Hamilton. Hamilton's teammate Heikki Kovalainen drove fourth after Kimi Räikkönen's Ferrari engine failed on a 45th lap. A lap earlier Kimi had an incident on a second pit-stop, when he knocked-off the mechanic fueling his car after he twitched earlier trying to beat Kovalainen, who was also on his pit-stop. Jarno Trulli came 5th for Toyota overtaking Toro Rosso of Sebastian Vettel who will be driving for Red Bull next season. The second Toyota of Timo Glock and Nico Rosberg's Williams-Toyota closed the top eight. The only Spaniard in the race, Fernando Alonso (Renault) was forced to retire after Kaz Nakajima (Williams) hit him from behind and damaged the back of Renault.",Sports,True
193191,Kyrgyzstan votes on referendum for new constitution,Politics and conflicts,"Kyrgyzstani citizens on Sunday voted on a referendum concerning a proposed constitution ahead of the country's elections this September. Polls are open from between 0800 and 2000 local time (0200 and 1400 UTC) today, with results of the poll expected to be made public on Monday.  According to Kyrgyzstan officials, around 55% of the eligible population had participated in the poll, which was announced in April. Under the proposed constitution, Kyrgyzstan would move towards becoming a parliamentary republic, with elections for the parliament held every five years, and presidential elections every six years.  The president would serve only one term.  The current interim government would stay in power until late 2011. The current president of the country, Roza Otunbayeva, said as she voted that ""the people of Kyrgyzstan are proving that the country is united, standing on its feet and going forward.  As a people, we want to heal the wounds we have sustained in recent times."" The referendum, which was backed by both the United States and Russia, has been criticized for coming too soon after recent violence in the country by both various human rights groups and opposition political parties within Kyrgyzstan. The violence was triggered by the overthrow of the former president, Kurmanbek Bakiyev, leading to riots in the southern part of the country, which both the government and ethnic leaders blamed the other for.",Politics and conflicts,True
2921324,Arizona bans abortion for genetic abnormalities,Politics and conflicts,"On Tuesday, the Governor of the US state of Arizona Doug Ducey signed into law a bill banning abortion if sought solely because of a foetus' genetic abnormality. Senate Bill 1457, which stalled twice for criticism by opponents of abortion, passed both chambers of the Republican-controlled Arizona Legislature last week in a party-line vote, amended twice along the way to alleviate concerns by two hesitant Republicans. The bill makes it a Class 6 felony, the least severe, to seek or perform an abortion ""because of a genetic abnormality of the child"", defined as ""the presence or presumed presence of an abnormal gene expression in an unborn child"", but not a ""severe fetal abnormality"" considered ""incompatible with life.""  Intimidating someone to get an abortion and soliciting or accepting monies to finance an abortion for this purpose has been made a Class 3 felony. The bill also allows the unborn child's father or, in case the mother is under 18, a maternal grandparent to sue, as well as including the applicability of state law to ""an unborn child at every stage of development"", which Senator Kirsten Engel and Representative Melody Hernandez wrote in a submitted minority report ""would open up the potential for prosecutors to charge persons including the pregnant individual whose conduct results in a woman having a miscarriage with murder, manslaughter or child endangerment."" Other provisions of the bill includes a prohibition on the distribution ""via courier, delivery or mail service"" of abortion-inducing drugs, a ban on any public educational institution from performing or aiding non-life saving abortion, a ban on the use of public or tax monies paid by the state or students for university research involving foetal remains or somatic cell nuclear transfer, or any state money towards organisations providing abortion care, and requiring all foetal remains to be buried or cremated. KYMA-DT reported Ducey is an anti-abortion rights governor who ran on the Republican ballot and has never vetoed anti-abortion legislation.  In a statement, Duckey said, ""[t]here's immeasurable value in every single life — regardless of genetic makeup [...] We will continue to prioritize protecting life in our preborn children, and this legislation goes a long way in protecting real human lives.""  The news release, originally published on his website also read, ""[w]ith this legislation, Arizona remains among the top pro-life states in the nation."" Senator Nancy Barto said, according to the release ""[w]e need to protect our most vulnerable, especially those with treatable genetic conditions [...] They are loved, integral members of our community that make Arizona whole"".  Cathi Herrod, president of Center for Arizona Policy said in her own news release, according to the Associated Press ""[t]oday, Arizonans win."" Representative Diego Espinoza wrote in a tweet, ""I'm disappointed to see Arizona moving in this direction, ignoring the needs and desires of doctors, women, and families for an extreme political agenda.""  Representative and House Democratic Leader Reginald Bolding wrote in a statement ""it's disturbing and wrong that the legislature is not focusing on policies to help [women], and instead is stripping away the fundamental freedom to choose if, when, and how to start or grow a family."" In a letter shared to a Facebook post, the union United Campus Workers at Arizona State University urged last Saturday to the Arizona Board of Regents, university president Michael M. Crow and University of Arizona president Robert D. Robbins to ""immediately speak out against SB 1457"", calling it ""a blatant attack on reproductive freedom"".",Politics and conflicts,True
55567,"Spanish cyclist Isaac Gálvez dies after crash in Ghent, Belgium",Sports,"World Madison champion Isaac Gálvez Lopez died in the early hours of Sunday morning after crashing on the fifth day of the Six Days of Ghent track cycling race. He collided with Belgium's Dimitri DeFauw during the second Madison of the evening and hit a metal barrier. He was immediately knocked unconscious, and despite being resuscitated, he was pronounced dead at the Gent University Clinic hospital. The race was immediately suspended, and the final day's racing was cancelled. At the time of the accident, Gálvez and team-mate Juan Llaneras were lying second in the overall standings, one lap behind the Belgium/German pair Iljo Keisse and Robert Bartko.",Sports,True
145930,"Boeing 787 ""Dreamliner"" makes maiden flight",Economy and business,"Boeing's newest commercial aircraft, the 787 ""Dreamliner"", made its first test flight Tuesday in Everett, Washington at 18:00 UTC.  Boeing claims that the new 290+ seat wide-body, twin engine jetliner is more fuel efficient than previous Boeing models. The release of the ""Dreamliner"" is almost two and a half years behind schedule.  The project has been plagued by various issues, including strike action, parts shortages and design problems. The aircraft is thought to have attracted 840 orders to date, though some have been cancelled due to the delays, making the 787 worth in the region of US$140bn (€96bn, £86bn) for Boeing. An aerospace analyst, Richard Aboulafia, said that ""[The test flight] will provide a badly needed perception that the program is on some kind of schedule again, but it's still a long way from the ultimate result."" Boeing's European rival, Airbus, is preparing to release a similar aircraft, the A350, in 2013.",Economy and business,True
112954,"'Invitational Games for the Deaf, Taipei 2008' comes to an close",Sports,"After the table tennis event concluded, medalists from the martial art events (taekwondo, karate and judo) were confirmed on the September 8, third match day of ""Invitational Games for the Deaf, Taipei 2008."" Except for steady performances from the host Chinese Taipei team during the karate and taekwondo events, European athletes battled East Asian (Japan and South Korea) athletes. During the third match day, Korea's Sukchan Yun ever defeated Turkey's Kayaci Ibrahim within only 6 seconds in men's 90.1 kg to 100 kg class. It was the shortest match in the judo event. On the final day, Sept. 10, the top four teams from the soccer event competed for medals, despite bad weather in Taipei. The gold medal match took place between Japan and Thailand. In the 20th minute, Japan's Hisashi Hosomi scored first. But during the added time of the first half, Thailand's Somsak Thongdee tied the game 1-1. After the start of the second half, Thailand straightened their offense, and in the 60th minute, Thailand captain Anothai Sathiyamat scored a goal, which proved to be the game winner. In the bronze medal match between Iran and Australia, Iran defeated Australia with a 8-0 shutout. Mostafa Heydaribondarabadi, Hosseinali Mohammadi Firouzjaei, Mazaher Shirzad Sibani, Hamid Reza Khazaei, all scored in for Iran. After the ""Invitational Games for the Deaf, Taipei 2008"", Chih-he Chen, President of Asia Pacific Deaf Sports Confederation, presented an honor medal for the soccer tournament during the closing ceremony and hoped the Taipei City Government will show the best service for the 2009 Summer Deaflympics.",Sports,True
55940,Venezuela's Hugo Chavez re-elected,Politics and conflicts,"Venezuelan President Hugo Chavez has been re-elected to a third term in office with a large margin over social democrat rival Manuel Rosales. The latest report from CNE, National Electoral Council from Venezuela at 10:00 pm local time (UCT -4) gives the current president Hugo Chavez Frias the victory with 61.35% of the total counted so far, 75.3%. His social democratic rival, Manuel Rosales, received 38.39%. Shortly after the partial results were given, Hugo Chávez appeared on the Balcón del Pueblo of the  in the presidential palace to celebrate his victory and address his followers. Chávez announced that a new era has started in Bolivarian development, focused in the expansion of the Bolivarian Revolution. Chavez' followers were already celebrating their victory with red flags in downtown Caracas. The leftist president who has been a thorn in the side of the American government told his supporters ""It's another defeat for the devil, who tries to dominate the world,"" referring to US President George W. Bush. ""Today we gave another lesson in dignity to the imperialists, it is another defeat for the empire of Mr. Danger,"" Chavez continued. The US has accused Chavez of being dictatorial and a destabilizing influence in Latin America which Chavez has accused the US of trying to dominate the region and of being behind an attempted coup to force him from power. Chavez' popularity is greatest amongst the Venezuela's poor who support his policy of using oil revenues to fund social programs. ""Today a new era has started, with the expansion of the revolution,"" said Chavez to his supporters promising to continue with socialist policies. ""Long live the socialist revolution, destiny has been written"" said Chavez who added. ""Nobody should be afraid of socialism...  socialism is human, socialism is love.... (today) begins a new age... Venezuela, we have proven it, is red"" said Chavez in reference to the colors of his political party. Chavez was first elected in 1998 and was re-elected to a six-year term in 2000. He also defeated a recall election prompted by his opponents in 2004. Chavez is the fourth left-wing leader to win an election in Latin America in the past five weeks.",Politics and conflicts,True
69006,Microsoft claims 235 patent breaches by open source software,Economy and business,"Software giant Microsoft's chief lawyer Brad Smith claimed in an interview published in the magazine Fortune on Monday that open-source software products violate 235 of Microsoft's patents. The main transgressors are claimed to be Linux (107 patents) and OpenOffice.org (45), with e-mail programs infringing 15 patents. Microsoft wants royalties to compensate for the patent breaches. According to Microsoft's Vice-President of intellectual property and licensing, Horacio Gutierrez, the company wants to negotiate with the open-source companies rather than sue them. ""If we wanted to litigate we would have done that a long time ago. Litigation is not an effective way of going about solutions,"" Gutierrez said. According to him, Microsoft has over the last years tried to work towards a ""constructive"" solution to the alleged problem of patent violation. Microsoft in the past has used the strategy of cross-licensing to get royalties from companies who infringe their patents, for example in their deal with Novell. On a company blog, Novell reiterated that their deal ""is in no way an acknowledgment that Linux infringes upon any Microsoft intellectual property."" ""We don't think that customers will want to continue on without a solution to the problem,"" Gutierrez said about Microsoft's approach to guaranteeing companies that they won't get sued because they use the allegedly patent-infringing Linux operating system. The upcoming third version of the GPL licence, the licence under which Linux is released, will prohibit Linux distributors to agree to patent royalty deals. Microsoft called these ""attempts to tear down the bridge between proprietary and open-source software that Microsoft has worked to build with the industry and customers."" A related U.S. Supreme Court ruling from April 30th showed how software patents can be subject to court challenges; basically, if the innovations patented are ""obvious"", the patent is weakened. Joe Lindsay, information officer for a mortgage company, pointed out that the Unix code that Linux is based upon preceded Microsoft Windows, which might also be a reason for some patents to be invalid. Red Hat, the biggest Linux distributor, said in a statement on Monday: Larry Augustin, former CEO of a company called VA Linux (now VA Software), responsible among other things for launching SourceForge.net, an open-source software development community, posted a message on his blog under the title ""It's Time for Microsoft to Put Up or Shut Up"": According to the Fortune report, more than half of the Fortune 500 companies are estimated to use Linux in their data centers.",Economy and business,True
7645,MSN Encarta introduces wiki-like enhancements,Science and technology,"Microsoft's Encarta has announced the addition of a blog as well as some wiki-like functionality to the online subscription encyclopedia.
Encarta is welcoming revision suggestions from their users, but they have a disclaimer: When the changes are implemented at Encarta, readers can click an ""Edit this article"" link to have their contribution reviewed by editors at Microsoft for possible use. The web enhancement has introduced a minor security glitch for the subscription service. When trying to look up an article on Encarta as a non-subscriber, web surfers receive a teaser page suggesting the user sign up for a subscription [1]. However, using the editor URL for the same article will get a WYSIWYG display of the article requested; a simple way around the subscription requirement [2]. In an interview with Jimmy Wales, founder of Wikipedia, on Friday he suggested the two are not the same, and Encarta's model will not be able to do what Wikipedia does.",Science and technology,True
2175632,Pro-government forces in Iraq launch operation to reclaim Ramadi from Islamic State,Politics and conflicts,"Iraq has started a new military operation to push back Islamic State by reclaiming the city of Ramadi, according to an Iraqi paramilitary spokesperson yesterday. Ramadi, which is the capital of the province of Anbar, fell to Islamic State earlier this month. The new offensive includes both government troops and paramilitary forces — Hashed al-Shaabi, also known as the Popular Mobilisation Brigades, which largely consists of Shiite militias. The operation in the Anbar province seeks to cut off Islamic State supply routes to prepare the way for the recapture of Ramadi. There has so far been fighting reported to the south and west of Ramadi as pro-government forces make their advance. The U.S.-led coalition in Iraq stated it is carrying out airstrikes near Ramadi to support the Iraqi advance. The U.S. is also supplying the Iraqi forces with military equipment, including anti-tank weaponry. A meeting is scheduled for June 2 in Paris between representatives of countries fighting Islamic State. John Kerry, the U.S. secretary of state, is amongst some 20 or more foreign ministers to attend; the meeting is to focus on strategy.",Politics and conflicts,True
22191,Science of champagne bubbles explained,Science and technology,"A team of scientists from universities in France and Brazil have developed a theory that explains the patterns of fine bubbles that arise in a freshly poured glass of champagne. The bubble patterns evolve as the amount of dissolved carbon dioxide changes in the glass. They start out as strings of bubbles that rise in pairs, then gradually transition to bubbles in groups of threes, and finally settle down in a clockwork pattern of regularly spaced individual bubbles. The researchers observed the carbon dioxide bubbles in a champagne glass as they rise from nucleation points on the glass wall. The nucleation points are small defects in the glass that trap tiny vibrating pockets of carbon dioxide.  Dissolved gas in the champagne gradually collects in a vibrating bubble inside the defect, causing it to grow and soon expel gas from the defect, forming another bubble that sticks to the outside of the defect. That bubble, in turn, grows as more dissolved carbon dioxide collects inside it and it eventually breaks free of the defect to rise through the champagne. Then the process begins again with a new bubble expelled from the defect, forming rising strings of tiny bubbles. The patterns are determined by the vibration rate of the gas trapped in the defect and the growth rate of the bubbles outside the defect, which are in turn determined by such things as the pressure of the atmosphere on the surface of the champagne, the champagne temperature, and the size of the nucleation defect in the glass, among other factors. The work could be important in understanding bubbles formed of dissolved gasses in other situations, such as nitrogen bubbles that grow in the blood vessels of surfacing divers and can cause the bends,  and the explosive release of carbon dioxide gas from Cameroon's Lake Nyos that killed over 1800 people in 1986.",Science and technology,True
44193,Discovery going for second launch since 2003 Columbia loss,Science and technology,"With a planned launch time of 3:48 EDT (19:48 UTC), NASA's shuttle Discovery embarks on the second mission since the loss of shuttle Columbia in 2003. The mission designation is STS-121. The crew are as follows: As of 3:50 PM EDT (19:50 UTC), the weather has delayed the launch until July 2, with a planned launch time of 3:26 PM EDT (19:26 GMT).",Science and technology,True
25085,Explosions rock New Delhi marketplace,Politics and conflicts,"Three bombs shook the Indian capital of New Delhi on Saturday in crowded marketplace bazaars within minutes of each other, killing at least 61 people, according to recent reports. The national government is on high alert. Prime Minister Manmohan Singh issued a statement in response to the attack, saying, ""India will win the battle against terrorism."" The BBC reports that ten people have been detained in the investigation into the blasts. Police say they are making progress into the investigation and that it appears the same group was behind all three incidents. In addition to the reported deaths, 210 people have been injured in the blasts in central and south Delhi, according to recent reports. With Diwali, the Hindu festival of lights being celebrated Tuesday, the bomb blasts have sent ripples across the nation. Prime Minister Manmohan Singh blamed terrorists for the blasts, but verification of responsibility has not occurred. The blasts, first thought to be masterminded by Lashkar-e-Toiba, a group which India claims is supported by Pakistan, were later asserted by a group called ""Inquilab"". The blast had all the hallmarks of being carried out by well-funded terrorist groups supported by Pakistan, however its foreign ministry said in a statement: ""Pakistan strongly condemns the terrorist attacks in Delhi, which have resulted in the loss of a number of innocent lives."" The bombings came just as India and Pakistan were beginning to recover from the shock of this month's Kashmir earthquake. Last May, one person died and 49 were wounded by bombs at two Delhi cinemas; the attack was blamed on Sikh militants. Delhi was the location of a terrorist attack in December 2001. The 2001 event was blamed on Islamic militant groups backed by Pakistan, although Hindu-Muslim conflicts have usually occurred in the disputed region of Kashmir.",Politics and conflicts,True
338235,Inquiry ordered into video of US troops urinating on Taliban fighters,Politics and conflicts,"The United States Defense Secretary Leon Panetta has ordered an investigation into a video allegedly showing US Marines urinating on dead Taliban fighters. Panetta has called the videos ""utterly deplorable"" and not appropriate conduct for United States armed forces personnel. Afghan president Hamid Karzai called for  ""the most severe punishment for anyone found guilty in this crime."" The video shows four men apparently dressed in US Marine uniforms urinating on three dead bodies. In it the men are heard saying ""Have a great day, buddy"" and ""hope you like your shower"". The exact date the video was taken is unknown. It appeared on internet sites, including YouTube. The photographing or video taking of human casualties is specifically forbidden by the US military's code of conduct. A statement by Coalition Forces said the men in uniform probably aren't in Afghanistan anymore; the US Marine Corps has since stated they aren't. The coalition statement also reiterated the Department of Defense's stance, saying ""this behavior dishonors the sacrifices and core values of every service member representing the 50 nations of the coalition.... Any individuals with confirmed involvement will be held fully accountable."" The incident will be investigated by the Naval Criminal Investigative Service (NCIS) which investigates criminal matters for the US Navy. The Taliban responded by saying ""First they killed the Afghans with mortars, and they then urinated on their bodies. We strongly condemn this inhumane action by the wild American soldiers.""",Politics and conflicts,True
107169,French fashion designer Yves Saint Laurent dead at 71,Economy and business,"Yves Saint-Laurent, one of the major fashion designers of the 20th century, died Sunday evening of cancer at the age of 71, after four decades at the top of his profession. Friends say he died while at his home in Paris, France. Saint-Laurent was born Yves Henri Donat Dave Mathieu-Saint-Laurent on August 1, 1936 in Oran, Algeria. Saint-Laurent was famous for designing women's clothing and at age 21 he became the head designer for the company House of Dior. He was hired to take the place of the late Christian Dior, who died in 1957. He retired from his job there and ultimately left the fashion industry in 2002, but not before starting his own clothing line and shop with Pierre Berge in 1962. It was once rumored that woman who wore his newly designed pantsuits were not allowed to eat at restaurants or stay in hotels in New York City and London, England. ""Fashion was not only supposed to make women beautiful, but to reassure them, to give them confidence, to allow them to come to terms with themselves,"" Saint-Laurent once said. Saint-Laurent not only fought the effects of cancer, but through the years dealt with drug use and depression. ""I've known fear and terrible solitude. Tranquilizers and drugs, those phony friends. The prison of depression and hospitals. I've emerged from all this, dazzled but sober,"" stated Saint-Laurent.",Sports,False
201662,Scientists conclude that the universe may expand forever,Science and technology,"A study of the amount of dark matter in the universe suggests that the universe itself may continue to expand indefinitely. Researchers say that the universe will likely then become a cold, dead cosmic wasteland. The study was conducted by an international team of researchers led by Professor Eric Jullo at NASA's Jet Propulsion Laboratory in California. The researchers used data from the Hubble Space Telescope showing the way that light was distorted, known as a gravitational lens, from a large galactic cluster known as Abell 1689 to estimate the amount of dark energy to be about three quarters of the universe. Dark energy is a completely invisible force that is constantly acting upon the universe. Its existence is known only because of its effects on the expansion of the universe. As the universe expands and cools, the temperature will approach absolute zero. Jullo says that scientists can now say, for the first time, that the universe ""will continue to accelerate and the universe will expand forever"".",Science and technology,True
26635,Peter Forsberg scores two in win over the Boston Bruins,Sports,"In Friday's National Hockey League contest between the Philadelphia Flyers and the Boston Bruins at the TD Banknorth Garden in Boston, Massachusetts. Peter Forsberg almost netted his first ""hat trick"" in a Flyers uniform.  At one point during the game, he had been given credit for three goals, however an official review took his first goal away, and officially he scored his eighth goal of the season at 13:06 in the second period with assists from Simon Gagne and former Hartford Whaler Sami Kapanen. To date, there have been 24 hat tricks (3 or more goals in one game) in this NHL season. Forsberg, a 32 year old native of Sweden, recently joined the Flyers for the 2005-2006 season after spending the NHL lockout season with Modo, Sweden. The Flyers ended up winning the game 5-3, adding yet another loss to an already disappointing Bruins season.",Sports,True
38897,"Native protesters repel police raid in Caledonia, Ontario",Politics and conflicts,"Just before 5 a.m. EDT (0900 UTC) on Thursday, Ontario Provincial Police officers armed with guns, tasers, tear gas, and pepper spray stormed the area that dozens of Six Nations protesters have occupied for the past 52 days. ""People were pepper sprayed...another man was shot in the back with a Taser and we were told more police officers would be coming back,"" said protester Hazel Hill. ""The police just completely swarmed the territory,"" said protester Mike Desroches, adding that the officers entered with guns drawn.  No shots were fired. ""They swarmed every which way, I couldn't even hazard a guess how many cops,"" said another man, Clyde Powless. The protesters have been unarmed since the beginning of the occupation, although a police statement said some officers needed medical attention for injuries sustained ""while confronted by the protesters with […] axes, crowbars, rocks and a various assortment of make-shift batons"". OPP Deputy Commissioner Maurice Pilon confirmed that 16 people were arrested before protesters called in reinforcements that caused police to retreat.  A spokeswoman for the protesters, Janie Jamieson, made it clear that the confrontation was not over.  ""We're prepared ... for however long it takes,"" she said. Protesters started a huge tire fire to block the road in an attempt to prevent a further incursion by the police. A dump truck was also stopped astride the road and roadblocks set up to prevent the passage of traffic. Protesters expect more natives to support them in the near future.",Politics and conflicts,True
80893,Australian PM rules out economic sanctions against Myanmar,Politics and conflicts,"Australian Prime Minister John Howard has announced that it will investigate implementing ""targeted financial sanctions against regime figures and supporters,"" but has ruled out economic sanctions against Myanmar. He noted that economic sanctions could harm the people of Myanmar. ""You always have a conflict in these situations between demonstrating your position by some kind of sanction, but making sure that those sanctions don't hurt the people who we are really trying to help,"" he said. Howard noted the important role that China has in the crisis. ""The country that can exert most pressure on Burma is China and we will be encouraging, and we are doing it already, encouraging China to exert a positive influence on the regime to encourage it to hold back on the repression and to adopt a more accommodating attitude towards the people,"" he said. Howard described the government of Myanmar as ""a thoroughly loathsome regime."" He said that his government would tighten visa restrictions for regime officials, and maintain the ban on defence exports to Myanmar.",Politics and conflicts,True
33164,2006 Olympic Winter Games open in Italy,Sports,"The 20th Olympic Winter Games are set to start today in Turin, Italy. Producers of the Olympics have promised, ""rhythm, passion and speed,"" as an estimated 35,000 people will pile inside the stadium and nearly two billion will turn out for the events. Dancers, abutting the majestic Alps, paid a tribute to seven nations, including Austria, Germany and France, in the opening ceremonies wearing green sheaths and pulling fake cows on wheels. It was to pay homage to livestock and mountain life, and so the audience could cheer both, everyone was supplied with cowbells. Dancers then brought out big white bubbles which were stuck to their heads. Bacilli, who has performed in concerts for U2 and The Rolling Stones said the balls signify snow. Eight women, Italian actress Sophia Loren, Chilean writer Isabel Allende, American actress Susan Sarandon, Nobel Peace-prize winner Wangari Maathai of Kenya, and three Olympic medal winners carried the Olympic flag.  This was the first time ever that only women carried the flag. At least 6,100 volunteers who worked an estimated 10,000 hours helped to organize and run the ceremonies. Unfortunately, in the hours before the games were to start, eight cross-country skiers, a former gold medalist from Germany, and two Americans, were suspended for five days each after they failed blood tests. The tests say that they had elevated levels of hemoglobin, an enzyme within red blood cells that can increase endurance. However, the positives results could be due to the body's acclimation to mountain air, or dehydration. The American skiers are Kikkan Randall of Anchorage Alaska, and Leif Zimmermann of Bozeman, Montana.",Sports,True
2801377,Ronaldo signs extended contract with Real Madrid to 2021,Sports,"Yesterday, Spanish capital football club Real Madrid announced winger and Portugal captain Cristiano Ronaldo has signed a new five-year contract running through June 2021. Ronaldo joined Los Blancos in the summer of 2009 from English club Manchester United F.C. Since then, he has netted 371 goals for the club. Spending seven seasons with Real Madrid, Ronaldo has won two UEFA Champions League trophies, both against their city rivals Atlético de Madrid, and one La Liga title. He has also won two Copa del Rey, one Supercopa de España, UEFA Super Cup, and FIFA Club World Cup. Per the previous contract, Ronaldo was tied to the club till July 2018. The Daily Mail reported Ronaldo would probably continue to earn about £365,000 (€410,000) per week. This year, Ronaldo won the UEFA Champions League in Milan, scoring the winning penalty, and in July he won the UEFA Euro 2016 with Portugal. Almost a year ago, last season, Ronaldo became Real Madrid's top scorer breaking the previous record of Raúl's 323 goals. In the press conference, Ronaldo expressed his desire to play till the age of 41 saying, ""I'm going to be here for another five years, but let it be known this will not be my last contract"". When asked about his retirement, he said, ""No-one knows what the future holds."" A week ago, the club announced Welsh forward Gareth Bale had signed a six-year contract extension.",Sports,True
2880165,"Voracious fish defend coral reefs against warming, say scientists",Science and technology,"In findings published on Wednesday in Science Advances, researchers from the Georgia Institute of Technology (GT) and University of South Carolina Beaufort, both in the United States, reported warming seas appear to decrease the efficacy of the chemical compounds that corals release into the water to defend themselves from bacteria and encroaching seaweed, but these losses may be mitigated if there are large numbers of hungry fish around. The research was led by Mark Hay, a marine ecologist and Regents Professor at GT, who said ""There is a lot of argument now about whether local management can help in the face of global stresses — whether what a Fijian village does matters when people in London and Los Angeles burn fossil fuels to drive to work"". Hay added, ""Our work indicates that local management provides a degree of insurance against global stresses, but there are likely higher temperatures that render the insurance ineffective."" The researchers examined three types of coral in reefs off the coast of Fiji, Acropora millepora, Porites cylindrica, and Pocillopora damicornis.  Some of these reefs were in areas where fishing was prohibited and some were not.  The researchers found when fish were plentiful, they would eat algae and seaweed off the corals, which appeared to leave them more resistant to the bacterium Vibrio coralliilyticus, a bacterium associated with bleaching. The researchers suggested the algae, like warming temperatures, might render the corals' chemical defenses less effective, and the fish were protecting the coral by removing the algae.  They reported, ""Macroalgae are suggested to disrupt coral microbiomes via transfer of allelochemicals or microbes or release of dissolved organic carbon that affects microbial growth"". P. cyclindrica and P. damicornis are known to be function under conditions that damage other corals and A. millepora is not. Each reef-building coral unit is a collection of polyps living in symbiotic partnership with zooxanthellae algae.  The polyp, a cnidarian as are jellyfish, provides stinging protection and secretes a calcium shell, and the algae performs photosynthesis, produces oxygen and gives the coral its color.  Changing ocean environments have led to a phenomenon called coral bleaching when warmer waters cause the cnidarian to expel the algae from its body, which turns the coral reefs white.  This does not kill the cnidarian partner but does leave it badly weakened and vulnerable to disease.",Science and technology,True
11522,"600,000 new dollar millionaires created in 2004",Economy and business,"According to this years edition of the World Wealth Report conducted by Merrill Lynch and Capgemini, the number of millionaires worldwide increased by 600,000 to 8.3m in 2004. The report defines a millionaire as an individual who has assets worth more than $1m excluding their primary residence. The combined wealth of all these high net worth individuals (HNWI's) exceeds $30 trillion. At a regional level, Australia, India, Singapore, and Hong Kong were the strongest performers - Australia added 47 new millionaires a day throughout 2004, whilst India added almost 25 a day. The following is a regional breakdown:",Economy and business,True
103494,"Sony Fair 2008 starts in Taipei, Taiwan with ""HD Entertainment Park""",Science and technology,"The fifth annual Sony Fair, established and organized by Sony Taiwan Limited in Taipei, Taiwan since 2004, started at the North Square of Taipei 101 near the TWTC Hall 3 from April 3 to 13. With more opportunities and chances of Blu-ray and High-definition markets, the organizer named its theme slogan with ""High-definition Entertainment Park"". Not only executives supported this show, and high-definition AV-media showcases, but Sony BMG Taiwan will also invite several vocalists to hold some mini concerts in the Sony Fair 2008 to bring up the visitors during holiday nights.",Science and technology,True
42872,Scientists discover new kind of shark in northwest Atlantic,Science and technology,"A new species of hammerhead shark has been found in the northwest Atlantic Ocean off the coast of South Carolina. According to scientists, the species, classified as genus Sphyrna, looks much like the scalloped hammerhead, but is ""genetically distinct"" from the scalloped hammerhead. University of South Carolina Biology Professor Joe Quattro, who discovered the shark, describes it as ""cryptic""; it is described as a rare find. This is the ninth such species of the hammerhead shark to be discovered. Scientists have named the species a 'cryptic species' because no formal name has been selected for the shark. According to Dr. Quattro, ""if South Carolina's waters are the primary nursery grounds for the cryptic species and females gather here to reproduce, these areas should be conservation priorities."" Scientists say the shark only breeds off the S. Carolina coast and that it is at a risk for extinction. ""Management plans are needed to ensure that these sharks are not adversely impacted so that we can learn more,"" added Dr. Quattro. So far, there are only 454 other named and classified species of shark in the wild. Two other scientists, Dr. Jim Grady at the University of New Orleans and Dr. Trey Driggers with the National Marine Fisheries Service, are also among the biologists to help with the discovery.",Science and technology,True
31706,"Ford Motor Company cutting 30,000 jobs by 2012",Economy and business,"The Ford Motor Company, the second-largest car manufacturer in America, will cut 30,000 jobs and 14 plants as part of a restructuring plan to relieve Ford after a US$1.6 billion loss last year in North American sales. The plan, called ""Way Forward"", the brainchild of Ford's Chief Executive Officer, William Clay Ford Jr., is to end Ford's North American losses by 2008. To accomplish this 30,000 jobs which make up 20 to 25 percent of Ford's North American workforce of 122,000 people will be cut and 14 plants will be closed in order to bring Ford's production capacity in line with demand. By the end of this year, the Atlanta and St. Louis plants will be closed. Atlanta makes the Ford Taurus sedan, which is being phased out. The St. Louis plant is one of two plants that manufactures the Ford Explorer, whose sales had a 29% decline in 2005. It will also close its Wixom, Michigan plant, Batavia Transmission in Ohio the Windsor Casting plant in Ontario which was previously announced by Ford that it was to be closed after contract negotiations with the Canadian Auto Workers union. The plant in St. Thomas, Ontario plant will have one shift cut from it. The plant makes the Crown Victoria and Grand Marquis cars. On this cut of the one shift, Whitey MacDonald, chairperson of Local 1520, Canadian Auto Workers union said ""There is a lot of anger here today, there is no doubt about it. Any time a plant goes to one shift, it puts them in limbo. This car has made the company millions of dollars over the years they have invested in other products and locations - we are entitled to some new investment given our track record."" Positive news for the plant is that Ford is still committed to invest $200 million into the plant to upgrade the appearance of the two cars manufactured there. On the contrary, according to Automotive analyst Dennis DesRosier believes that the factory is still ""likely"" to close. DesRoiser said, ""The St. Thomas plant is old, the product is old, it make sense it is on that list. This may be just a short-term reprieve, it may be look at permanent closure in two to three years."" Two more plants will close in 2008, another two in 2012. Two more plants to be closed are to be announced later this year. Also, Ford will fire 12% of its 53 executive officers. Due to the company's current contract with the United Auto Workers union, workers at the idled plants will still be receiving their pay and benefits until Ford negotiates a new contract with the union. However, the workers may not earn what they earn today because they will not be eligible for overtime. The UAW President Ron Gettelfinger and Vice President Gerald Bantom called say the plan is ""extremely disappointing."" The UAW issued statement saying ""The impacted hourly and salaried workers find themselves facing uncertain futures because of senior management's failure to halt Ford's sliding market share. The announcement has further left a cloud hanging over the entire work force because of pending future announcements of additional facilities to be closed at some point in the future.""",Economy and business,True
104791,Kimi Räikkönen wins 2008 Spanish Grand Prix,Sports,"Ferrari driver Kimi Räikkönen won the FIA Formula One 2008 Gran Premio de España Telefónica at Circuit de Catalunya, Barcelona, Spain. Both Ferrari drivers were on the podium, with Ferrari's Felipe Massa finishing right after his teammate. Fernando Alonso's Renault couldn't maintain the high pace. Having started from second place after Räikkönen, the car's engine failed midway through the race. McLaren Mercedes drivers took the third row in qualification, but Heikki Kovalainen suffered a full speed crash into a wall of tyres during the race. The driver was evacuated to the hospital and is reported to be 'in stable condition'. His teammate Lewis Hamilton gained third place after the two Ferraris, having qualified in fifth place. Robert Kubica earned 5 points for BMW Sauber finishing immediately after Hamilton. The rest of the cars to finish did so more than 30 seconds after Räikkönen.",Sports,True
127706,Venezuela bans Coke Zero over unspecified health problems,Economy and business,"Coke Zero, a product of the Coca-Cola Company has been banned in Venezuela by the government. Jesús Mantilla, the health minister for Venezuela stated the ban is to preserve the health of Venezuelans but did not specify what problems could be caused with consuming Coke Zero. Coca-Cola agreed to abide by the ban but claimed that Coke Zero contained no harmful ingredients. ""Coca Cola Zero is made under the highest quality standards around the world and meets the sanitary requirements demanded by the laws of the Bolivarian Republic of Venezuela,"" said Coca Cola in a statement. Coke Zero, which was first sold in 2005 in the United States, was launched in Venezuela in April and Coca-Cola Femsa, the Mexican company who bottles the drink, hoped to increase the market share for low calorie drinks by up to 200 percent. Coke Zero contains no sugar and was created to be an alternative to Coca-Cola Classic. Venezuela is currently in the process of nationalizing much of its economy. Earlier in the year the government seized a rice mill and a pasta factory owned by American food production company, Cargill. Legal action has also been threatened against pharmaceutical company Pfizer.",Economy and business,True
49216,Israel offers peace treaty with Lebanon,Politics and conflicts,"Ehud Olmert, the Prime Minister of Israel has offered to make peace with Lebanon, calling for an end to ""hostility, fanaticism and hatred"" towards each nation by ""shaking [each other's] hands."" ""How natural it would be if the Lebanese prime minister replied to the many requests I conveyed to him, through different people, to sit down together, shake hands, make peace and end once and for all the hostility, fanaticism and hatred that part of his country feels towards us,"" said Olmert, who was speaking to students at a school in Ma'alot. Olmert also said that he ""hopes that day comes soon."" ""We have to have a situation, where we do not see those lorries coming from Syria, full of Iranian missiles, full of Iranian rockets. That will just make Hezbollah strong again. That is not good for Lebanon; it is not good for Israel,"" he added. Fouad Siniora, the Prime Minister of Lebanon said that no treaty or invitation to talk has reached his office and that any such treaty or invitation would be turned down. ""Nobody has conveyed such invitations. [Both] are rejected before they arrive,"" said a statement from Siniora's office. The statement continued saying, ""what is required from Israel is that it ... withdraw from the Lebanese territory it has occupied and from the Shebaa farms and stop violating the [UN truce] resolution by ending its unjust blockade of Lebanon. Lebanon will be the last state to sign peace with Israel and that can only happen based on the Arab peace initiative.""",Politics and conflicts,True
20965,"Chopper knocks Austrian gondola off cables, killing nine",Sports,"On Monday, a helicopter accidentally dropped a concrete block weighing nearly 1,500 pounds when it was flying it up to an Austrian mountain for a ""ski resort construction project"". The concrete block struck a cable holding a gondola, the one that suffered all of the casualties, although other gondolas reported people suffering injuries from the jolt. The car that was hit fell quite some distance to the ground, up to hundreds of meters. Two more cars started tilting as some people were flung out from these cars. A least nine people are reported to be killed in the incidents. There are also many injured, some of them seriously.  Up to a dozen rescue helicopters immediately rushed to the scene from all over the Swiss alps. The work was made to make the infrastructure more secure after an incident that happened when a low-flying US marine plane cut through a cable killing 20 people in 1998.  This incident will bring into question if those policies saved lives or need to be recast in light of this tragedy.",Politics and conflicts,False
2911293,Gregory Kurtzer discusses plans for Rocky Linux with Wikinews as Red Hat announces moving focus away from CentOS,Science and technology,"Last week, on December 8, US-based software company Red Hat announced plans to shift their focus away from CentOS in favour of CentOS stream. Started in 2004, CentOS has been a free-of-cost free/libre open source software which provided binary-code compatibility with Red Hat Enterprise Linux (RHEL) — Red Hat's GNU General Public Licensed paid operating system.  Gregory Kurtzer told Wikinews he started CAOS Linux around the time when Red Hat announced End of Life for their Red Hat Linux in favour of subscription-based Red Hat Enterprise Linux.  CAOS was succeeded by CentOS when Rocky McGaugh, a developer of CAOS rebuilt the source code of RHEL to provide a monetarily free alternative.  CentOS was absorbed into Red Hat in 2014, with Red Hat gaining the trademark rights of ""CentOS"". Red Hat also sponsors the development of the Fedora operating system.  Until now, software development took place on Fedora, which was later adopted in RHEL, which the Red Hat maintained and provided support for, for those customers who had RHEL subscription. CentOS would then follow RHEL's release cycle to provide the same features free of cost, but without the support. Stream was announced in September 2019, just two months after Red Hat was acquired by IBM.  CentOS Stream's development cycle had new features added to it before the features became a part of RHEL.  Stream receives more frequent updates, however, it does not follow RHEL's release cycle. With CentOS Stream, developments from the community and the Red Hat employees would take place beforehand on both Fedora, and Stream as a rolling release, before those features are absorbed into RHEL.  CentOS followed the release cycle of RHEL and therefore it was a stable distribution.  Features available in CentOS were tried and tested by Fedora, and then RHEL maintainers. Red Hat's Chief Technical Officer Chris Wright wrote in the announcement ""CentOS Stream isn't a replacement for CentOS Linux; rather, it's a natural, inevitable next step intended to fulfill the project's goal of furthering enterprise Linux innovation.""  Since the announcement was made, many people expressed their anger on Internet Relay Chat (IRC), Reddit and CentOS project's mailing list. CentOS 8's End of Life (EOL) has been moved up from May 2029 to December 31, 2021, while CentOS 7 is expected to receive maintenance updates through June 2024, outliving CentOS 8. Soon after Red Hat's announcement, Kurtzer announced his intentions to develop Rocky Linux, to fill the role CentOS had been playing for so long.  Kurtzer said Rocky Linux was named after Rocky McGaugh.  ""Thinking back to early CentOS days... My cofounder was Rocky McGaugh. He is no longer with us, so as a H/T [hat tip] to him, who never got to see the success that CentOS came to be, I introduce to you...Rocky Linux"", Kurtzer wrote.  Wikinews discussed with Kurtzer the beginning of CentOS, and future of Rocky Linux. While no formal date of release has been announced for Rocky Linux, Kurtzer said they are planning to release the CentOS replacement before the end of life of CentOS 8.  Kurtzer also said Rocky Linux will run on both x86-64 and ARM-based processors, and CentOS users would be able to convert their OS to Rocky Linux just by running a single command. Saying Rocky Linux is for the community, Kurtzer said he ""take[s] the responsibility of ensuring that all decisions are in favor of the community and the project and free from corporate control"" including his own company.  Talking about the attention from the userbase Rocky Linux has received, Kurtzer said, ""I have never seen an open community come together this fast and be this passionate about working together towards a common goal."" Why was CentOS originally created?  What were the reasons why it was then absorbed by Red Hat? ((Gregory Kurtzer))  CentOS was originally created because Red Hat decided to EOL (End of Life) Red Hat Linux (RHL) shortly after releasing RHL 8.  Overnight, RHL ceased to exist and Red Hat instead released Red Hat Enterprise Linux (RHEL) which was a commercial only product.  This means that the majority of RHL users were left without a ""free"" solution or upgrade path. At the time a Linux distribution that I founded called CAOS Linux was just beginning to get underway, and we too were relying on RHL as a bootstrap build environment.  One of our developers, Rocky McGaugh, quickly rebuilt the sources in RHEL to give us a stable foundation.  That was the beginning of CentOS which was released as an open source project. After CentOS became widely known, CentOS was separated from Caos Linux Foundation and another person took the lead.  Later, the project underwent some drama — lost developers, contributors, and a lot of support, to the point where only a couple of developers were running everything and Red Hat hired most of them.  I had no visibility of the acquisition of CentOS. ((WN))  How has CentOS evolved since it became a part of Red Hat? ((Gregory Kurtzer))  Red Hat has invested a good deal of resources into the CentOS project itself and the community has benefited from additional developers, closer ties to Red Hat's internal development team and infrastructure (including Fedora), marketing, branding, conference presence, etc. Red Hat has always been a tremendous supporter of Linux and open source, but that doesn't make Red Hat/IBM a good home for CentOS. ((WN))  How will this move by Red Hat, to move focus towards Stream, affect those who relied on CentOS? ((Gregory Kurtzer))  The focus towards Stream, while not exactly meeting the needs of enterprise use cases, wasn't the biggest problem, it was the unexpected change in the CentOS End Of Life (EOL) which moved from 2029 to 2021.  But either one, much less both together, demonstrates that the Community Enterprise Operating System is not technically ""community"" or ""enterprise"".  We have heard from many people now that this move has undermined not only trust in CentOS, but also other open source distributions of Linux which are commercially controlled.  Who is to stop them from doing something very similar? ((WN))  Tell us about Rocky Linux. ((Gregory Kurtzer))  Rocky Linux is a Community Enterprise Linux distribution by the community and for the community.  Our goal is to be bug-for-bug compatible with RHEL and provide a long life for enterprise needs. ((WN))  How will Rocky Linux aim to fill the void that CentOS will leave? ((Gregory Kurtzer))  The last time I checked, CentOS was the most utilized Linux server operating system on the Internet.  All of these users, including development teams, need stability.  Linux is free.  Myself, among many thousands of developers and companies around the world, have contributed to what makes up a Linux distribution.  While nobody has a problem with companies offering value by building a usable, supportable platform out of open source software, there needs to be a freely available version out of respect to all of the people who have made the distribution possible as well as the organizations that have contributed time and resources into Linux.  It is not owned by the Linux distribution vendor, it is packaged by them. Rocky [Linux] will provide a freely available, stable, enterprise-grade operating system that can be used everywhere by anyone. ((WN))  Will Rocky Linux provide a way to migrate CentOS 7 and 8 to Rocky Linux?  How will you ensure it is a smooth transition? ((Gregory Kurtzer))  We are not currently forking CentOS 7 because that has not changed its EOL.  If that changes, we will rebuild that as well. To convert a CentOS 8 system to Rocky Linux 8, you only need to run a single command: dnf install http://your.favorite.rocky.mirror/path/to/rocky-release*.rpm Because Rocky is completely compatible with both CentOS and RHEL, this single command is all you will have to do to keep your system running, patched, and supported. ((WN))  Which hardwares will Rocky Linux run on?  Is the aim to provide support for all hardwares CentOS supported, or just those which Red Hat supported? ((Gregory Kurtzer))  So far we have very active support and interest in x86-64 as well as ARM.  Nobody from IBM Power has reached out to us (yet). ((WN))  Will Rocky Linux be the same as CentOS in functionality, or will it do some things differently? ((Gregory Kurtzer))  Bug-for-bug compatibility. We've already been approached by multiple people asking about Special Interest Groups (SIGs) for value adds over and above the base enterprise platform.  One of my interests, for example, can be supported here with an HPC (High Performance Computing) SIG.  Big Data, Kubernetes/Containers, and enhanced security have been among the other SIG proposals we've received. ((WN))  What are some of the challenges that Rocky Linux currently faces?  How do you plan to tackle those? ((Gregory Kurtzer))  Velocity of growth is the biggest challenge so far.  We are six days old and we keep hitting the invite link limits for our Slack, which now has thousands of people in it.  I've requested a sponsorship from Slack, but so far, we haven't had a very positive outcome.  We're looking into alternatives to Slack for real-time communications as well.  For durable discussion, we've had more than 100,000 views of our forums in three days, and already we're hitting limits with our hosting there, so that needs to be scaled soon as well. Also, we are working on FIPS certifications and STIG standards which have been a consistent request.  That means that the security and compliance team is guiding how every aspect of the infrastructure is set up to guarantee security, compliance, and trust. ((WN))  How many developers are working on Rocky Linux?  What are the important things that require significant developer time and attention? ((Gregory Kurtzer))  We are about 65 contributors actively driving Rocky right now, all in small task groups to do specific things.  We also have about another 250 who have volunteered and are awaiting roles, and even more asking to help drive and build the community.  We also have small to massive corporations stepping up to support us in the form of sponsorships, donations, mirrors, hardware, cloud resources, etc. Very careful attention will be paid to the security, trust, and compliance of what we are creating. I have never seen an open community come together this fast and be this passionate about working together towards a common goal. ((WN))  Can we expect Rocky Linux to be released before CentOS 8 reaches end of life? ((Gregory Kurtzer))  Yes.  While we haven't given any ETA on release, we already have a large percentage of the work underway and if I were to make a SWAG [Scientific wild-ass guess], it will be near the end of Q1 or beginning of Q2 2021. ((WN))  How will the governing body of Rocky Linux function?  How can Rocky Linux ensure similar situation like this does not repeat? ((Gregory Kurtzer))  At the moment, we have a structure similar to most organizations.  People have been empowered to make decisions and report upwards.  This may change in the future, but right now, we need leadership and I take the responsibility of ensuring that all decisions are in favor of the community and the project and free from corporate control (even from my own company). My commitment to the project is that Rocky will always remain in the best interest of the community and everyone who wishes to be part of the organization, with good intentions, will be welcomed.  Since day one, Rocky's coordination efforts have been completely transparent.  I invite anyone reading this to join the #rocky-coordination channel on our Slack instance. There you'll find many high-level discussions taking place with direct community involvement. ((WN))  What are the short-term and long-term goals of Rocky Linux and how will the project ensure it stays on its path? ((Gregory Kurtzer))  Short term: organization of technology and people. Mid term: general availability of Rocky Linux. Long term: growing the community like sponsoring SIGs.",Science and technology,True
18161,Slovenian alpinist rescued from Himalayan peak,Sports,"Early Wednesday morning (5:30 am local time), the Pakistani military helicopter Lama III rescued Slovenian alpinist Tomaž Humar, who went up on a solo climb on one of the highest peaks in the Himalayas. Humar became trapped by a bad weather and avalanches in a ice-cave on 5 August at an approximate height of 5900 meters with no food left for the last few days. After Mr. Humar was back in the base-camp, the mission medic Dr. Anda Perdan said he has some very beginning of chilblains on his toes, but she expects there will be no serious consequences. By one of the Slovenian news-sites 24ur.com - Srečen, na trdnih tleh, he decided to stay in the base-camp after the rescue mission (and not being taken to the hospital), however, by the Reuters news agency, he has been later taken to a hospital located in the mountain town of Gilgit. This article is a continuing story of the Slovenian alpinist in rescue on Nanga Parbat.",Economy and business,False
87046,Space Shuttle Atlantis launch delayed until 2008,Science and technology,"NASA have today announced that the launch of Space Shuttle Atlantis, mission STS-122, which is a module delivery mission to the International Space Station (ISS), will be delayed until January 2nd, 2008 at the earliest, after scrubbing today's launch attempt, and an earlier attempt on December 6th. The decision to scrub the launch attempt was made at 7:24 a.m. EST by shuttle program managers. The reason behind the scrubbing is to allow shuttle engineers to spend time diagnosing and fixing the erroneous readings presented to the crew and Mission Control by the intermittent malfunctioning of a critical engine cutoff sensor (ECO). While only one of the four sensors was malfunctioning, the current launch criteria for the mission state that all four ECOs must be functioning correctly in order to launch. At a meeting held at 9 a.m., NASA's Mission Management Team for STS-122 decided on a postponement until January 2nd at the very earliest. Atlantis is due to deliver the European Space Agency's (ESA) Columbus laboratory module to the ISS. Alan Thirkettle, ESA's Space Station Program Manager, said, regarding the delay in launch: ""In the big picture, it's not a setback. [But] it is disappointing because we have 750 people over here.""",Science and technology,True
519784,"Slovakia's Alena Kanova defeats Sara Head, taking bronze in class 3 table tennis",Sports,"London, England— Slovakian fans were out in force at London's ExCeL earlier today, watching the 23-minute table tennis match between Great Britain's Sara Head and their country's Alena Kanova. The battle for bronze in the women's single class 3 match ended with Kanova winning by 3 sets to 1 to take the medal. Head took an early lead, winning the first set 11–2 before going down to Kanova in the second set by 5–11.  Head kept the scoring closer in the third set at 4–7 at one point, before losing 5–11.  The British fans dominated Slovakia in terms of volume, chanting ""G-B! G-B!"" in support of their player, with the occasional shout of ""Go Sara!"".  The Slovaks ruled the stands in terms of waving large flags. A loud chant from Great Britain's fans stopped abruptly after Kanova scored. Head could not come back in the fourth set, losing 3–11 and seeing Kanova take the bronze. In the gold medal match on the main table, Austria's Doris Mader lost to Sweden's Anna-Carin Ahlquist, with Ahlquist receiving loud support from her teammates and coaches.  She won 11–4, 11–6 and 11–5 in straight sets.",Sports,True
102943,2008 TaiSPO: Interview with Ideal Bike Corporation and Gary Silva,Sports,"2008 Taipei International Cycle Show (Taipei Cycle) & Taipei International Sporting Goods Show (TaiSPO) not only did a best reunion with conjunctions of the launch of Taipei World Trade Center Nangang Exhibition and the concurrent cycling race of 2008 Tour de Taiwan but also provide opportunities and benefits for sporting goods, bicycle, and athlete sports industries to establish the basis of the sourcing center in Asia and notabilities on the international cycling race. Although the Taipei cycle was split from the TaiSPO since 1988, but the trends of sporting good industry in Taiwan changed rapidly and multiply because of modern people's lifestyles and habits. After the ""TaiSPO Innovation Award"" was established since 2005, the fitness and leisure industries became popular stars as several international buyers respected on lifestyle and health. For example, some participants participated Taipei Cycle and TaiSPO with different product lines to do several marketing on bicycle and fitness equipments, this also echoed the ""Three New Movements"" proposed by Giant Co., Ltd. to make a simple bicycle with multiple applications and functions. As of those facts above, Wikinews Journalist Rico Shen interviewed Ideal Bike Corporation and Gary Silva, designer of ""3G Steeper"" to find out the possibilities on the optimizations between two elements, fitness and bicycle. ((Wikinews)) What are the conceptions on the design of 3G Stepper? Ideal: (As Gary Silva in demonstrations) We merged some basis on a elliptic and a simple fitness stepper, all designed for indoor fitness sporting. After this, the 3G Stepper became a functional bicycle with fitness and transportation. As its steppers were originally designed with lever theory and without bicycle seat, not only its speed was determined by its frequency when stepping, but also a user should use one's physical strengths and torques (turnings) to balance the 3G Stepper and make a high intensive works on sporting. ((WN)) Although the show schedule is concurrent for TaiSPO and Taipei Cycle, but why did you participate the innovation award for the 3G Stepper at TaiSPO? Ideal: As of mentioned functions before, it can't be fully thought as a bicycle because of fitness functionality. ((WN)) So you [Ideal Bike] consider to participate at TaiSPO with fitness factor? Ideal: Traditionally, a bicycle often worked on a person's lower-body, but we promoted ""3G Stepper"" by considering its fitness factor to hope everyone do a great full-body work with its coordination because a rider should use strengths on one's upper-body to step on the stepper. ((WN)) Not only fitness, but also artificial intelligence? And the other features? Ideal: Originally, we [Ideal Bike] promoted the 3G Stepper mainly to the bicycle and sporting goods market in United States for leisure and fitness because of a DAMN bad lifestyle especially not sporting and bad beverage culture, which will cause several cardiovascular diseases. By the way, we also designer a smaller version for kids because we hope 3G Stepper is not just a ""simple scooter"" but a great invention. With this conception, we hope kids can be interested in this stepper and do several trainings on balance. In the past, several people were afraid of a bicycle because its dynamic balance should be done when riding. Last but not least, the 3G Stepper has no limitations on a rider's heights and clothes. ((WN)) What do you think about the concurrent schedule on TaiSPO and Taipei Cycle showcased in different venues? Gary Silva: As you know, even though the bicycle (industry) is important, but we [Ideal Bike] chose the TaiSPO because of its nature on fitness. I hope that ""a bicycle is not just a simple bicycle"". ((WN)) More than 20 years ago, the Taipei Cycle was ever included in TaiSPO, but after the maturity of export market on bicycle industry, the Taiwan External Trade Development Council (TAITRA) finally split the bicycle (industry) from sporting goods (industry), and currently, it became the current condition as two trade shows showcased each other... Gary: It sounds like a good idea and a proper split even though the industry natures of bicycle and sporting good are similar, and some buyers also want to gain some sourcing resources from those two (bicycle and sporting good) industries. ((WN)) What do you think about a combination on TaiSPO, Taipei Cycle, and Tour de Taiwan? Gary: Tour de Taiwan? ((WN)) A cycling race. Gary: Very nice, this combination will bring visitors on those two shows. ((WN)) Will this combination provide benefits on sporting good, bicycle, and athlete sports industries? Gary: Yes, surely. Because buyers and visitors from those three main activity can understand their each own backgrounds, and this optimization will improve notabilities on two shows and the cycling race.",Sports,True
99155,Abu Dhabi starts constructing 'green city',Economy and business,"The United Arab Emirates (UAE) has started construction of its so called 'green city' which will be named Masdar City. It is a city which is designed to have no carbon emissions, cars, or waste. It will cost $22 billion (£11 billion) and take eight years to make. It will be able to hold a population of 50,000 people and 1,500 businesses. The city will cover 1,483 acres (6.00 km²). The city was designed by Foster and Partners, a British company. “No one has ever built a zero-carbon city before. Nor one producing zero waste or fully powered by renewable energy. Masdar City will accomplish all three,” said Sultan Al Jaber. The city will have a personal electrical power supply mainly from two renewable energy sources: wind turbines and solar panels. Water will be provided through a solar-powered desalination plant and air conditioning will be provided naturally from wind towers. It is planned to save more than $2 billion in oil over the next 25 years along with creating more than 70 000 jobs. The immense project will be supported by a company created for it called 'Masdar Initiative', which will develop and commercialise clean energy technologies. It will also be supported by the WWF, a global conservation charity, and it is hoped that international joint ventures will bring in more money. Some people fear that Masdar will become a domain for the luxury development of the rich, because the city is located by Abu Dhabi and Abu Dhabi International Airport. Dr Al Jaber said, “We are often asked why we are setting our goal so high. Our answer is because someone must... Someone must push the envelope to create the solution that we, as a global community, so urgently require.”",Economy and business,True
14518,Luxembourg votes Yes to the EU treaty,Politics and conflicts,"The people of Luxembourg voted a slight yes today on a referendum on the EU Constitution, which was the first national referendum since 1937. A large turnout was expected considering that there is a legal obligation to vote in Luxembourg, overall 220 000 people voted out of 223 000 voters. A close vote was expected as the last opinion poll a month ago indicated a small advantage for the ""yes"", but a substantial 16% of non-decided. The results were 56.52%  voted ""Jo"" (Yes) and 43.48% voted ""Nee"" (No). Traditionally, Luxembourgers are pro-European, and all the major parties backed the approval. However globalisation, rising unemployment, immigration & the new Eastern members made some of them feel uneasy, same as in neighbouring France and in the Netherlands where a majority of people rejected the treaty.",Politics and conflicts,True
38970,King of Nepal to restore democracy,Politics and conflicts,"In an address to the nation, the king of Nepal, Gyanendra said that he was turning the nation pro-democratic. ""We are committed to multi-party democracy and a constitutional monarchy. Executive power of the kingdom of Nepal, which was in our safekeeping, shall from this day be returned to the people. We hope peace and order is restored to the country by protecting multi-party democracy. We ask the seven-party alliance to recommend the name for the post of prime minister at the earliest,"" said the king in his address to the nation today. Girija Prasad Koirala, the former Prime Minister of Nepal and leader of the opposition alliance said he will meet and discuss the announcement made by the king, before responding. Earlier, United States Ambassador James Moriarty, had said that ""his [the king's] time is running out"" and that ""ultimately the king will have to leave if he doesn't compromise. And by 'ultimately' I mean sooner rather than later.""",Politics and conflicts,True
109411,Antiglobalization protestors march near site of G8 summit,Politics and conflicts,"Hundreds of antiglobalization protesters marched on the streets of Sapporo, Japan, around the scene of the current G8 summit. The 2008 G8 summit, a gathering of the leaders of France, United States, United Kingdom, Russia, Germany, Japan, Italy and Canada, began yesterday in Sapporo, Japan. Some of the protesters were wearing helmets and masks, and according to NECN.com, were shouting ""crash the summit."" There was a large police presence at the scene of the protests, with some of the officers being equipped with riot gear. They claimed that some of the protests violated Japanese law. In addition to the protests, activists in Mali held the Poor People's Summit at a time to coincide with the G8 summit.",Economy and business,False
20314,Football: Ronaldinho signs for Barcelona until 2010,Sports,"A Brazilian international footballer, Ronaldo de Assis Moreira, also known as Little Ronaldo (Ronaldinho), signed a contract with FC Barcelona until 2010, today, prolonging it for two years. It is fairly certain that he will stay in the club for the length of the contract. ""Now I'll just carry on doing the same as I have been doing until now, only that now I have a longer term contract, I'll be even more motivated,"" an official Barcelona website quoted Ronaldinho. According to a new clause in his contract, any club who wants to buy him will have to part with 85 million pounds. One of the most interested teams was Chelsea FC, who were looking to fill their striker position. Ronaldinho is happy to stay in Barcelona: ""You cannot put a price on the happiness and joy I am feeling right now."" He transferred from Paris Saint-Germain in 2003 for 17 million pounds becoming one of the biggest football starts in Spain. FIFA awarded him the prestigous title of ""best football player in the world"" in 2005.",Sports,True
245819,Australian town to change name to promote road safety,Science and technology,"The residents of Speed, a small town in the south-east of Australia, have made the decision to modify the name of the town for one month in an attempt to improve road safety in the country. The name of the town will be adjusted to SpeedKills across next month. The idea was created by the Transport Accident Commission (TAC). A campaign was launched on the social networking website Facebook, saying that if 10,000 'liked' the campaign page, the name of the town — which has a population of 45 — would be changed. 'Rename Speed' has now gone on to achieve over 33,000 likes. Previously, the government had used various advertising campaigns in an attempt to get motorists to reduce speed. However, these campaigns were in large part unsuccessful. In 2010, Australia experienced a 25% increase in deaths on rural roads . TAC spokesperson Phil Reed has stated that, with this new name change campaign, ""[w]e're trying to get people to stay within the speed limits, obey road safety rules"" and cause motorists to ""realise that when they don't, people die"". One inhabitant of Speed has also made the decision to change his name during March. Phil Down, who grows wheat and raises sheep, has decided to change his name to Phil Slow Down. Speaking to the Australian Broadcasting Corporation, Down explained: ""It's virtually on the road to somewhere else, so we've taken our quirky name and run with it to bring the attention to the campaign of trying to get people to slow down on country roads and especially through small towns"".",Science and technology,True
7922,Romania to adopt euro between 2012 and 2014,Economy and business,"Mugur Isărescu, the governor of the National Bank of Romania (BNR) predicted yesterday that Romania would adopt the euro sometime between 2012 and 2014, possibly joining the Exchange Rate Mechanism II as early as 2010. In July 2004, Romania will revalue its currency, the leu, so that 10,000 old lei will equal 1 new leu, with 1 euro being equal to approximately 3.6 new lei. Dual pricing, in both the old leu and the new leu, has already been introduced from March 2005. The transition to the new leu is expected to stabilise the Romanian currency and prepare the country for euro adoption. After Isărescu's declaration, many people commented that they were surprised by how late the target date for euro adoption had been set, being 7-9 years away. However, Isărescu responded by stating that the new Central European members of the European Union, which joined in 2004, have not yet joined the euro, and that countries such as the Czech Republic, Poland and Hungary are only expected to adopt the currency between 2008-2010, 4-6 years after accession. In Romania's case, the adoption will take place 5–7 years after accession in 2007.",Economy and business,True
14158,Philippine President calls for resignation of cabinet due to deflation of peso,Economy and business,"Amid news of a drop of the Philippine peso for a sixth straight week, Philippine President Gloria Macapagal-Arroyo on Thursday asked all members of the cabinet to resign, preparing the road for change in the administration. In the past month the peso has fallen 3.1 percent due in part to accusations that Arroyo cheated in last year's elections, as well as accusations that her family members have been taking kickbacks from illegal gambling operations. The central bank may move to buy the peso in an attempt to stem the decline and raise lenders' reserve requirements so they have less money to bet against the currency. While Arroyo was asking for the resignations, Finance Secretary Cesar Purisima and other officials, including Tax Commissioner Guillermo Parayno, Customs Commissioner Bert Lina, Budget Secretary Emilia Boncodin and Trade Secretary Juan Santos, called for Arroyo's resignation. The text of their statement is available here. However, Arroyo refused, and while addressing the nation via radio she said ""I am not resigning my office. To do so under circumstances that connote an Edsa 3 (the third people's revolution) would condemn any successor to the possibility of an Edsa 4, then an Edsa 5, and so on and so on, unless our political system were first reformed to make it more responsive to the people's will, such that changes in leadership come about in an orderly and stable manner..."" Arroyo said that the time had come to face the fact that the political system had degenerated so much that partisan agenda is coming before national interest. She pointed to the huge emigration from the country as an indication of the large problems within, while endless scandals and conflict seem to plague the southeast Asian nation. The President ended her address by promising to bring a resolution to all that has plagued the country.",Politics and conflicts,False
73965,Tour de France: Yellow jersey Cancellara surprises sprinters,Sports,"In the third and longest stage of the Tour de France today, the Swiss leader Fabian Cancellara didn't wait to compete with the sprinters, and used his time trial qualities to just hold them off and haul in a second victory. The riders had 236.5 km in front of them when they started around 11 a.m. this morning in Waregem, Belgium, heading for the French town Compiègne, which is known also as the start of the race Paris-Roubaix. Remarkably, the riders didn't go faster than 30 km/hour most of the stage, so they came in an hour behind schedule after almost seven hours in the saddle. After an early escape, Nicolas Vogondy and Matthieu Ladagnous were joined by Stephane Auge and Frederik Willems (the first three French, the latter Belgian) at 42 km of the finish. The former duo had a maximum lead of around 13 minutes 45 seconds, but the quartet of escapees was caught by the peleton just 500 m from the finish. The yellow jersey and winner of the prologue took an early shot at the finale and managed to keep off Erik Zabel, Danilo Napolitano and Tom Boonen, among others. The bonus seconds expand Canchellara's lead from 13 to 33 seconds. In the climbing ranking, David Millar lost the polka dot jersey to Stephane Auge but remains third, 43 seconds behind Cancellara. Results of the third stage: Overall standing:",Sports,True
168824,Serbia condemns 1995 Srebrenica massacre,Politics and conflicts,"Serbia's parliament has approved a landmark resolution condemning the July 1995 Srebrenica massacre, in which 8,000 Bosnian Muslim men and boys were killed by Bosnian Serb troops. This tragedy is considered the worst atrocity carried out in Europe since the Second World War and a symbol of the brutality of the 1992–95 Balkan wars. After thirteen hours of debate, 127 of the 250 Serbia's parliament lawmakers voted to pass the landmark resolution; only 173 were present. ""The parliament of Serbia strongly condemns the crime committed against the Bosnian Muslim population of Srebrenica in July 1995"", says the resolution. Also, the text apologises to the families of the victims ""because not everything possible was done to prevent the tragedy"". But yesterday, Serbia showed the world how deeply divided it was. Democrats and Socialists, the pro-Western ruling coalition, voted in favor of the resolution because they want to bring Serbia closer to its goal of becoming a member of the European Union. The nationalist opposition, on the other hand, voted against it, saying that war crimes were made against Bosnian Serbs as well. Serb Muslim lawmakers were not satisfied with the text because it doesn't use the word ""genocide"", despite the term's use by the European Union and the International Criminal Tribunal for the former Yugoslavia in The Hague. The former Serb Bosnian leader Radovan Karadžić is currently on trial in the UN court. The general who commanded the Serb soldiers in Srebrenica massacre, Ratko Mladić, is still on the run. Slobodan Milošević, president of Serbia during the Balkan wars, was found dead in his cell four years ago.",Politics and conflicts,True
101723,Space Shuttle Endeavour launches for mission STS-123,Science and technology,"Space Shuttle Endeavour successfully launched this morning from Launch Complex 39A at the Kennedy Space Center, on mission STS-123 to assemble the International Space Station (ISS). Lift-off occurred at 06:28:14 UTC (02:28 local time). On board was a crew of seven astronauts; Mission Commander Dominic Gorie, Pilot Gregory Johnson, Robert Behnken, Michael Foreman, Richard Linnehan, Takao Doi and Garrett Reisman. All except Reisman will return to Earth aboard Endeavour in two week's time. Reisman, a member of the ISS Expedition 16 and 17 crews, will remain aboard the Space Station, replacing Léopold Eyharts who launched aboard STS-122 last month. During the 16-day mission - the longest Shuttle flight in support of the ISS - the crew will install two major ISS components. the Kibō Pressurised Logistics Module and the Canadian Special Purpose Dexterous Manipulator (SPDM). The Kibō Pressurised Logistics Module is the first of three components which will form the Japanese Experiment Module (JEM). It will be temporarily installed on a spare docking port of the Harmony module of the Station, and will later be fitted to the main pressurised experiment module, which is slated for launch aboard STS-124, to be flown by Discovery in late May. SPDM, also known as Dextre, is a twin robotic arm system, or Remote Manipulator System (RMS), which will be installed on the end of the Space Station's Canadarm2 robotic arm. It will allow complex tasks to be completed without the need for a spacewalk. Five extra-vehicular activities are planned for the mission. The first three of these will be to assemble, install and test the Dextre SPDM. This will be followed by an EVA to test new tile repair techniques in the event of a Shuttle becoming damaged on a later mission. This test comes ahead of the planned STS-125 mission to service the Hubble Space Telescope in August. The final EVA will be to stow the Orbiter Boom Sensor System (OBSS) on the Space Station. This usually remains on the Shuttle for launch and landing, however as the next mission, STS-124, is carrying a very large payload - the JEM pressurised experiment module - the OBSS cannot be accommodated in its payload bay for launch. Because it will be needed once the Shuttle reaches orbit, Discovery will collect the OBSS from the ISS, and return it to Earth at the end of its mission. The OBSS is used to conduct photography of the orbiter's heat shield, in order to check for damage, similar to that which caused the Columbia accident. Two minor problems occurred during the launch. Firstly, the primary Flash Evaporator System failed, resulting in a switch to the backup system, which performed normally. The Flash Evaporator System is used to cool the Shuttle prior to the deployment of its radiators. The radiators were deployed normally following payload bay door opening, once the Shuttle was in orbit. The other issue was that instrumentation failed for a small number of Reaction Control System (RCS) thrusters, which are used to control the Shuttles attitude. Neither problem is expected to affect the mission. The ascent to orbit has been initially assessed as ""clean"" in terms of debris impacts, the only concern is a suspected birdstrike ten seconds after launch, however it is believed that Endeavour was not travelling fast enough to sustain damage. This is the 122nd launch of the Space Shuttle, the 21st of Endeavour, and the 25th Shuttle mission to the ISS. It also marks the ninth, and second manned, orbital launch of 2008. Launch occurred at night, making this the Shuttle's 30th night launch.  This flight was originally scheduled to launch on February 14th, but after the previous mission, STS-122, was delayed due to bad sensors inside the external fuel tank, STS-123 was pushed back to no earlier than March 11.",Science and technology,True
76437,Markets dragged down by credit crisis,Economy and business,"Global stock markets fell today, in a mass sell-off stemming from the sub-prime mortgage crisis in the United States. The Dow Jones Industrial Average rebounded late in the day after falling more than 250 points, ending the day down about 31 points. The UK's FTSE-100 index fell 232.90 points to 6038.30, and Japan's Nikkei 225 fell 406.51 points to 16764.09. Central banks across the world are injecting funds into their banking systems to add liquidity, fearing that many financial firms with subprime ties will be insolvent. Yesterday, the U.S. Federal Reserve transferred US$24 billion to temporary reserves, following the European Central Bank, which authorized a record €83.6 billion addition to its banks, its biggest cash infusion ever. On Friday, the Fed entered into a $38 billion repurchase agreement of mortgage-backed securities, easing stockholder worries. Also on Friday, the Bank of Japan injected ¥1 trillion into Japan's financial system. The Federal Reserve met this week, but decided to maintain its target rate of 5.25%, although on Friday the federal funds rate was hovering around 6%, indicating a drop in liquidity. The volatile week began last Friday with Bear Stearns tumbling as a result from its complete loss of two major hedge funds worth more than $1.5 billion. The hedge funds had been dangerously exposed to the massive sub-prime mortgage failure, and the company announced it was unable to return any money to investors. Washington Mutual, and Countrywide Financial, both very large U.S. home loan lenders, saw shares fall. Countrywide Financial made a statement this week, saying they will be forced to retain a greater proportion of mortgage. American Home Mortgage Investment Corp, another large lender, recently filed for bankruptcy. The U.S. housing market has been declining for more than two years after the Federal Reserve raised interest rates 17 times. Now, lenders are in a quagmire from millions of people who are unable to repay loans after taking adjustable rate mortgages, teaser rates, interest-only mortgages, or piggyback rates. Jim Cramer, of CNBC's Mad Money, remarked that as many as seven million people will lose their homes from bad mortgages. Last Friday, Cramer went on a tirade on CNBC's Street Signs, saying that the ""Fed was asleep"" and called for them to lower rates immediately. Asian and European markets have become increasingly entangled in the subprime mortgage crisis in the U.S. Deutsche Bank of Germany lost almost $3.5 billion in share value, forcing the government to organize a bail-out. France's largest bank, BNP Paribas SA, halted withdrawals from three large investment funds which were crippled by sub-prime exposure.",Economy and business,True
59537,Primary camera on Hubble Space Telescope shut down,Science and technology,"The primary camera on the Hubble Space Telescope has shut down and is likely to only be restored to partial functionality, according to reports from the National Aeronautics and Space Administration (NASA). The camera on the telescope, known as the ""Advanced Camera for Surveys"" or ACS, can be reactivated but will be restored to only one-third of its operating capacity. The restoration will probably take place in mid-February. The camera shut down over the weekend, probably due to a failure of its backup power supply. It was the third such shutdown of the camera in the past calendar year. The camera had been operating on its backup power since June 30, 2006, when engineers switched from the primary power supply (""Side A"") to the backup (""Side B"") due to a malfunction. A review board was convened on January 29 to assess all options and to decide on a course of action. Their findings will be reported to NASA on March 2, 2007. The ACS, developed jointly by four American agencies, was installed in March of 2002. It is a system of three cameras, filters, and dispersers which act to detect wavelengths of light ranging from near-infrared to ultraviolet. It is a system that was designed to last five years, according to Preston Burch, associate director and program manager for the Hubble Space Telescope. NASA also indicated that the other four main systems on the telescope remain unaffected and functioning normally. Research work will resume this week using those systems. A scheduled mission to the space telescope in 2008 is expected to deliver instruments to further upgrade the capabilities of the telescope. It is not known what the effect of the ACS failure will have on the scheduled mission. Burch said in a press release posted on the NASA main website, ""It is important that the review board conduct a thorough investigation that will allow us to determine if there are any changes needed in the new instruments that will be installed on the upcoming servicing mission so that we can be sure of maximizing the telescope's scientific output. We are continuing to make excellent progress in our preparations for the servicing mission, which is presently targeted to fly in September 2008.""",Science and technology,True
43823,Warren Buffett to donate $37 billion (USD) to Bill and Melinda Gates Foundation,Economy and business,"Warren Buffett, the billionaire investor of Berkshire Hathaway Inc., announced on June 25 to Fortune magazine that he would be donating a total of $37 billion (USD) to the Bill and Melinda Gates Foundation, which is already worth over $29 billion, and other charities. Buffett, at 75, is one of the richest people on the planet with a fortune estimated at $44 billion. Buffett previously stated that he would give a mass portion of his wealth away to philanthropic purposes in his will when he died.",Economy and business,True
42858,Trinidad and Tobago hold Sweden in second Group B match,Sports,"In what might amount to one of the shocks of the tournament Trinidad and Tobago drew with Sweden 0-0 in the second Group B match, Saturday, despite having a defender sent off. Lars Largerback's Swedish side failed to break a high-energy team marshalled with great confidence from midfield by the Trinidadian captain Dwight Yorke. Some excellent defending from Carlos Edwards and the Caribbean back four managed to keep out its European rivals for a famous first ever point in the World Cup tournament for the small island country. Trinidad and Tobago started the game with a reserve goalkeeper after first choice Kelvin Jack was injured after warming up. But Shaka Hislop produced a string of outstanding saves, which included one 11 minutes from time when he stuck out a hand to stop Marcus Allback placing the ball over him. The sending off of Avery John, after getting booked for a second time for a lunge, this time on Christian Wilhelmsson on 46 minutes, did not stop the Soca Warriors. In reply Leo Benhakker changed to a more attacking 4-3-2 system and threw on an extra attacker. The West Indies team led by Yorke was competitive and hard in the tackle but Swedish pressure meant the team was in its own half of the pitch most of the game. The team had few chances on goal because its attacking plays were few; but one shot from substitute Cornell Glen clipped the crossbar to the glee of supporters. Sweden made many goalscoring chances but its strikers must feel unfortunate that none were converted. Rami Shaaban in the Sweden goal did not have a save to make. A statistic that says much for the dominance of the Swedish yellow jerseys is that Sweden had eight corner kicks to Trinidad and Tobago's one. Group B Attendance: 65'000 Referee: Shamsul Maidin (Signapore)",Sports,True
111066,2008 Olympic Games officially open,Sports,"Witnessed by at least 90,000 spectators, the Opening Ceremony of the 2008 Olympic Games was held at the National Stadium — nicknamed ""Bird's Nest"" — in Beijing China this evening. The ceremony began at 8:00 p.m. local time (12:00 noon UTC) with two thousand and eight ancient Chinese percussion instruments called ""Fou"", each controlled by a young man. The first greeting message was a Confucius' saying, ""How Happy We Are, To Meet Friends From Afar"", which the percussionists chanted. 204 teams from over the world marched into the stadium. In Olympic tradition, Greece entered first and China appeared last — the originating country and the host country, respectively. The other 202 teams were welcomed, ordered by the count of strokes to write the team name in Chinese characters. There were several performances, including a 100+ member troupe of Taiwanese dancers and Chinese pop group A-One. There were also solo performances by Lang Lang, Sarah Brightman, and Liu Huan.",Sports,True
48965,Space shuttle Atlantis set to launch on September 6,Science and technology,"NASA says it will launch the space shuttle Atlantis on Wednesday, September 6, at 12:29 p.m. Countdown until launch will begin on Sunday. NASA officials also say that the shuttle, launch pad and facilities at the space center suffered no damage from tropical depression Ernesto. ""We had no damage. Zero. Nada. We fully anticipate being ready to go as early as September 6,"" said Bruce Buckingham, a spokesman for NASA's Kennedy Space Center. ""There was no water intrusion in any operational areas, and so basically we came through this one unscathed,"" said Bill Johnson, a spokesman for NASA. If any delay causes the shuttle not to launch on Wednesday, NASA will attempt another launch two days from Wednesday. A bolt of lightning struck the launch pad which caused NASA to delay the shuttle launch. No damage was sustained when the bolt hit.",Science and technology,True
3958,"Nepal’s King Gyanendra dismisses the government, claims power for himself",Politics and conflicts,"Kathmandu, Nepal —The King of Nepal, Gyanendra Bir Bikram Shah Dev, has dissolved the coalition government, accusing it of factional fighting and failing in its duty to protect democracy. Several key political figures in the old coalition have been put under house arrest, including the leader of the Nepal Communist Party. The king has said that he removed the government of Prime Minister Sher Bahadur Deuba because ""it has failed to make necessary arrangements to hold elections by April and protect democracy, the sovereignty of the people and life and property"".  The king had repeatedly called on Deuba to set a date for elections despite threats by Maoist rebels to block any vote. ""I have exercised my rights given to the crown under the present constitution and I have, therefore, dissolved the government for the larger interests,"" the king said. This announcement occurs with the backdrop of a continuing civil war which has claimed the lives of more than 11,000 people since 1996.",Politics and conflicts,True
194559,Spain advances to first World Cup Finals,Sports,"Spain defeated Germany 1–0 in the semifinals to advance Spain to its first World Cup Finals in its history. Played in Moses Mabhida Stadium in Durban, South Africa, the game was a re-do of the 2008 European Championship final, in which Spain also won 1–0. About 60,960 people, including Spain's Queen Sofía, were in attendance. The game got off to an interesting start after an Italian fan invaded the pitch in the fourth minute, briefly interrupting the game. A first half dominated both by the German defense and the increasingly powerful offense kept both teams scoreless at halftime. Spain used the second half to threaten the German goal. In the 57th minute, Spain's David Villa came within inches of scoring on an Andrés Iniesta cross, and Sergio Ramos was equally close to convert Xabi Alonso's pass. Carles Puyol scored the lone goal in the 73rd minute by heading in Xavi's corner kick. As the game came to an end, the German team was visibly distraught, while fans of the Spanish team partied until late at night, waving flags and singing ""Ole! Ole! Ole!"". Villa later said, ""This is one of the greatest moments for Spain, for us to be in the final of the World Cup, it's history. And we want to make more history in the final."" In addition to being Spain's first finals appearance, the Netherlands' defeat of Uruguay on Tuesday advanced the Netherlands to the finals as well. As neither team has won the World Cup before, this match-up ensures that either the Netherlands or Spain will come out having won the World Cup for the first time. It will also be the two teams' first ever match against each other in the World Cup. Uruguay and Germany will play each other for third place on Saturday at 18:30 UTC, while the finals will be on Sunday 18:30 UTC.",Sports,True
76703,"2007 World Deaf Swimming Championships Day 3: ""Bad weather"" and ""New Record Day of Belarus""",Sports,"On the 3rd day of the 2007 World Deaf Swimming Championships, the Men 1500m Freestyle, Women 800m Freestyle, 50m Breaststroke, 200m Freestyle, 4x100m Medley Relay Groups finales took place during the afternoon and evening. Belarus deaf swimmer Natalia Deeva not only broke old ""women 50m breaststroke record"" established by her teammate Aksana Petrushenka on June 19, 2006 with 35.28 seconds at 50m Breaststroke heat session within 34.97 seconds, but also broke her record again at final session within 34.91 seconds. Besides of individual record, Natalia Deeva and Aksana Petrushenka also participated Women 4x100m Medley Relay Group Final, not only won the 1st place, but also broke former record established by Russian National Team on January 10, 2005 with 4 minute and 39.63 seconds at that group final within 4 minute and 38 seconds. With the three-times new world records written, that's exactly a ""New Record Day"" for Belarus. Even though heats and finales were still in process, but due to a torrential rain in Taiwan, the Award Ceremony of 3rd Matchday has been postponed to next matchday.",Sports,True
97851,Proton rocket launches Ekspress AM-33 comsat,Science and technology,"A Russian Proton-M/Briz-M carrier rocket launched this morning at 00:18 UTC, carrying the Ekspress AM-33 (also known as Express AM-33) communication satellite. Launch, from area 200/39 at the Baikonur Cosmodrome in Kazakhstan took place on schedule, and the satellite was successfully placed into an intermediate transfer orbit. Operations to place the satellite into its final Geosynchronous orbit, through further burns of the Briz-M upper stage, should have been completed, however no official announcement has yet been made. This is the third orbital launch of 2008, and the first to be conducted by Russia. The satellite will provide C, L and Ku-band communication services. It has a mass of 2600kg, and an expected orbital lifetime of 12 years. It was constructed by NPO PM and Thales Alenia Space, and will be operated by the Russian Space Communication Company, and RKA. It will be placed in a geosynchronous orbit, about 36,000 kilometres above the Earth, at a longitude of 95.5°E. It will replace the AM-11 satellite, which malfunctioned in 2006.",Science and technology,True
48513,"Amnesty: ""looming human rights crisis"" in Darfur",Politics and conflicts,"A ""peacekeeping gap"" is likely to plunge Sudan back into major conflict in the Darfur region, according to Amnesty International. The group today added its voice today to a growing disquiet over the worsening situation in that country, as expressed by the International Rescue Committee. In a statement, the body’s Executive Deputy Secretary General Kate Gilmore, confirmed concerns that the Sudanese government are arming soldiers in preparation for conflict, despite signing a peace deal in May. ""Eyewitnesses in el-Fasher in North Darfur are telling us that Sudanese government military flights are flying in troops and arms on a daily basis,"" Gilmore said, urging the international community to act. The U.N. is discussing a draft resolution today to send 20,000 troops into western Sudan to protect the 2.5 million displaced people. But the Sudanese government has rejected calls for foreign intervention, instead suggesting a 26,000-strong domestic force, which Amnesty opposes. ""How can Sudan — which appears to be about to launch its own offensive in Darfur — realistically propose being a peacekeeper in a conflict to which it is a major party and perpetrator of grave human rights violations,"" Amnesty officials asked. Evidence that Khartoum is arming in preparation for further fighting in Darfur is causing concern among governments about a future genocide. Yesterday the U.S. Assistant Secretary of State Jendayi Frazer flew to the Sudanese capital to urge the government, led by Omar Hassan Ahmad al-Bashir, to accept the U.N. force. ""Darfur is on the verge of a dangerous downward spiral,"" Frazer said, criticizing the U.N. for ""foot dragging"" on the issue. The Sudanese government are wholly against the U.N. intervention. National Congress Party chairman Ghazi Salah Eldin Atabani told journalists ""any state that sponsors this [U.N.] draft resolution will be regarded as assuming a hostile attitude against the Sudan."" If Darfur does descend into further government-sponsored conflict, the consequences would be devastating for the civilian population, according to Eric Reeves of Democracy Now: ""If this offensive takes place, there will be massive, massive civilian destruction. I think we're also likely to see a withdrawal of virtually all humanitarian workers. This will leave some 1.2 million people completely dependent on humanitarian aid, without any assistance whatsoever,"" Reeves told the Coalition for Darfur on Saturday. Meanwhile, the situation for the millions of refugees on the ground is deteriorating rapidly, according to the International Rescue Committee. On Wednesday, the group released statistics which suggest as many as 200 women have been sexually assaulted since the start of July, often as they leave settlements in search of firewood and food. ""This is a massive spike in figures,"" said the IRC's Kurt Tjossem, ""we are used to hearing of 2 to 4 incidents of sexual assault per month in Kalma camp [in southern Darfur]"".",Politics and conflicts,True
102285,"2008 Taipei Cycle: Interview with Fma International about the design of ""Champion Cheongsam""",Sports,"The leader of the 2008 Tour de Taiwan gets a yellow jersey.  But every tour winner gets assistance from a ""Miss Etiquette,""  a tour assistant and a brand new part of the Tour de Taiwan.  Miss Ettiquette has become a key feature at the awards ceremonies for every stage. Fma International Co., Ltd., the jersey sponsor of 2008 Tour de Taiwan, and a participant of the 2008 Taipei Cycle, has designed 4 different cheongsams (dresses) for ""Miss Etiquette,"" each matching the colors of the four leader jerseys. These cheongsam made a big hit with the Taiwanese and international media in Taiwan. But what led to these champion jerseys and cheongsams? Wikinews Journalist Rico Shen visited the booth of Fma International and interviewed Martin Hsueh-po Cheng, General Manager of Fma International, to uncover the background of their design at the 3rd Day of Taipei Cycle, just after the finish of the 7th Stage of the Tour de Taiwan (March 15). ((Wikinews)) Why did you cooperate with the Chinese Taipei Cycling Association (CTCA) to design the leader jerseys and cheongsams? Martin Cheng: We [Fma International] are proud of our sponsorship of the 2008 Tour de Taiwan. Before the race, we contacted Tour executives and in conjunction with the  Taiwan Textile Research Institute (TTRI), the well-known research academy,...were able to contribute a brand new material for CTCA's design.  Because the Tour de Taiwan is a famous world-class competition, we can get this wonderful chance to market our brand and our design to the world. ((WN)) Usually designs such as the champion cheongsam for ""Miss Etiquette"", are only available at world-class competitions such as the Olympic Games or the World Games. Why did Fma International think to design these champion cheongsams? Martin: The champion cheongsams, whose colors matched the four leader jerseys, are exclusively designed for the award ceremony to make these simple ceremonies more vivid and colorful... ((WN)) Before the design, did you coordinate with the CTCA on the design? Martin: Coordination was a necessity because the design had to be approved by the Union Cycliste Internationale. Only after their approval, it could these designs be part of the Tour de Tawain awards ceremonies. of the race. By the way, we also did a number of alterations to customize these important champion cheongsams for each ""Miss Etiquette"" chosen by the CTCA. ((WN)) Do you do trial runs with these new products and designs that your industry produced? Martin: We cooperated with the TTRI for a long time on rematching and rearranging new materials when designing and did several trial runs with our newly-designed jerseys and jerseys produced with similar materials. Generally, these materials have been certified by the TTRI other some other international verification group including from Taiwan. ((WN)) Other comments? Or some other significant feature? Martin: We [the public] know that an emperor in China dressed a yellow robe to symbolize as the royalty. Originally, our company [Fma International] hoped our design would include not only our brand new fabric technology but also a traditional element, well-known as part of Taiwanese high fashion. After discussions with several senior designers, we introduced the ""dragon"", an animal symbolizing our traditional culture here in our Chinese-language countries, into our design and created a logo symbolic of a coiled dragon. In general, we hope this new design can be of great significance.",Sports,True
103348,"UEFA Champions League: April 1, 2008",Sports,"Two first legs in the UEFA Champions League took place on Tuesday. Spanish giants Barcelona traveled to Germany to take on Schalke 04, while Roma welcomed Manchester United to the Stadio Olympico. Both visiting teams came away with crucial away wins, giving them fine chances at proceeding to the semi-final stage. 17 year old striker Bojan Krkic scored the only goal of the match for Barcelona in the 12th minute. Thierry Henry rolled his own rebound across the face of the goal and Krkic slotted the ball into the open net. After the opening goal, Barcelona closed down the game looking to hold onto their advantage. Barcelona played much of the second period defending from their half, with their forward play coming on the counter-attack. Schalke pressed hard as the game wore on and had chances through Fabian Ernst, Halil Altintop, and Christian Pander. Substitute Soren Larsen wasted Schalke's best chance to draw level when he failed to react to a cross, and it bounced off his head instead of him heading into the net. Barcelona held for the full 90 minutes and now have the advantage in the two game series. Manchester United won the first leg of their quarter-final matches against AS Roma. The game passed with much less incident than last years, when violent crowd riots broke out. Roma started the game out strongly with Mancini and Vucinic both having attempts on goal. United's defensive line took a blow when Nemanja Vidic twisted his knee, and was replaced by John O'Shea in the 34th minute. Cristiano Ronaldo then scored his 7th Champions League goal as he sprinted into the box and headed Paul Schole's cross into the net. Roma had a chance to equalize soon after but Vucinic dragged his powerful shot just wide. Just as the home side looked to be coming close to a goal, United doubled their lead through Wayne Rooney. Roma keeper Doni made an error by missing Ji-Sung Park's headed cross, and Rooney took full advantage when the ball dropped at his feet. Ronaldo nearly made it three only minutes later, but Doni deflected his low drive onto the post. Michael Carrick then had a chance to score but scuffed his half- volley wide. United kept the pressure up and cruised to the crucial away victory. Second legs will take place on Wednesday, April 9th.",Sports,True
81832,2007 Rugby World Cup: Australia 10 - 12 England,Sports,"England advanced to the semi-final stage of the 2007 Rugby World Cup with a 12-10 victory over Australia in the first quarter-final of the tournament at Stade Vélodrome, Marseille, France. Jonny Wilkinson kicked the defending champions to victory with four penalties, in a repeat of the 2003 final. Stirling Mortlock opened the scoring for Australia with a penalty, but missed two other chances to extend their lead early on. England went ahead after two penalties from Jonny Wilkinson, however Australia regained their lead as Lote Tuqiri scored a try in the 33rd minute. Australia led 10-6 at half time as Wilkinson missed two opportunities to reduce the deficit. Australia failed to score in the second half, with Berrick Barnes and Chris Latham both missing drop goal attempts. Jonny Wilkinson kicked two penalties to give England a two point lead despite missing two more opportunities with the boot. Stirling Mortlock missed a late penalty that would have won the match for Australia. England, who have improved after faltering early in their campaign, hung on to reach the semi-finals. They will play France, who defeated New Zealand 18-20, in a repeat of the 2003 semi-final.",Sports,True
19688,Montreal lab questions ethics of recent EPO doping claims against Lance Armstrong,Sports,"Dr. Christiane Ayotte is Doping Control director at Canada's Institut National de la Recherché Scientifique, which is a World Anti-doping Agency (WADA) certified lab. Dr. Ayotte said on Tuesday (Aug. 23) that three ethically critical, and important, scientific questions were raised by a four-page doping allegation in the French cycling daily L'Équipe. L'Équipe released lab data with a medical identification allegedly finding banned EPO in five year old samples of cyclist Lance Armstrong's urine, originally taken after he won the 1999 Tour de France. Ayotte expressed surprise that chemical testing of 1999 urine could have been done in 2004 at the French national anti-doping laboratory at Châtenay-Malabry. She said that she routinely instructs all doping laboratory organizations that EPO deteriorates and disappears after two or three months, even if the urine is frozen. Ayotte does not question whether the new type of analysis is correct; rather she questions the ethics of long-delayed test results. The first ethical problem , in her opinion, is that an adverse finding cannot be confirmed with second samples, as required by WADA regulations. She states that there are normally two samples, ""A"" and ""B"". The Châtenay-Malabry EPO findings were based on Armstrong's ""B"" samples. Armstrong's ""A"" samples were depleted in 1999 for tests that did not include EPO, because no EPO test was available that year. French Sports Minister Jean-François Lamour said that without the ""A"" samples, no disciplinary action could be taken against Armstrong. The second ethical problem, in Ayotte's view, is that an athlete charged with doping long after the athletic event has no way to submit to additional testing to disprove an adverse finding. The third ethical problem for Ayotte is that L'Équipe disclosed Armstrong's medical identity. ""It seems to me,"" Ayotte continued, ""that this whole thing is breach of the WADA code. We are supposed to work confidentially until such time that we can confirm a result. By no means does this mean that we sweep a result under the carpet, but it has to meet a certain set of requirements."" Ayotte continued, ""I'm worried, because I have a great deal of respect for my colleagues in Paris. I am concerned that they did not cover their backs before being dragged into a very public issue of this kind."" Lance Armstrong has responded on his website, branding L'Équipe's reporting as being ""nothing short of tabloid journalism."" Armstrong says: ""I will simply restate what I have said many times: I have never taken performance[-]enhancing drugs."" Further confusing public understanding of the EPO doping claim is  Armstrong's statement in his autobiography, It's Not About the Bike: he said he received EPO during his cancer chemotherapy treatment. ""It was the only thing that kept me alive,"" he wrote. Jean-Marie Leblanc, the director of the Tour de France, said that Armstrong owes cycling fans an explanation. Leblanc said; ""For the first time—and these are no longer rumors, or insinuations, these are proven scientific facts—someone has shown me that in 1999, Armstrong had a banned substance called EPO in his body.""",Sports,True
229268,Jimmie Johnson named 2010 Driver of the Year,Sports,"On Wednesday, NASCAR driver Jimmie Johnson was named the 2010 Driver of the Year. Anyone who competes in a vehicle with four wheels in the United States is eligible to win the award. By doing so, he tied his Hendrick Motorsports team mate Jeff Gordon with four, the most in its 44 year history. Johnson won the award with 10 votes, three more than NHRA driver John Force. Fellow NASCAR driver, Kyle Busch only received one vote. Johnson, who also won the award in 2006, 2007, and 2009, commented, ""It's an honor to win the award again. Among such tough competition, with the voting panel, who it is and how well versed they are in motorsports, it's a huge, huge honor."" Johnson was told he was the winner during the NASCAR Awards Banquet held in Las Vegas, Nevada. Barry Schmoyer, president of the award panel, said, ""This year's pre-vote teleconference was one of the most spirited debates that I can recall. As many people have said already, it will be a long time before anyone will set the bar as high as Jimmie Johnson."" The trophy and a Tissot wristwatch are some of the items he will receive as the winner. The place and time where they will be presented will be announced at a later date.",Sports,True
122949,North Korean military detains two American journalists,Politics and conflicts,"The North Korean military has detained two American journalists after they allegedly crossed into North Korea from China by accident. ""Two reporters working for a U.S.-based Internet news media outlet, including a Korean-American, were detained by North Korean authorities earlier this week, and they remain in custody there,"" said Yonhap news agency, quoting an unnamed Korean official. Reports say that the journalists were both warned several times by the North Korean military, about crossing the border. The two journalists are both female, Euna Lee a Korean-American and Laura Ling a Chinese-American, of Current TV based in California in the United States. Lee is the editor of the news for Current TV and Ling is one of the agency's reporters. They were said to have been shooting a video of the border region of China and N. Korea when they were arrested at the Tumen River. The U.S. says they are concerned about the incident. ""We're aware of reports that early in the morning of March 17, China time, two American citizens were taken into custody across the Tumen river by what appear to be North Korean border guards. We are working with Chinese government officials in that particular area to ascertain the whereabouts and welfare of the Americans in question. We've also been in touch with North Korean officials to express our concern about the situation,"" said U.S. State Department spokesman, Fred Lash.",Politics and conflicts,True
5566,Flat tax boosts average Romanian salaries,Economy and business,"Romania's flat tax rate of 16% on personal income and corporate profits, which went into effect on January 1, 2005, has proved to have a positive effect on Romanian salaries, which increased by 5.2% in the January 2005 in comparison to December 2004. The effect is even larger when compared to January 2004, with net wages increasing by 25.3% and gross wages increasing by 18.8%. In January 2005, the gross (pre-tax) average monthly salary was 9,514,658 lei, while the net (after-tax) average monthly salary was 7,233,298, which is equal to roughly 200 euro or US$270. Romania's flat tax system is one of the most liberal fiscal policies in Europe and was introduced in order to boost spending power and salaries, encourage foreign investment and greater consumer spending.",Economy and business,True
122063,NASA successfully launches Kepler Telescope,Science and technology,"NASA's Kepler Telescope, which will search for planets orbiting other stars, was successfully launched by a Delta II rocket from Cape Canaveral Air Force Station at approximately 10:51 p.m. (EST). NASA regained the rocket's signal at 12:11 a.m. EDT Saturday, shortly after confirming the satellite's separation from the rocket. According to the Kepler Mission page on NASA's website, the telescope ""is specifically designed to survey our region of the Milky Way galaxy to discover hundreds of Earth-size and smaller planets in or near the habitable zone and determine how many of the billions of stars in our galaxy have such planets."" The telescope is named after Johannes Kepler, an astronomer, astrologist and mathematician from Germany in the late 1500 and early 1600s. The Kepler Telescope will use the 'Transit Method' of detecting planets. When planets pass in front of their parent star, a small black dot is cast over the star, called a transit. Transits by terrestrial planets produce a small change in a star's brightness of about one part in ten thousand (.01%), lasting for 2 to 16 hours. Kepler's view is 105 square degrees and will be focused on one area all the time. It will orbit around our Sun, maintaining a constant distance from Earth of 950 miles. It will continuously and simultaneously monitor the brightnesses of more than 100,000 stars for the life of the mission, which is expected to be three and a half years. ""Even if we find no planets like Earth, that by itself would be profound. It would indicate that we are probably alone in the galaxy,"" said William Borucki, the mission's science principal investigator. Although planets orbiting stars other than the Sun had been theorized for centuries, it was only in 1988 that a team of Canadian astronomers made the first detection of extrasolar planets orbiting the star Gamma Cephei. Now over 300 extrasolar planets are said to have been discovered. The launch comes just weeks after NASA's failed launch of the Orbiting Carbon Observatory, which crashed into the ocean off Antarctica's coast. It would have been the first spacecraft dedicated to studying atmospheric carbon dioxide, the most significant human-produced greenhouse gas and the principal human-produced driver of climate change. The cost of the project was US$273 million.",Science and technology,True
21560,US ABC network to offer more shows dubbed in Spanish,Economy and business,"Due to a growing US Hispanic population, the American Broadcasting Company (ABC) announced that all primetime shows in their upcoming lineup will be closed captioned in both English and Spanish.  In addition, four of the shows, as well as many theatrically-released films and other specials, will be dubbed in Spanish. The move was a major one for ABC.  Previously, only the Hispanic comedy The George Lopez Show was captioned and dubbed in Spanish.  ""We wanted to move beyond toe-dipping and really dive in,"" said Stephen McPherson, ABC entertainment chief. ""Almost half of the 41 million Hispanics in this country watch only or mostly Spanish-language television, and we want to bring that audience to ABC."" The SAP function allows an optional second audio transmission, which may be used for transmitting programs in Spanish.  However, the additional costs of hiring voice actors to provide Spanish dialogue, as well as production costs, have been prohibitive for most networks.  McPherson said that while it was ""not inexpensive"", having Spanish-speaking viewership could yield a significant benefit. George Lopez will continue to air, dubbed in Spanish.  In addition, two of the network's most popular shows, Desperate Housewives and Lost, as well as the new comedy Freddie, will be dubbed; Spanish voice actors are currently being cast for the roles.",Science and technology,False
6051,Possible black hole created in US,Science and technology,"US particle physicists at Brookhaven National Laboratory in Upton, New York have created a fireball in a particle accelerator that bears a striking similarity to a black hole.  It was generated at the Relativistic Heavy Ion Collider (RHIC) by smashing beams of gold nuclei together at almost the speed of light. The collision produces a ball of plasma which is about 300 million times hotter that the surface of the Sun. The fireball can be detected because it absorbs jets of particles produced by the collision, but in this case 10 times as many jets were being absorbed as had been predicted by calculations. Physicist Horatiu Nastase of Brown University in Providence, Rhode Island says that the calculations show that the fireball has properties similar to that of a black hole. Nastase says this could help explain why so few jets are seen coming out of the fireball. He thinks the particles are being absorbed into the core and reappearing as thermal (Hawking) radiation, just like theory predicts happens in a black hole. Other physicists have pointed out possible holes in Nastase’s calculations. Carlos Nunez of MIT in Cambridge, Massachusetts said, “I wouldn’t say his model is wrong, but it’s clearly under construction.” Even if Nastase turns out to be right, the black holes created pose no danger. At this scale gravity is not the dominant force in a black hole and they quickly evaporate away - this one lasted a mere 10-23 seconds, that is 10 million, billion, billionths of a second.",Science and technology,True
2789801,NASA releases first topographical map of Mercury,Science and technology,"On Friday, the US National Aeronautics and Space Administration (NASA) released the first ever global digital elevation model (DEM) of Mercury. The DEM was created using data gathered by NASA's MErcury Surface, Space ENvironment, GEochemistry, and Ranging (MESSENGER) spacecraft, including over 100,000 photographs, and shows a variety of Mercury's topographical features including the planet's highest and lowest points. MESSENGER principal investigator Sean Solomon said they hope the information will be used to investigate Mercury's geological history. The highest elevation on Mercury is at 4.48 kilometres (2.78 miles) above Mercury’s average elevation, located just south of the equator in some of Mercury’s oldest terrain. The lowest elevation, at 5.38 kilometers (3.34 miles) below Mercury’s average, is found on the floor of the Rachmaninoff basin, a double-ring impact basin suspected to host some of the most recent volcanic deposits on the planet. The MESSENGER spacecraft was launched in 2004 to study Mercury, including its chemical composition, geology, and magnetic field. MESSENGER began orbiting Mercury in March 2011, becoming the first spacecraft to do so. In April 2015, having completed its mission, MESSENGER dropped out of orbit and impacted the surface of Mercury.",Science and technology,True
273178,Former Louisiana governor Buddy Roemer announces run for president,Politics and conflicts,"Former Louisiana Governor Buddy Roemer announced Thursday at Dartmouth College in Hanover, New Hampshire that he will officially run for the Republican Party's presidential nomination in 2012. Roemer, who had explored a bid for the past several months, wants to focus his campaign on the issues of campaign finance reform and fair trade. Roemer, 67, served four terms in the U.S. House of Representatives in the 1980s as a member of the Democratic Party. He was elected governor in 1987 and served once again as a Democratic Party member before switching to the Republican Party ahead of the 1991 gubernatorial election. He lost the party's primary to David Duke, who is also considering a 2012 presidential run. Roemer, who has $19,000 left from his exploratory committee, only accepts contributions from individuals below $100.  He argued during his announcement that ""I have deliberately chosen a path requiring the help of many because that’s the way to win and, more importantly, that’s the way to get these mighty things done after the election."" He says he is waging his campaign against ""special interests"". Political adviser Mark McKinnon who worked on Roemer's first gubernatorial campaign, argues that he ""has an important message about the corrupt influence of money in politics"" but complains that the media has delegated him as an ""improbable, long-shot, third-tier, comic book"" candidate. Roemer has not been invited to any Republican primary debates and usually polls below one percent. He has based his campaign in the first-in-the-nation primary state of New Hampshire, where he leases an apartment, and plans to utilize a one-on-one strategy to build grassroots support. He enters a growing field of candidates that includes fellow former governors Mitt Romney of Massachusetts, Jon Huntsman, Jr. of Utah and Tim Pawlenty of Minnesota, as well as Representatives Michele Bachmann of Minnesota, Ron Paul of Texas and Thad McCotter of Michigan. Former Speaker of the House Newt Gingrich and businessman Herman Cain are also running. Roemer argues that ""neither the president nor any of the other candidates for this office addresses or has solutions for the major problems facing America."" But Roemer believes he does. He tells viewers to stay tuned to his campaign and that it will be something ""you don’t wanna miss"".",Politics and conflicts,True
114363,Study estimates first human HIV infection 100 years ago,Science and technology,"An eight year study, published in scientific journal Nature, claims the HIV-1 virus that leads to AIDS could have infected humans around 1908 in Africa. Scientists found traces of the HIV-1 genome collected in 1960 from a woman who lived in Léopoldville, presently called Kinshasa, the capital of the Democratic Republic of the Congo. An earlier study had also isolated the virus from a 1959 blood sample of a male from Léopoldville. Study of both the samples and estimate of the rate at which the virus mutates over time has led the researchers to conclude that the human strain could have been around for 100 years. The study, co-sponsored by the National Institute of Allergy and Infectious Diseases (NIAID),  part of the U.S. National Institutes of Health, was carried out by Michael Worobey of the University of Arizona in Tucson, Arizona and colleagues from the United States, France, Belgium, Australia, Democratic Republic of the Congo and Denmark. Earlier estimates of this nature had indicated the first infection in humans occurred between 1915 and 1941. The present study pushes the date of the infection back to sometime between 1884 and 1924, with a more focused estimate at 1908. Earlier studies have suggested that HIV-1 virus was spread from chimpanzees to humans in Cameroon. ""Now, for the first time, we have been able to compare two relatively ancient HIV strains. That helped us to calibrate how quickly the virus evolved and make some really robust inferences about when it crossed into humans, how the epidemic grew from that time, and what factors allowed the virus to enter and become a successful human pathogen,"" Dr. Worobey said. ""HIV is one of these pathogens that you could almost think of as living on the edge of extinction,"" Worobey continued. He believes that had HIV not been carried to a city, it may not have survived the jump to humans. ""It means there are things we could do to actually make it so that it doesn't have a chance of spreading,"" Worobey said. The first human infection could have happened around the time when the colonial cities were established in Africa. Rapid urbanization in colonial Africa around the beginning of the twentieth century may be responsible for the spread of the AIDS pandemic. It is estimated that several thousand people were infected by the 1960s. Today, HIV infection is reported in 33 million people and has killed 25 million. Researchers opine that an understanding of the origin and pathways for human infection of the virus could help in developing a vaccine to fight it.",Science and technology,True
80681,Gay World Cup begins in Buenos Aires,Sports,"Buenos Aires, Argentina —With more than twenty-eight teams from across the world, the 10th Gay World Cup begins in the city of Buenos Aires. These events are held in part to aid in the fight against sexual discrimination. This year marks the first time the World Gay Cup will be held in a Latin-American city. Twenty-eight teams will participate, and some countries will be represented by more than one team. Some of the countries that will participate in this championship are Uruguay, Chile, Australia, Iceland, United Kingdom, Mexico, Canada and Argentina, represented by the Dogos, the Amerika team and SAFG. Also, the United States is one of the countries that will be represented by more than one team. A few of the American teams are: Boston Americas, New York Ramblers, Seattle Rain, Florida Storm and Philadelphia Falcons. The World Cup that began yesterday, is being held in the Parque Sarmiento (Sarmiento Park), located in the Saavedra neighbourhood and has the support of the AFA (Argentine Football Association), the secretary of sports of Buenos Aires, the Ombudswoman of the city and the INADI (National Institute Against the Discrimination). The championship will last until next September 29. In an interview with Wikinews, the president of the Homosexual Community Argentina (CHA) César Cigliuti expressed that this is an opportunity to show the fight against discrimination, for example in an area like football, where sexual discrimination occurs each day in the fields of the Argentina, Cigliuti said. The final will be played in the Defensores de Belgrano's field.",Sports,True
16746,Space Shuttle Discovery launches,Science and technology,"The NASA Space Shuttle Discovery roared into the Florida sky at 10:39AM ET (14:39 UTC), 2 weeks after the launch was scrubbed due to a faulty sensor.  The launch was the start of the STS-114 mission, which is planned to be completed on August 7, 2005. Solid rocket booster separation was triggered two minutes and five seconds into the flight after burnout of the putty-like fuel packed inside each rocket. The firing of explosive bolts freed the twin boosters from the side of the external tank, allowing them to peel away from the space shuttle. Parachutes were then automatically deployed from the boosters, allowing them to slowly descend into the Atlantic Ocean where they will be towed back to shore. Discovery initiated the command for main engine cutoff, or MECO, at the 8-minute, 23-second mark. MECO shuts down the orbiter's three powerful engines in the rear of Discovery after completing the ""uphill"" climb into space. With the ascent into space complete and fuel in the external tank exhausted, Discovery jettisoned the orange canister. Following jettison, Commander Eileen Collins pitched the orbiter up until the tank could be sighted through the orbiter´s upper windows. Mission Specialist Soichi Noguchi then took digital photographs and video of the external tank from a distance of just 1,500 feet.",Science and technology,True
641762,FAA orders review of Boeing 787 Dreamliners following week of incidents,Science and technology,"The United States Federal Aviation Administration (FAA) ordered a review Friday into the design and manufacture of the Boeing 787 Dreamliner, following five incidents in five days involving the aircraft and two Japanese airlines. On Monday, an electrical fire broke out aboard a Japan Airlines 787 at Boston's Logan International Airport, when a battery pack which powers the auxiliary power unit, for when the plane is on the ground, caught fire. The fire was discovered by maintenance workers after passengers and crew disembarked following their flight from Tokyo's Narita Airport. The next day, a separate Japan Airlines 787, also at Logan International Airport, heading to Tokyo, suffered a fuel leak that spilled around 40 gallons, which was spotted by the crew of the aircraft taxiing behind them. ""That Japan Air may know it, but they’ve got fuel or something spilling out the outboard left wing. Quite a bit,"" said the pilot of aircraft behind them on local air traffic control frequencies. Wednesday, in Japan, an All Nippon Airways 787, the launch customer for the aircraft, cancelled a flight after a brake problem was reported. Earlier Friday, two All Nippon Airways suffered separate incidents in Japan.  An oil leak was noticed in the engine after one aircraft had landed in Miyazaki, coming from Tokyo's Haneda Airport. Another flight, flying between Haneda Airport and Matsuyama said the pilot's side window in the cockpit suffered a crack. The FAA in a statement said ""In light of a series of recent events, the FAA will conduct a comprehensive review of the Boeing 787 critical systems, including the design, manufacture and assembly."" Further adding, ""The purpose of the review is to validate the work conducted during the certification process and further ensure that the aircraft meets the FAA’s high level of safety."" According to the statement, ""The review will also examine how the electrical and mechanical systems interact with each other."" The Boeing 787 relies more on electrical, as opposed to mechanical, systems than past aircraft from the manufacturer including having electronics operate hydraulic pumps and using electric brakes. Large portions of the plane's structure use lightweight carbon fiber composite instead of more traditional metal airframe. U.S. Transportation Secretary Ray LaHood said, ""The safety of the traveling public is our top priority [...] This review will help us look at the root causes and do everything we can to safeguard against similar events in the future."" ""We are confident that the aircraft is safe.  But we need to have a complete understanding of what is happening,"" said newly sworn-in FAA Administrator Michael P. Huerta. ""We are conducting the review to further ensure that the aircraft meets our high safety standards."" Boeing released a statement saying, ""[The company] is confident in the design and performance of the 787. It is a safe  and efficient airplane. The airplane has logged 50,000 hours of flight and there are more than 150 flights occurring daily.""",Economy and business,False
2858439,Police warn new drone owners to obey law after disruption at UK's Gatwick Airport,Science and technology,"Police on Tuesday warned new owners of drones to obey the law after Gatwick Airport, the second-largest airport in Britain, faced days of closure on account of drone sightings. About 150,000 travellers have had their plans affected. Two suspects were arrested but later released without charge. Airport authorities closed the facility's single runway on December 19.  The airport briefly reopened two days later, on Friday, but was shut down again after renewed drone activity.  In total the airport, which serves London, was not able to operate normally for about 36 hours. Over the three days, people reported seeing drones fly over the airport 67 times but, according to Sussex Police Detective Chief Superintendent Jason Tingley as of Monday, there was no video of any drone activity and ""always a possibility that there may not have been any genuine drone activity in the first place"", though the police generally referred to the sightings as credible and were examining a downed drone found not far from the airport. ""Before anyone uses a drone it is vital that they make themselves aware of their responsibilities and the rules to make sure these devices are operated in a safe and responsible way"" said Deputy Chief Constable Serena Kennedy, a national lead on drone policing. The law on drone misuse was tightened in July and presently provides for fines and up to five years in prison. She continued ""Police officers will use all available powers to investigate reports of drones being misused and seek the appropriate penalty"". The law prevents drone use above 400ft and within a kilometre of airports. UK rules planned for late next year mandate registration of any drone above 250g (about 9oz) and the taking of an online safety exam before piloting them. Airport authorities grounded all planes in the airport, and diverted the planes meant to arrive at Gatwick to other airports in England or even other countries, such as London Heathrow, Luton, Birmingham, Amsterdam in the Netherlands, Manchester, Dublin in Ireland, Glasgow in Scotland, and Paris in France. Gatwick Airport authorities instructed travellers to check how their flights had been affected before coming to the airport. The Civil Aviation Authority (CAA) has said since this is an ""extraordinary circumstance"", travellers may not be owed money by the airline they were travelling with. The British army was called in during the incident. Police said there was no reason to think the incident was terrorism, but was probably a deliberate attempt to disrupt the airport. Couple Paul Gait and Elaine Kirk were arrested on Friday and named in several newspapers, before being cleared by police and released without charge. They said on Monday they feel ""completely violated"" by the incident and its press coverage. In light of a landmark legal ruling earlier this year, libel lawyer Mark Stephens of media law specialists Howard Kennedy said they were likely in line for a payout of £75,000 to £125,000 if they chose to take any publishers to court. Hacked Off, a campaign group seeking media reform, was also critical of the media outlets that named the couple. Trevor Kavanagh, former politics editor at The Sun, defended that paper's decision to release their names, on the basis press attention had hastened the police's identification of a ""cast-iron, watertight alibi"" proving their innocence. TV personality Piers Morgan apologised for claiming Gait and Kirk were ""terrorists"". Planes can sustain significant damage from collisions with drones. The Guardian recently outlined a few possible ways to stop drones from entering restricted areas, such as blocking the radio signals. This was used in English prisons in an attempt to stop drugs from being smuggled in via drones. However, in an airport, this could also stop important signals getting through. Training eagles to take down drones has also been attempted by the Dutch police. Another possible method is firing nets at the drones. According to The Guardian, most drones can fly for roughly half an hour. The drone sightings at Gatwick continued for hours. The Guardian speculated there might have been multiple drones involved or an operator changing out the battery packs to allow the drone or drones to relaunch quickly. However, the packs take time to recharge, so it would take a large number of packs and effort to operate drones for so long, constantly. According to The Guardian, despite this short flying time, most drones' range is mainly limited by signal strength. Some drones are able to fly up to five miles away from the controller. With a big enough budget, drone range is nearly unlimited. Gatwick airport's CEO said that he is sorry about the disruption, but must keep the travellers' safety as the most important thing. He claimed he was working with the police and government to resolve this problem. He said the incident highlighted a weak area in British aviation and drones should not be able to do this much damage. Prime Minister Theresa May said she ""feels for all those passengers"" affected. Britain's transport secretary said that this was an ""entirely new kind of threat"". Gatwick Airport offered a £50,000 reward for information leading to an arrest and conviction in the ongoing investigation. Crimestoppers chair Lord Ashcroft added another £10,000 to the sum. Drone incidents are increasing in the UK, with the CAA reporting for the year until December 4, 120 incursions of drones into airspace close to other aircraft. This represents a roughly 30% increase from the previous year. 2014, by contrast, had less than ten such occasions. According to Farming UK on Monday, in an incident earlier this year a Tornado jet belonging to the Royal Air Force came within 22m (about 70ft) of an agricultural drone whilst flying at low altitude at over 500mph. The drone was at a 100m (about 330ft) altitude and the incident came to CAA attention after being reported by the farmer. Also reported earlier this month, in August a Boeing 737 approaching Stansted Airport, which also serves London, came within 15m (about 50ft) of hitting a drone at a 10,000ft altitude. Gatwick, meanwhile, is not the only English airport to face disruption over the Christmas travel period. On Sunday Birmingham Airport closed for two hours due to malfunctioning air traffic control equipment.",Politics and conflicts,False
105077,Executives from IT industry focus on 10-year anniversary of Microsoft Research Asia,Science and technology,"On April 29 Microsoft Taiwan launched Visual Studio 2008 and Windows Server 2008 in Taipei. The event was also an occasion to celebrate the tenth anniversary of Microsoft Research Asia, with the president, Hsiao-wen Hung, who was praised by several media groups, IT executives, and academic units because of his background. On the same day of the product launch, Hung talked to Colley Huang (Founder and Chairman of DigiTimes) about ""the past decade overview of IT industry"" in an executive panel. Hung also invited several academic elites and executive panels like Ovid Tseng (Principal of University System of Taiwan), George Chen (Deputy Principal of National Taiwan University), Davis Tsai (General Manager of Microsoft Taiwan), and Hsi-peng Lu (Director of Student Affairs of National Taiwan University of Science and Technology). They reviewed the collaboration between academical units in an academical executive panel. Thereafter, Hung will sign an MoU with ITRI for the future academical collaborations. The Pre-show Press Conference of COMPUTEX Taipei 2008, Li Chang, Deputy Secretary General of Taipei Computer Association commented on Hung's background when Wikinews Journalist Rico Shen mentioned:",Science and technology,True
291146,"Dennis Ritchie, C programming language creator, dies aged 70",Science and technology,"The C programming language creator and co-developer of the Unix operating system Dennis Ritchie died at home on October 8 after an extended illness, at the age of 70. Former colleague Rob Pike first publicly announced the death, which Alcatel-Lucent then confirmed. Ritchie, born in Bronxville, New York on September 9, 1941, joined Bell Labs in 1967.  There, with Ken Thompson, he helped develop Unix, an operating system on which are based many modern systems such as Linux and Mac OS X. Unix provided the infrastructure that led the creation of the Internet. Between 1969 and 1973 he developed the C, one of the most used programming languages, that influenced many languages like C++, Java, and PHP. After Unix was rewritten, C was key to its portability. In 2007 he retired from his post as Bell Labs' head of systems software research. Ritchie and Thompson were awarded the Turing Award in 1983, the IEEE Richard W. Hamming Medal in 1990, the National Medal of Technology and Innovation in 1998, and the Japan Prize in 2011.",Science and technology,True
5991,Explosion injures 11 in Beirut,Politics and conflicts,"Eleven residents of an apartment building in the Christian neighborhood of New Jdeideh, located in northern Beirut, Lebanon, were injured by an explosion just after midnight local time. The explosion was caused by a bomb placed underneath a car that was parked near the eight-story building inhabited by the injured, and left a seven-foot-deep hole in the ground. The building was ruined by the blast. The Lebanese army responded with a tighter security policy. ""The army will not allow that freedom of expression be abused in order to harm security and stability,"" declared the military statement. Lebanese President Émile Lahoud decided not to attend the upcoming Arab summit, and appealed for talks to avoid religious violence. ""Car bomb messages do not threaten our national unity,"" said opposition leader Walid Jumblatt, speaking from his mountain palace in Mukhtara.",Politics and conflicts,True
85837,Kitty Hawk and other U.S. warships' visit to Hong Kong canceled,Politics and conflicts,"The United States aircraft-carrier USS Kitty Hawk CV-63 and the rest of her carrier-group, were scheduled to make a port visit to Hong Kong the Thanksgiving holiday. Without warning China refused to allow the Kitty Hawk to dock, before reversing the decision without explanation. However, by that time bad weather and logistics forced the Kitty Hawk and its attendant ships to return to Japan. This left many families of sailors who had intended to spend the holiday in Hong Kong without their family members from the ships.  The crews instead celebrated the holiday on board their ships. China has not explained why the carrier group was denied entry nor why the sudden reversal of the decision occurred. Admiral Timothy Keating, the commander for the U.S. forces in the Pacific, said that he did not understand why China had made its decision and was ""concerned"". This is not the first time that China had denied entry to U.S. ships, but previous denials have occurred in response to tension or diplomatic disputes and there was no obvious motivation for the recent Chinese decision. Speculated reasons for the decision include possible responses to disagreements over Iran's nuclear program and the recent United States decision to give a medal to the Dalai Lama. This visit was to be the last visit of the Kitty Hawk to Hong Kong, as the Kitty Hawk is scheduled to be decommissioned when the new USS George Washington (CVN-73), a modern nuclear powered carrier, comes align.",Economy and business,False
140828,"New ring discovered around Saturn, could explain dark side of its moon",Science and technology,"Astronomers have found a huge new ring around the planet Saturn. The faint dust ring extends up to 7.4 million miles (12 million km) from the planet and could fit over a billion Earths inside it, making it the largest in the Solar System. It could also solve a mystery about one of Saturn's moons that has puzzled scientists for centuries. The ring was found with the help of NASA's Spitzer Space Telescope, with details published today in the journal Nature. It is thought to consist of ice and dust from Saturn's moon Phoebe, which is kicked up by collisions with comets and then drifts in towards the planet. The ring and moon both orbit in a plane inclined at 27 degrees to the other rings. ""This is one supersized ring,"" said Dr Anne Verbiscer of the University of Virginia, one of the authors of the paper. Of Saturn's other rings, the largest is the E-ring, a mere 150,000 miles (240,000 km) in diameter. Jupiter also has ""gossamer rings"" of a similar diameter to the E-ring. If the Phoebe ring was visible from Earth, it would appear twice as large in the sky as the full Moon. However the newly found ring is extremely faint. It is made up of dust particles around 10 microns (thousandths of a millimetre) in size, and according to Verbiscer, ""In a cubic km of space, there are all of 10-20 particles."" This explains why it has evaded discovery until now. ""If you were standing in the ring itself, you wouldn't even know it."" The Phoebe ring does not reflect much visible light, but the Spitzer telescope was able to pick up the dust's faint infra-red glow. The telescope, launched in 2003, orbits the Sun and is roughly 66 million miles (107 million km) from Earth. It is one of NASA's four Great Observatories. The discovery could also finally account for the unusual appearance of Iapetus, another of the planet's moons. When Iapetus was first observed in 1671 by astronomer Giovanni Cassini, its leading side was seen to be much darker than the other. Until now scientists had been unsure why this was. Now it is thought that the moon orbits in the opposite direction to the ring, and as Iapetus moves through the ring, dust builds up on its front surface. Verbiscer likens it to ""bugs on a windshield."" ""Astronomers have long suspected that there is a connection between Saturn's outer moon Phoebe and the dark material on Iapetus,"" said Douglas Hamilton, another author of the paper. The material has been found to have a similar composition to Phoebe's surface. ""This new ring provided convincing evidence of that relationship."" This is the second major discovery for astronomers studying Saturn in the past month. In September, evidence from the Cassini orbiter showed that Saturn's other rings were far less flat than expected.",Science and technology,True
107210,Serie A 2008–09: Inter Milan hire Mourinho as new Head Coach,Sports,"José Mourinho has succeeded Roberto Mancini as new Inter Milan Head Coach after signing a 3-year contract with the club. Inter Milan was quoted on their website saying, ""Thanking Roberto Mancini and his staff for the success obtained in four seasons as the leader of the team, all of Internazionale has the great pleasure to welcome Jose Mourinho and his coaches."" Mourinho won the 2002-03 UEFA Cup and 2003-04 UEFA Champions League with FC Porto but failed to repeat this success at Chelsea F.C.",Sports,True
13631,2005 Mediterranean Games close in Almeria,Sports,"The fifteenth Mediterranean Games, held in Almería, Spain were closed yesterday. The most successful country this year was Italy, with a total of 153 medals, 57 of which were gold. France tied in their total number of medals, but had one less  gold medal. Spain was third with 152 medals. The next Mediterranean Games will be held in Pescara, Italy in 2009.",Sports,True
34008,An interview with Jimbo Wales/Color-free,Science and technology,"Just five years ago, when Jimbo Wales founded Wikipedia, the project's goal of 100,000 articles [1] seemed ambitious.  Yet today, the project, now one of the top 25 websites in the world according to Alexa, is nearing closer 1,000,000 articles in English, and 3.5 million articles across all languages.  This week, we interviewed Jimbo Wales. Colored version Wikinews: Raul654 asks: ""Recently, there were revelations about organized attempts by US Congressmen to whitewash their articles. What is your take on this, as well as earlier reports of Corporate astroturfing?"" Jimbo Wales: The question is invalid.  There were no revelations of organized attempts by US Congressmen to whitewash their articles.  Not any evidence of ""corporate astroturfing"" of which I am aware.  There was evidence that some congressional staffers edited Wikipedia in inappropriate ways.  But the internal evidence of the type and style of these edits do not suggest ""organized attempts"". WN: Nichalp asks: ""Budget permitting, are there any plans to increase the number of Wikipedia servers, specifically into the less developed countries?"" JW: We are always buying new servers.  There are no specific plans to add servers in less developed countries, but we have looked into it as a possibility.  We are particularly interested in doing so if it helps increase access and reduce costs for those users. WN: An anonymous reader asks: ""How much of a role do you feel the Wikipedia community (and the communities of its sister projects) should have in the running of the Wikimedia Foundation? Do you see an increasing separation of the organization from the projects? If so, do you regard that as beneficial or a potential problem?"" JW: The community has always been and will always be absolutely crucial to the running of the Wikimedia Foundation. We are increasing the community input and activity in the foundation through a new series of committees to delegate things to community members which have traditionally been handled by me or the Board. I do not see any increasing separation of the organization from the projects, quite the opposite.  I consider the increasing integration of the community and the foundation as overwhelmingly beneficial. WN: ALoan asks: ""English Wikipedia is approaching 1 million articles, but less than 1 in a thousand are Featured articles. The list of featured articles English Wikipedia should have has few featured articles, and recent surveys of articles chosen at random show that many articles are poorly written. How can we get from here to an encyclopedia of well-written articles? Or should we not worry too much about coverage and content?"" JW:  We should be tightly focused on the quality of our coverage and content. The goal of Wikipedia is to create and distribute a freely licensed high quality encyclopedia. The path to that goal will require us to be flexible and thoughtful. The first steps will come soon with the article review system, which will initially be used simply to gather data. After we have data, we can begin to work on how we will focus our attention to improve quality. WN: GeorgeStepanek asks: ""You've said that 'Wikimedia's mission is to give the world's knowledge to every single person on the planet in their own language.' But very few of the wikipedias in the languages of third-world countries are seeing as much activity as the first-world language wikipedias. Do you have any ideas on how this could be turned around?"" JW:  I am a believer in outreach. I would like for the Foundation to raise money specifically to pay one or more minority language co-ordinators. The goal would be to reach out in a more organized way to professors and graduate students and expat communities who have good Internet access, to seed projects for languages where the majority of speakers have poor internet access. WN: Jacoplane asks: ""How do you feel we will be able to reach Wikipedia 1.0? The tools currently available for vetting our articles are crude at best. The Featured article process seems too slow, and the article validation feature seems to have died a quiet death. Are you planning a big push on this front?"" JW:  Isn't that the same question as the quality question?  The article validation feature has not died a quiet death at all. WN: Quadell asks: ""Most important decisions on Wikimedia projects are handled with consensus. However, we sometimes have to deal with legal issues, especially related to copyright law. For instance, we as a community may need to decide whether to consider a certain use ""fair"", or how to deal with conflicting copyright claims. Dealing with this through consensus is problematic, since we can't do something illegal even if there is widespread misguided support for it. In general, how can we as a community deal with these issues?"" JW:  I don't think there is any real problem with this. The community is strongly in support of following the law. I don't know of any particular cases of widespread misguided support for something illegal. In particular cases, there can of course be [dis]agreement, but I have never seen anyone in the community argue that we should not listen to the advice of our legal team. WN: Raul654 asks: ""Where do you see Wikipedia in 10 years?"" JW:  I don't know. My favorite answer to this is to say, the real question is: where will the world be after 10 more years of Wikipedia. :)  Seriously, I think we'll eventually see a tapering off of new article creation in the large language wikipedias as more and more ""verifiable"" topics are covered. At this point, most changes will be expansions and updates and quality improvements to existing articles.  But in 10 years, it seems likely to me that many languages which are now quite small will have very large Wikipedia projects. Our community will continue to become more diverse as more and more people worldwide come online. WN: Kevin Myers asks: ""The values reflected in certain Wikipedia policies (anti-censorship, neutral point-of-view) are problematic in cultures where freedom of expression is limited, as the blocking of Wikipedia in mainland China and arguably the Muhammad cartoons controversy attest.  As Wikipedia expands internationally, do you foresee Wikipedia becoming increasingly controversial in countries where ""Western values"" are seen as a potential threat?"" JW:  I don't think that neutrality and objectivity are really controversial among most people of the world. It is true that the leadership in some places does not value these things, and may actually work against these things, but we can not deviate from our goals to accommodate them. WN: On a similar topic, Vsion asks: ""Are there currently any efforts being undertaken by the Foundation to address the People's Republic of China's blocking of Wikipedia or to alleviate its effect?"" JW:  Beijing-area Wikipedians are working to have the block lifted. Our position is that the block is in error, even given China's normal policies. Wikipedia is not propaganda, it is basic information. We expect that the block will be lifted. WN: David.Monniaux asks: ""The Foundation receives daily accusations of libel from semi-well-known people who have an entry on Wikipedia or are mentioned in some Wikipedia entry. What do you propose? Would a strict application of the rule of citing controversial claims suffice, in your opinion?"" JW:  Yes. I think that our current systems do a good job of addressing these sorts of complaints, although it is very time-consuming for us here in the office. What really works wonders is a very strict application of the rule of citing controversial claims particularly relating to biographies of living persons. The new policy on biographies of living persons is a very strong step in the right direction. WN: Tony Sidaway asks: ""In the past six weeks the number of userboxes on English Wikipedia has risen from 3500 to 6000 and, despite your appeals for restraint, the number pertaining to political beliefs has risen from 45 to 150. Can the problem of unsuitable userboxes still be resolved by debate?"" JW:  My only comment on the userbox situation is that the current situation is not acceptable. WN: Larsinio asks: ""How can Wikipedia effectively explain to the public its open-contribution model without simultaneously worrying the public about inaccurate information?"" JW:  I think we do a reasonably good job of that. The best thing is to point to our overall quality while at the same time pointing out that we are currently a work in progress. Over time, this answer will change as we move toward '1.0'. At that time, we can point to '1.0' for those who are made nervous by the live editing. WN: Rob Church asks: ""Do you consider the encyclopedia to be 'finished'? Do you think it ever can be?"" JW:  Nothing is ever finished. Human knowledge is always growing. WN: Raul654 and Pavel Vozenilek both asked, ""What kind of cool new features/announcements can we expect to see in the next year or two?"" JW:  I think this question is too hard for me to answer. I almost never ""announce"" anything, and features are developed publicly by the community. I think other people have a better idea than I do what will happen in the next year or two. :) Ask Brion [Vibber]. WN: Celestianpower asks: ""If you had not founded Wikipedia, and had just been referred to it by a friend, how active a contributor do you think you would be?"" JW:  [I] dream fondly of such a scenario.  I might actually get to edit articles then. Instead of spend the morning (this morning) documenting transactions and taking phone calls. WN: OpenToppedBus asks: ""The last fundraising drive was less successful than had been anticipated. Do you see a shortage of money holding back Wikipedia/Wikimedia in the short-to-medium-term, and are there any plans to bring in income from sources other than individual donations?"" JW:  The last fundraising drive was more successful than had been anticipated, by a long shot. It was the most successful fund drive in our history.  [Regarding a quoted goal of $500,000], Mav wrote something like that somewhere, in a scratchpad kind of way. That number was just a placeholder and had nothing to do with me or the official view of the foundation.  He's apologized repeatedly for it. WN: Thryduulf asks: ""What is your single greatest wish for Wikipedia?"" JW:  I would have to just point back to our original goal: a freely licensed high quality encyclopedia for every single person on the planet.  That's what I remain focused on daily.",Science and technology,True
8386,MiniMax Discount to open inaugural stores in southern Romania,Economy and business,"MiniMax Discount, a recently-established joint venture between several Romanian and foreign investors, will open its first three discount stores between today and April 28. The discount stores, which will be similar to supermarkets, will open in the southern Romanian cities of Slatina, Urziceni and Târgovişte. MiniMax invested 750,000 euro per outlet, with each store having 1,000 m² of floor space and a parking area for 100 cars. The first store to be opened will be the one in Slatina, with the other ones opening by April 28. The company is planning to open a total of ten stores this year, as well as another twenty in 2006. It is expected that most of the stores will open in small- to medium-sized cities, of greater than 20,000 inhabitants, rather than larger cities of over 150,000 inhabitants. In a few years time, it has said that it plans to extend its network to over 100 stores.",Economy and business,True
111754,"Olympic highlights: August 20, 2008",Sports,"August 20, 2008 is the 11th major day of the 2008 Olympic games, the below article lists some of the highlights. Jamaican Usain Bolt, who recently set the world record for the one hundred meter sprint, has set a new world record in the 200 metre sprint with his time of 19.30 seconds, 0.02 seconds quicker than the previous world record, which was set by Michael Johnson in the 1996 Summer Olympics. ""This is a dream come true. You come out every day to be a champion and I'm just happy,"" said Bolt, after the race. ""I've proved I'm a true champion and that with hard work anything is possible."" The silver and bronze went to Americans Shawn Crawford and Walter Dix, respectively. Russian Larisa Ilchenko took home gold in the women's marathon swim. Her final time 1:59:27.7. She beat the United Kingdom's Keri-Anne Payne by 1.5 seconds, and Cassandra Patten, also of Great Britain by 3.3 seconds. Belarusian Aksana Miankova set a new Olympic Record and won the gold medal in the final of the women's hammer throw with a score of 76.34. Yipsi Moreno, who was representing Cuba, won the silver medal, while Wenxiu Zhang, from China finished in third place with a score of 74.32. Zhang also set her new season's best. Jamaican Melaine Walker set a new Olympic record, national record and won the gold medal in the final of the women's 400m hurdles with a final score of 52.64 seconds. Sheena Tosta, who was representing United States, won the silver medal, while Tash Danvars, from Great Britain, finished in third place with a final score of 53.84, a new personal best. Canada, China, Chinese Taipei, and the Netherlands were eliminated in the matches leading up to the Baseball semi finals which will take place on August 21. Chinese Taipei defeated Canada in a closely matched 12 inning 6-5 game, but both failed to advance. China was defeated by Cuba 17-1, and the Netherlands was defeated by South Korea 10-0. The United States and Japan also played, with the US defeating Japan 4-2, but both were already guaranteed entry into the medal round. Japan will play the United States in the bronze medal round, while Cuba and South Korea will compete for the gold medal. Liudmyla Blonska, who won silver in the heptathlon is suspected of using illegal substances. As a result, she faces a lifetime ban and she may be stripped of her silver medal. Kelly Sotherton, who competed against Bloska, criticised the athlete. ""I've been saying all along that she got caught doping when she was scoring 6300, so how can she not be doping and scoring 6800?"" she said. ""I've not seen any of her results since early June and then she comes out here and is producing good performances, which was suspicious,"" she continued. ""The thing I hope is that the Russian and the American who will be upgraded get their medals in a proper presentation, otherwise they will have lost that moment forever."" Nick Davies, a representative of the International Association of Athletics Federations also criticised Blonska. ""It is fair in life to give people a second chance but now (if it is proved) she has committed an offence again, it is a life ban and good riddance quite frankly.""",Sports,True
184104,"Iran, Turkey, Brazil reach nuclear agreement",Politics and conflicts,"Iran, Turkey, and Brazil emerged with an agreement yesterday from talks regarding Iran's nuclear program. In this new deal, Iran will send its uranium to Turkey for processing in return for nuclear fuel. Turkish foreign minister Ahmet Davutoglu revealed the agreement Sunday night, which may alleviate international tensions about Iran's nuclear program. However, he did not specify how much uranium would be transferred, or how the plan will be implemented. Leaders of each country will finalize the plan later today. The eighteen-hour discussion in Tehran yesterday included Brazilian president Luiz Inacio Lula da Silva, who acted as a neutral broker in the deal. Lula da Silva also visited Ayatollah Ali Khamenei, the supreme leader of Iran, although only Iranian president Mahmoud Ahmadinejad was actively involved in the talks. Prior to the meeting, many had thought the chance of an agreement slim. Iran, however, seemed to be open to new ideas. Iranian atomic director Ali Akbar Salehi said Saturday that “things are moving along positively” in regard to such proposals. Iran had originally refused to trade its uranium, but seemed to indicate last week that it had changed its mind. Earlier, Iran denied claims by other countries that it plans to advance its nuclear arms program using enriched uranium, saying that it will be used for energy purposes only. The country had also rejected a previous plan by the United Nations for processing uranium elsewhere.",Politics and conflicts,True
31597,"Maoist, army overnight clashes leaves 20 dead in Nepal",Politics and conflicts,The Nepali army has reported that six security forces and 17 Maoist rebels are now dead following an attack on Saturday night. Security forces have been detaining scores of protesters since fresh demonstrations began in Nepal's capital city of Kathmandu on Friday. Five opposition leaders are also reported to be under house arrest in a preemptive move to curb rallies. The government reports that nearly 200 people were taken into custody. The claim is disputed by the opposition which puts the number much higher. Supporters of the opposition have called for a boycott of local elections claiming them to be undemocratic and that they would only entrench the king's rule. An alliance of seven parties is demanding that King Gyanendra give up the absolute power he seized last year.,Politics and conflicts,True
432512,Albert Pujols ends his worst homerun drought,Sports,"Dominican baseball player Albert Pujols earned his first home run after joining the Los Angeles Angels of Anaheim. Besides hitting his 446th Major League home run, Pujols ended a personal drought by claiming his first regular-season long ball after 33 games and 139 plate appearances, including his last St. Louis Cardinals at-bats. Pujols snapped back at Anaheim and capped a 4-3 home-team win against the Toronto Blue Jays at the Angel Stadium of Anaheim. The Dominican first baseman now has a career 1,336 runs batted in and a .326 batting average. Previously, Pujols had played for St. Louis for 11 seasons. Since playing for the Angels, Pujols has been booed by Anaheim fans after his hits slipped to a .194 average over the past month. Pujols came to his new team with high expectations after signing a contract worth US$240 million. For his part, Pujols offered the following explanation for his performance: ""This game is about making adjustments and being patient...""",Sports,True
70806,Dutch TV kidney reality show was a hoax,Politics and conflicts,"A Dutch reality TV show broadcast yesterday evening which was designed to show a terminally ill woman choosing a patient to receive her kidneys has been shown to be a hoax. The Big Donor Show had attracted considerable condemnation earlier in the week when outline details had been released. The producers said that the programme was made to highlight the shortage of Dutch donors. The ""donor"", known only as ""Lisa"", was an actress, although the three individuals competing for the kidneys are real patients requiring kidney transplants. The choice was to have been made based on the history and profile of the ""contestants"" and conversations that the actress is indicated to have had with their families and friends. Viewers were also invited to send in their advice by text message during the programme. At the point in the show when the choice of recipient was to have been revealed, the show's presenter Patrick Lodiers revealed that the exercise had been a hoax. ""We are not giving away a kidney here, that is going too far even for us,"" he said. Political parties in The Netherlands together with medical organisations and kidney specialists had united in condemning the programme prior to its broadcast. Joop Atsma of the ruling Christian Democratic Party had said ""It's a crazy idea. It can't be possible that, in the Netherlands, people vote about who's getting a kidney."" Professor John Freehally, immediate past President of the UK Renal Association stated that ""the scenario portrayed in this programme is ethically totally unacceptable"", continuing that the show would cause confusion and anxiety rather than contributing further to an understanding of transplants. He also pointed out that the set up of the programme bears no relationship to the processes for making decisions about transplants in normal circumstances. However, speaking after the broadcast, Dutch Minister for Education, Culture and Science Ronald Plasterk, claimed that the show was a ""fantastic stunt"" and kidney patient Caroline Klingers watching the programme at a treatment centre in the town of Bussum praised it saying that it would be ""good for the publicity and there are no losers"". Speaking at a news conference after the programme, a producer said ""We have only done this cry for help because we want to solve a problem that shouldn't be a problem"", and this view was underlined by presenter Patrick Lodiers who claimed that it was ""reality that was shocking"" in that about 200 people die in the Netherlands each year waiting for a kidney where the average waiting time is more than four years. Bart de Graaff, the founder and former director of the TV station which broadcast the programme, died from kidney failure at the age of 35 after spending years on a transplant waiting list. The programme was made by Endemol, the company which makes Big Brother and which is not immune from criticism. On Wednesday of this week it was required by UK regulator Ofcom to broadcast an apology for its handling of potentially racist material involving Indian actress Shilpa Shetty in the January 2007 Celebrity Big Brother in the UK. Ofcom had received a record number of 44,500 complaints.",Politics and conflicts,True
196155,43 dead in Iraqi bomb blast,Politics and conflicts,"A suicide bomber killed 43 people in Iraq Sunday, injuring an estimated 40 more. The attack occurred southwest of Baghdad and targeted members of a government-backed militia, Sons of Iraq, also known as the Sahwa, who were waiting to collect their pay.  Early reports say the attacks killed at least three soldiers and injured an additional thirteen, while three accountants died and four more were wounded. It's not yet clear who the remaining casualties are. A survivor of the bombing said that ""[t]here were more than 85 people lined up in three lines at the main gate of the military base to receive salaries when a person approached us.  When one of the soldiers tried to stop him, he blew himself up."" An Iraqi military official said that ""[t]he suicide bomber blew himself up in the biggest group of Sahwa members. We generally let them enter the base in groups of 10 for them to get their salaries."" A second suicide bombing took place in Western Iraq, when an attacker fired upon Sahwa militants in Al-Qa'im before blowing himself up, killing three people, with six more injured. Credit for the attacks has not yet been claimed, but al-Qaeda is considered the probable culprit. The Sahwa movement is a Sunni militia group that split from al-Qaeda in 2006, and with US support have been one of the groups fighting al-Qaeda. In recent months, members of the militia have said that they have come under attack from other militant groups, and support from the Iraqi government has been reduced.",Politics and conflicts,True
709516,Wikinews interviews American zoologists about pirate perches' chemical camouflage,Science and technology,"American zoologists, William Resetarits and Christopher Binckley, have discovered chemical camouflage in pirate perches. The researchers experimented with common predatory fish victims, such as tree frogs and aquatic beetles, which avoid places where fishes live. However these victims didn't avoid pirate perches. On March 7, the American Naturalist published the researchers' paper. Today, Wikinews interviewed one of the researchers, William J Resetarits, about the study. ((Wikinews))  What caused your initial interest in Pirate perches? ((WN))  Do you have a photo of a Pirate perch, and of the environment you conducted experiments in (the pools)? What lab were the experiments carried out in? ((WN))  As far as I could see from the news and Abstract, the prey species avoided pirate perches. What prey species did you test? ((WN))  What makes you confident that the camouflage has a chemical nature? ((WN))  What equipment was used during the study? Do you have photos? ((WN))  What were the roles of the people involved in the research? What activity was most time-consuming? ((WN))  How do you plan to investigate the chemistry of the phenomenon? How would you like to check what exactly happens?",Science and technology,True
36946,Mishap destroys SpaceX Falcon 1 after maiden launch,Science and technology,"The Falcon 1 rocket, launched by SpaceX, was destroyed shortly after its maiden launch today. Despite an earlier highly successful static test firing off the main engines, this fourth attempt at launch failed during the first stage burn. After clearing the tower, an onboard webcam revealed a swirl of flame around the base of the rocket before contact was lost.
Both the Falcon 1 launcher and its Falconsat payload were lost. It was later revealed that a fire had cut a helium pneumatic line causing the safety valves in the fuel system to automatically close, shutting down the main engine. The cause of the fire and the fuel leak that fed it has yet to be determined.",Science and technology,True
59081,Pfizer to cut jobs in Michigan,Economy and business,"Pfizer CEO Jeffery Kindler has announced that 2,410 jobs will be cut in Michigan, taking out three plants in the state. Pfizer has also announced that they will cut a total of 10 000 jobs by next year. The Ann Arbor, Kalamazoo, and Plymouth sites are representatives of the world's largest drug manufacturing company. A portion of these jobs will be reassigned in Pfizer plants in cities such as La Jolla, CA, Groton, CT, and Sandwich in the United Kingdom. These cuts come after Pfizer's newest drug in development, torcetrapib, was scrapped late last year due to unexpected side effects. The money spent researching the drug Torcetrapib ended with the loss of millions of dollars. This comes as a bigger blow to the region when coupled with ongoing losses to major car manufacturers in the Detroit area, and Gov. Jennifer Granholm said today, ""We’re going to have a whole ‘Stick Around Ann Arbor’ campaign for these employees, because we want them to stay here."" Among the other groups affected are Ann Arbor schools, to whom Pfizer pays millions of dollars, and local businesses. Most employees declined comment, as they are being asked by Pfizer not to talk with the media.",Economy and business,True
4200,Astronomer proposes Hubble replacement,Science and technology,"Colin A. Norman, Professor of Physics and Astronomy at 
Johns Hopkins University, testifying before the 
U.S. House of Representatives Committee on Science February 2nd, presented the Hubble Origins Probe (HOP) as a replacement for the Hubble Space Telescope. Concerning the shuttle's estimated one billion dollar cost and 65 month
time-frame for deployment to earth orbit, Norman said: ""The
groundbreaking science, the cutting edge technology generated in
the development of new instrumentation, the ability of Hubble
science to engage the interest of the public, and its impact on
the imagination of students, make it worthwhile to invest this
sum of public funds to complete the last chapter of Hubble's
remarkable legacy."" HOP will tackle three of the most central intellectual issues of
our age; the nature of dark energy, the nature
and distribution of dark matter, and the
prevalence of planets, including earths, around other stars. Norman noted during the testimony that HOP would be, essentially,
a lighter copy of the Hubble Space Telescope and would include
two instruments that were scheduled for installation on the
Hubble: the Cosmic Origins Spectrograph (COS), the Wide Field Camera 3 (WFC3), plus the new Very Wide Field Imager (VWFI) to be paid for and provided by Japan. The VWFI has a field of view 17 times greater the advanced
camera on board the Hubble now, and is 3-4 times more sensitive
at critical wavelengths. This will provide for mapping 20 times
faster than achievable by the Hubble at present. The COS would make possible the identification of the invisible
portion of ""ordinary matter,"" potentially residing in gigantic
gas clouds discovered by the
Chandra X-ray Telescope. ""The WFC3 has greatly enhanced power for discovery in the blue and
the red region of the spectrum and will significantly enhance
studies of galaxies and stars. Its infrared capability is
essential to studies of dark energy,"" Norman added. ""The decision is obvious. We must continue with the
Hubble adventure to explore these great questions
further, to understand more fully our remarkable
Universe and our place in it. We must do this with
intense determination and energy and thus continue to
inspire new generations with the wonder and thrill of
exploration and discovery,"" concluded Norman. Colin Norman was educated at the University of Melbourne and
Oxford University. He has been a professor of physics and
astronomy at Johns Hopkins University and astronomer at the 
Space Telescope Science Institute since 1984.",Science and technology,True
426683,Australian billionaire announces replica Titanic,Economy and business,"Australian billionaire mining magnate Clive Palmer has announced plans to build a fleet of luxury cruise ships, including a replica of the famous RMS Titanic. Palmer has announced his new company Blue Star Line Pty Ltd has commissioned a close replica of the Titanic from CSC Jinling Shipyard in China. Construction would commence in 2013 and the maiden voyage would be in late 2016. Palmer said, ""It will be every bit as luxurious as the original Titanic but of course it will have state-of-the-art 21st century technology and the latest navigation and safety systems"". When asked if the replica would be unsinkable, Palmer said ""Of course it will sink if you put a hole in it. It will be designed as a modern ship with all the technology to ensure that doesn't happen."" Palmer also said the Chinese Navy had been invited to escort the ship on its maiden voyage. The original RMS Titanic sank in the North Atlantic Ocean on April 15, 1912 after colliding with an iceberg during her maiden voyage from Southampton to New York, with the loss of 1,514 people.",Economy and business,True
5844,Vodafone buys Connex and Oskar,Economy and business,"Vodafone, the world's largest mobile telephone company, has bought Romanian operator Connex and Czech operator Oskar in a deal worth 2.6 billion euro. Both Connex and Oskar were majortarily owned by Telesystem International Wireless Group, a Canadian corporation. While officials from the companies did not make public the individual value of the two operators, it is expected that most of the 2.6 billion euro was paid for Connex, which has a market value of 1.5 to 2.3 billion euro. The takeover of Connex is said to be the biggest deal in Romania in 15 years. Before the takeover, Vodafone owned 20.1% of the company, while now it owns 99.1%, the remaining 0.9% being owned by a Cypriot company. Arun Sarin, the CEO of Vodafone, said ""I am delighted that [Connex] and Oskar, both fast growing mobile operators, will become part of Vodafone."" Connex is Romania's second-largest mobile telephony operator, with more than 4.9 million customers at the end of 2004 and nearly 50% market share. It is also one of Romania's most recognised and successful corporations, and one of Europe's fastest growing mobile phone operators. Oskar has 1.83 million customers and is also growing at a fast rate.",Economy and business,True
84106,Crude oil passes US$94.00 a barrel; sets new all-time record high,Economy and business,"Another record has been set in crude oil prices. The price of oil soared past US$94.00 a barrel. New York Mercantile Exchange (NYMEX) crude oil for December delivery closed at US$94.23 per barrel, after peaking at $94.74, the highest price on record. In after hours trading futures have crossed over the $95.00 per barrel mark. On the IntercontinentalExchange (ICE), December Brent Crude also rose to a record $90.63 after touching an all-time high of $90.94 with current futures are trading at over $91.00 a barrel. Today's rise is said to be mainly caused by the United States Department of Energy's inventory report that showed an unexpected drop in crude oil stockpiles. Last week, U.S. stockpiles were down nearly four million barrels of oil. Tropical Storm Noel is also believed to be a cause of rising prices. Because of the storm, one-fifth of Mexico's oil production was suspended while the storm passed, but production is expected to resume by the end of today.",Economy and business,True
43766,Arcelor declares merger with Mittal Steel,Economy and business,"Arcelor, Luxembourg's largest steel company, has reached in an agreement with Mittal Steel over a €26.9 billion merger (at €40.44 per share). The new company will be called Arcelor-Mittal. Mittal Steel will hold 45% stake in the new company. Arcelor would pay Severstal €130 million as a ""fine"" for the fall-out of their failed talks. Lakshmi Mittal (owner of Mittal Steel) and Joseph Kinsch (current Arcelor chairman) will be the co-chairmen of the new company. The new company will have a net capacity of 120 million tonnes.",Economy and business,True
15211,São Paulo crowned Copa Libertadores champions,Sports,"São Paulo has won the Copa Libertadores de América competition, beating Atlético Paranaense in the second round of the Final match at home with a score of 4-0. The first round between the Brazilian teams was drawn 1-1 at Atletico's stadium. Amoroso opened the scoring for Sao Paolo in the 17th minute. On the 45th minute, as the game approached half time, Atletico were awarded a controversial penalty, however, fate would fall Sao Paolo's way as Atletico missed their chance to draw the game level. Fabao scored a wonder goal for Sao Paolo in the 53rd minute to make it 2-0, and by now, Atletico seemed out of it. Luizao & Diego Tardelli completed the 4-0 drubbing late on, in what could have been a momentous night for Atletico, turned horribly wrong. Sao Paolo came out winners and are crowned South American champions for the 2004/2005 season. Sao Paolo will go on to face Liverpool later this year to decide the World Club Championship. Liverpool is this season's European champions.",Sports,True
122401,Madoff jailed after pleading guilty to $50 billion fraud scheme,Economy and business,"US financier Bernard Madoff, the former chairman of the Nasdaq stock index, has been jailed after pleading guilty to all 11 charges of fraud, money laundering, and perjury surrounding a US$50 billion Ponzi scheme. ""I'm deeply sorry and ashamed,"" the financier stated during a speech in the New York court. ""I believed it would end quickly and I would extricate myself and my clients. This proved difficult and, in the end, impossible."" Some of Madoff's victims applauded when the former was handcuffed by officers and taken out of the courtroom to a holding cell where he will await sentencing. Madoff is facing 150 years behind bars, with no chance of parole. Sentencing is set for June 16. Among the charges that Madoff plead guilty to were four counts of fraud, three counts of money laundering, perjury, and making false statements, among others. Judge Denny Chin of Federal District Court ordered that Madoff be remanded as he was awaiting a sentence, rather than letting him out on bail and allowing him to return to his apartment in Manhattan. ""He has incentive to flee, he has the means to flee, and thus he presents the risk of flight,"" the judge said. ""Bail is revoked.""",Economy and business,True
99725,Over 80 Afghans killed by bombing in Kandahār,Politics and conflicts,"Witnesses have reported that at least 80 people have died in a bombing in Afghanistan. The bombing took place in the Kandahar city area of the country, with early reports saying that took place in the Western areas of the city, which is in the South of Afghanistan. The Indonesia based news agency, Antara News has reported that the bombing took place during a dog fighting match. A spokesman for the Interior Ministry of Afghanistan has confirmed the reports by saying that ""there was an explosion in Kandahar this morning,"" and that ""there are a number of people killed and injured."" He added that ""killed dozens and wounded dozens more,"" and that he ""can't give an exact number [of injuries and deaths], but the number is very high."" He also said that ""all the police are there [at the scene of the bombing] and they are evacuating the injured and the dead."" A senior police official has been quoted as saying that ""We have 56 people martyred and about 40 others wounded.""  Reports from witnesses have also stated that a  famous former commander was killed in the blast. The Interior Ministry of Afghanistan has said that they are not sure whether the blast was a suicide bomb, although they have made clear that they are sure it is a bombing.",Politics and conflicts,True
106137,Predictable random number generator discovered in the Debian version of OpenSSL,Science and technology,"A major security hole was discovered in the pseudo-random number generator (PRNG) of the Debian version of OpenSSL. OpenSSL is one of the most used cryptographic software, that allows the creation of secure network connections with the protocols called SSL and TLS. It is included in many popular computer programs, like the Mozilla Firefox web browser and the Apache web server. Debian is one of the most used GNU/Linux distributions, on which are based other distributions, like Ubuntu and Knoppix. The problem affects all the Debian-based distributions that were used to create cryptographic keys since the September 17, 2006. The bug was discovered by Luciano Bello, an argentine Debian package maintainer, and was announced on May 13, 2008. This vulnerability was caused by the removal of two lines of code from the original version of the OpenSSL library. These lines were used to gather some entropy data by the library, needed to seed the PRNG used to create private keys, on which the secure connections are based. Without this entropy, the only dynamic data used was the PID of the software. Under Linux the PID can be a number between 1 and 32,768, that is a too small range of values if used to seed the PRNG and will cause the generation of predictable numbers. Therefore any key generated can be predictable, with only 32,767 possible keys for a given architecture and key length, and the secrecy of the network connections created with those keys is fully compromised. These lines were removed as ""suggested"" by two audit tools (Valgrind and Purify) used to find vulnerabilities in the software distributed by Debian. These tools warned the Debian maintainers that some data was used before its initialization, that normally can lead to a security bug, but this time it was not the case, as the OpenSSL developers wrote on March 13, 2003. Anyway this change was erroneously applied on September 17, 2006, when the OpenSSL Debian version 0.9.8c-1 was released to the public. Even though the Debian maintainer responsible for this software released a patch to fix this bug on May 8, 2008, the impact may be severe. In fact OpenSSL is commonly used in software to protect the passwords, to offer privacy and security. Any private key created with this version of OpenSSL is weak and must be replaced, included the session keys that are created and used only temporary. This means that any data encrypted with these keys can be decrypted without a big deal, even if these keys are used (but not created) with a version of the library not affected, like the ones included in other operating systems. For example any web server running under any operating system may use a weak key created on a vulnerable Debian-based system. Any encrypted connection (HTTPS) to this web server established by any browser can be decrypted. This may be a serious problem for sites that requires a secure connection, like banks or private web sites. Also, if some encrypted connection was recorded in the past, it can be decrypted in the same way. Another serious problem is for the network security software, like OpenSSH and OpenVPN, that are used to encrypt the traffic to protect passwords and grant the access to an administrative console or a private network protected by firewalls. This may allows hackers to gain unwanted access to private computers, networks or data traveled over the network, even if a not affected version of OpenSSL was used. The same behavior can be applied to any software or protocol that use SSL, like POP3S, SSMTP, FTPS, if used with a weak key. This is the case of Tor, software used to offer strong anonymity on the TCP/IP, where about 300 of 1,500-2,000 nodes used a weak key. With 15-20% of weak Tor nodes, there is a probability of 0.34-0.8% circa to build a circuit that has all tree nodes weak, resulting in a full loss of anonymity. Also the case of only one weak node begin used may facilitate some types of attack to the anonymity. The Tor hidden services, a sort of anonymous public servers, are affected too. However the issue was speedily addressed on May 14, 2008. The same problem also interested anonymous remailers like Mixmaster and Mixminion, that use OpenSSL to create the remailer keys for the servers and the nym keys for the clients. Although currently there is no official announcement, at least two remailer changed their keys because were weak.",Science and technology,True
106150,"2008 YODEX: The first-ever ""Wow! Taiwan Design Competition"" announced",Science and technology,"On the opening day of the 2008 Young Designers' Exhibition (May 15), the Council for Cultural Affairs of Executive Yuan announced the first-ever ""Wow! Taiwan Design Competition"" at the Taipei World Trade Center. It will take place in conjunction with the main show (2008 YODEX). The winners from the  Professional and Student classes were announced and awarded in an ceremony yesterday. According to official information from the Taiwan Design Center (TDC), this first-ever design competition was designed for local participants to construct creative products with internationalizations and traditional cultures, and market them worldwide. ""EasTea / WesTea"" and ""Window & Box"" also won the championship in the professional and student groups in this competition.",Science and technology,True
37716,Thais head to the polls for snap election,Politics and conflicts,"Today sees the snap election for the lower house of Thailand's parliament.  With only one of the parties with seats contesting the election it is seen more as an attempt by current caretaker Prime Minister Thaksin Shinawatra to shore up his position in the face of mass protests and accusations of malfeasance. The snap election was called on February 24 by the beleaguered PM, approximately one year after the previous election where his Thai Rak Thai party took 377 of the 500 seats in the lower house making it the first party to have been able to form a government without entering into a coalition. With the main opposition parties, Democat Party (Pak Prachatipat), Great People's Party (Phak Mahachon), and Thai Nation Party (Phak Chaat Thai) boycotting the election the results may not carry the legitimacy that Thaksin is seeking.  Along with the People's Alliance for Democracy (PAD), the main opposition parties have called upon voters to mark their ballot as an abstention.  With over 150 Changwats (constituencies) having a single Thai Rak Thai candidate on the ballot, some may not reach the required 20% of the eligble votes to be returned.  This would leave the parliament short of its 500 seat requirement and unable to reconvene and ratify the appointment of a Prime Minister. Allegations of corruption centre on the Prime Minister's family's involvement in the sale of Shin Corp. to Temasek Holdings, described by Wikipedia as the investment arm of the Singapore government.  On January 23, the PM's family sold their 49.6% share in the company tax-free for US$1.88 billion.  Whilst protests and allegations had been made prior to the sale, it was a catalyst that provoked mass rallies in Bangkok demanding the PM's resignation. With polls opening at 8 a.m. local time (0100 UTC), the BBC reports that voting has been steady and that the PM and his children voted a couple of hours after the polls opened.  Some have used the poll as an opportunity to protest, with one university lecturer arrested for completing his ballot paper in blood. Polling closed at 3 p.m. local time (0800 UTC) with unofficial results expected later in the day.",Politics and conflicts,True
82732,Interview with Sue Gardner of the Wikimedia Foundation,Science and technology,"Wikinews reporters interviewed Sue Gardner, an employee of the Wikimedia Foundation, the project that runs Wikipedia and several other projects, including Wikinews. Before coming to Wikimedia, she ran CBC.CA, the website of Canada's national public broadcaster. She was also a radio and television journalist for 10 years. Matt: Hi Sue, could you explain what you do for the Wikimedia Foundation? Matt: What was your job position for cbc.ca, and what did you work on while you were there? Dodge: Please do Dodge: How did you come to work for the Wikimedia Foundation? Were you asked to join by someone? And if so, who? Brian: In joining WMF was there anything you brought from CBC.ca's policies that you feel have influenced your contributions to the foundation? Can you give Wikinews any tips? I am assuming their similar balance/neutrality policies as the BBC's Matt: Have you had much to do with Wikinews during the course of your work for the Wikimedia Foundation? Matt: Sure. Dodge: When the Foundation moves to San Fransisco [sic], will you be going with it? Matt: Do you believe that citizen journalism sites like Wikinews should have an editorial review process? Matt: Yeah. Brian: Gawker sounds like what we do, only a lot less cautious. Mike: Sue, the community initiative ""Conference of the Americas"" is getting support from Turner Broadcasting for the citizen journalism unconference. How do you feel about the community partnering with such a big name in journalism? Mike: The proposal is basically that Turner will give us a venue for the conference and bring in industry people to speak, in addition to more citizen-oriented speakers and our own from Wikinews. I know personally I didn't believe such a media conglomerate would want to partner with free culture, so it was surprising to me. Does it surprise you, or do you see a good working relationship between ""free"" and ""for profit"" journalism outlets? Brian: we had a reporter with the beeb for a week Dodge: And the BBC used some of our content earlier Matt: Do you think the fact that they can reuse what we make in partnership with them is one of the reasons for people wanting to partner with us, whereas a lot of traditional media want to retain copyright on work? Brian: If they don't understand GFDL, is CC-BY (per Wikinews) better for their legal folks? Matt: Do you believe that (at least for non-profit news sources), releasing material into the public domain makes it simpler for them to manage/handle? Brian: or do they not understand PD? Brian: For wikinews all they have to do is credit us with the story to comply with the license Brian: Yes, a link to us would be nice too Matt: Yeah, as long as they state its CC-BY-2.5 and give our name, they can use it. Can users who have edited Wikinews be respected around real journalists? Will they be turned down because they have written for an online website like Wikinews, which is not particularly fond of the mainstream media, and not traditional media? Matt: Although you have an account on the English wikinews (User:SueGardner), you have never edited. One would assume that as a journalist you would use this project. Is there any main reason you don't edit here or do you just not have time? Matt: If you could interview anyone for Wikinews who would you like to interview? Brian: Not yet, although we reported on her though (see Doris Lessing wins Nobel Prize for Literature) Dodge: Do you use Wikinews as a primary source for news, or do you use other mainstream sources, and then look to Wikinews? Brian: Wikinews may become comprehensive but it will be a difficult process in my opinion. Matt: Do you think the reason for this is wikigroaning, such as more topics are written in focused areas rather than things of interest to the most people? Brian: It is a ""faster"" project than Wikipedia. Matt: You may be interested in What Wikinews is not, the first point, Wikinews is not Paper Brian: We got great cooperation on some big stories like the UK attacks, did big media notice? (Major explosions at UK oil depot, Coordinated terrorist attack hits London) Matt: A lot of attention has been given to improving Wikipedia. Do you think more attention is needed for the other projects? If so, which ones do you think need more attention? Dodge: What advice can you give to aspiring journalists, based on your experiences at the CBC? Brian: ""Above all, the central question about the Wikinews effort is its credibility. ""Making a newspaper is hard... Someone who wants to do it but doesn't really know how hasn't solved the problem by gathering a lot of other people who don't know, either."" This is a quote from a former editor of Encyclopædia Britannica, have we proven him wrong? Matt: If you were the interviewer here, what else would you have asked yourself? were to create something (a conference, or conversation); I'd be interested in doing that with you. I am really interested in this project. Matt: Thank you for your time.",Science and technology,True
175650,US Supreme Court overturns ban on videos depicting animal cruelty,Politics and conflicts,"The US Supreme Court yesterday overturned an eleven-year-old law banning videos that depicted animal cruelty, ruling that such a law violated free speech rights under the First Amendment to the US Constitution. The court's 8–1 ruling overturns a law enacted in 1999 that banned the trade of ""depictions of animal cruelty,"" including ""conduct in which a living animal is intentionally maimed, mutilated, tortured, wounded or killed.""  The case was prompted by the prosecution of Robert J. Stevens, who had filmed and sold videos of dogfights, and subsequently was sentenced in 2005 to 37 months in prison, although he has yet to begin his sentence; his case has remained on appeal. According to Chief Justice John Roberts Jr, the law overturned by the court had been ""a criminal prohibition of alarming breadth.""  The law had been defended by the US government, which had argued that videos of cruelty to animals had no value, and should therefore receive no protection by the First Amendment.  Roberts argued the point in his written statement on the ruling, saying that ""The First Amendment means that government has no power to restrict expression because of its message, its ideas, its subject matter or its content.""  According to Roberts, the law had been too broad, and the court was therefore unwilling to place it outside the protection of the First Amendment. Reactions to the ruling were mixed.  A group called the Media Coalition supported the ruling, saying that ""If the court were to rewrite the First Amendment every time an unpopular or distasteful subject was at issue, we wouldn't have any free speech left.""  The US Humane Society called for a new law to be written by Congress, this one more narrow in scope.  The society's president, Wayne Pacelle, said that ""Congress should act swiftly to make sure the First Amendment is not used as a shield for those committing barbaric acts of cruelty, and then peddling their videos on the Internet.""",Politics and conflicts,True
128348,"USA upsets Spain, wins 2–0 in FIFA Confederations Cup semifinal",Sports,"The United States defeated Spain in the semifinal round of the 2009 FIFA Confederations Cup, claiming their first berth in the tournament's final. The United States, ranked #14 in FIFA World Rankings, snapped Spain's 35-match unbeaten streak heading into the game. The loss prevented Spain from setting a new world record of 36 matches without defeat. Spain, the UEFA champion, had set an international record with 15 straight victories and was trying to stretch its unbeaten streak to 36, breaking the mark set by Brazil from December 1993 to January 1996 The match was held at Free State Stadium in Bloemfontein, South Africa. The FIFA Confederations Cup has been held there as a prelude to next year's 2010 FIFA World Cup. Spain was ranked #1 heading into the match and were deemed heavy favorites. They had won their group games with ease and were expected to do so again against the United States, who barely qualified for the semifinal rounds over Italy. Just days ago, the United States was on the verge of elimination after losing their first two matches of the tournament. The United States had been 1–7–1 against top ranked teams heading into the match and lost its three previous matches against Spain in 1950, 1992, and 2008. The United States qualified for the tournament by winning the 2007 CONCACAF Gold Cup. A goal by Jozy Altidore (25') gave the United States the lead at halftime and a goal by Clint Dempsey (73') sealed the victory. The team attempted only four shots, two of which were on goal and both scored. Meanwhile, Spain attempted eleven shots with six on goal. The United States will play defending Confederations Cup champion Brazil or host team South Africa on Sunday in the tournament finals.",Sports,True
195689,Fire strikes Slovak Academy of Sciences,Science and technology,"The Virology Institute of the Slovak Academy of Sciences (SAS) in Bratislava was severely damaged by fire. The flames reportedly reached as high as one hundred meters. The fire most likely started from the gas tank used for oxy-fuel welding during the building's restoration process, SAS speaker Viera Rosová said. Firefighters from all Bratislava fire-stations took part in the fire-fighting operation. The situation was complicated by dense smoke, necessitating the use of gas masks. Thanks to a quick evacuation of SAS employees and construction workers, none were injured. However, some equipment of the top-level scientific facility was damaged and various research projects will be affected as well, Rosová admitted. The ""software unit containing information of incalculable value"" was rescued in time, reports say. There is no danger of toxic spills or leak of viruses. The micro-biotic organisms studied in the institute are safely stored and infected animals were not held in this building. The institute owns about two thousand animals. The virology samples will be destroyed as the coolers went out of service after the power supply was cut for security reasons during fire-fighting. The SAS vice-chairman Albert Beier estimated the value of the cooler boxes to be close to two million Euros. ""They often contain a life-long work of our researchers,"" he added.",Science and technology,True
130984,Tennis: Jelena Janković wins 2009 Cincinnati Masters,Sports,"Serbian tennis player Jelena Janković has won the women's tournament of the 2009 Western & Southern Financial Group Masters and Women's Open, commonly known as the Cincinnati Masters. The world number five defeated number one Dinara Safina of Russia. Janković started out this year as number one but slipped down the rankings after several performances below her usual standard, but she was able to win the US$350,000 first prize.  The final score was 6–4, 6–2 in a match that took one hour and forty-five minutes. ""I'm so thrilled to play this kind of match and beat the number one player in the world,"" said Janković, who has won only one other event this year.  She reached the final after a close-run match against Elena Dementieva that saw her win the final set tie break from 6–2 down. Safina said that ""I think I was a bit off today. Basically, I would say it was not my day today... She played some great tennis today."" She last played Janković at the 2008 Olympics, a match she won.",Sports,True
62343,UN report says Sudan government guilty of orchestrating Darfur crimes,Politics and conflicts,"A report from a United Nations Human Rights Council mission ""concludes that the government of the Sudan has manifestly failed to protect the population of Darfur from large-scale international crimes, and has itself orchestrated and participated in these crimes."" The mission urges the U.N. to take ""urgent further action"", for example by deploying the proposed U.N. and African Union peacekeeping forces, and co-operating with the International Criminal Court. The report team, lead by Nobel Peace Prize laureate Jody Williams, further urges Sudan to stop targeting civilians. The report also says the government is allowing militias such as the Janjaweed to act with impunity, and that government forces are even operating jointly with the militia. The militias themselves and the armed rebel groups aren't spared either; they are accused of serious violations of human rights and international law. During their month of work, the researchers didn't actually get into Sudan because they were not given visas, but they interviewed hundreds of relevant people (such as refugees), and reviewed thousands of pages from documents on the humanitarian situation in Darfur. To summarise the situation, the 35-page documents says: ""Today, millions are displaced, at least 200,000 are dead, and conflict and abuse are spilling over the border into Chad."" The report says that humanitarian and human rights workers are increasingly being targeted, especially during the past six months. ""Killing of civilians remains widespread, ... Rape and sexual violence are widespread and systematic. Torture continues."" The experts think the conflict could destabilise the region. The mission advises the U.N. General Assembly to ""request the compilation of a list of foreign companies that have an adverse impact on the situation of human rights in Darfur."" The U.N. agencies should then cease to do business with these companies. Sudanese officials declined to respond to the report immediately, saying that the response will be made in Sudan's address to the United Nations Human Rights Council on Tuesday. Just days ago, Sudanese President Omar Hassan al-Bashir rejected an interim U.N. plan to bolster African Union peacekeeping forces in Darfur. Up to 24,000 troops were to replace the current 7,000 African Union peacekeepers in the western Sudan region. The almost 4-year-old Darfur conflict is being fought between the Janjaweed militia (Arabic for ""devils on horseback""; they are camel-herding Arabs) and a group of mostly land-tilling tribes. The Sudanese government in the past denied allegations against them, blaming the rebels who didn't sign the peace treaty of 2006. The International Criminal Court in The Hague has already summoned a junior minister of the Sudan, and a militia leader, to answer war crime charges. The government in Khartoum refused to extradite anyone, saying the people responsible would be tried in the Sudan itself.",Politics and conflicts,True
263431,Four killed in militant attack on Karachi military base,Politics and conflicts,"At least four people have been killed in a militant attack on a Pakistani military base in Karachi. Explosions and gunfire were heard inside the base during the latest militant attack since U.S. forces killed Osama bin Laden in a raid on his compound in the country earlier this month. Officials said as many as twenty militants may have attacked PNS Mehran in Karachi, the largest city in the country, and confirmed four had been injured and five wounded. Reports indicate Pakistani forces at the base are fighting back against the attackers; one military aircraft has been destroyed. There are likely to be questions over how militants were able to infiltrate the base, even after warnings from the Tehrik-i-Taliban Pakistan that there will be reprisal attacks for the killing of Osama bin Laden, the leader of al-Qaeda, in Pakistan this month. A spokesperson for the militant group said they would launch attacks on Pakistani military forces to avenge the terrorist leader.",Politics and conflicts,True
196414,China launches major cleanup operation after oil spill,Economy and business,"After an oil pipeline in China exploded and spilled around 1,500 tonnes of oil into the Yellow Sea near the city of Dalian, the government has launched a cleanup operation consisting of more than 800 vessels. The spill occurred on Friday, after a pipeline at the port exploded. The oil terminal at the port has been closed ever since.  Authorities have been using 24 ships designed for cleaning up oil, and today ordered around 800 civilian fishing boats to join the operation. The spill has been halted, although an oil slick which measured 50 square kilometers at its height remains in the harbor, and ships are using absorbent foam to remove oil from the water, as well as barriers to keep oil from reaching the shore. Despite their efforts, parts of the coast reportedly have a slick of oil evident on beaches and rocks. Although rough seas have affected the cleanup, authorities expect to have completed the operations within ten days. According to domestic media, concerns over safety at the port have been raised in the past; a government study in 2006 noted that five projects at the port were at risk of accidents. The spill has caused ongoing disruptions to the port's operations, with several ships, including six oil tankers carrying a total of around twelve million barrels of oil, having been diverted to other ports both in China and other countries.",Economy and business,True
31721,Conservative party wins minority government in Canada,Politics and conflicts,"Stephen Harper's Conservatives have won a minority government in Canada with most stations reporting at this time. The Conservatives' win ends 12 years of a Liberal government plagued by allegations of scandals in recent months. Most major Canadian TV networks began to project a Conservative win at approx 3:30 a.m. UTC Below are the current results for polls reporting, which are still subject to frequent change. Please note this includes both officially elected and leading candidates at this time. This ends an unusually bitter campaign, with the Conservative and Liberals both launching harsh attack commercials against each other. In response to the defeat, former prime minister Paul Martin has stepped down as leader of the Liberal party. This early election stemmed from the ruling Liberal Party government's loss in a motion of no confidence. The Liberal government has faced strong opposition from the NDP, Conservatives and Bloc Québécois as a result of an embarrassing sponsorship scandal. In Quebec, the Bloc Québécois won the great majority of seats, 51 with 42,7% of the votes, the Conservatives won 10 seats with 24,6% while the Liberals faced a wall by getting only 20,7% of the votes, which gave them 13 seats at the Parliament, down by eight from the last election.  In Portneuf-Jacques-Cartier, the radio animator André Arthur was also elected as the only successful independent candidate in Canada. In the Vancouver Island North riding, incumbent John Duncan has been defeated by NDP member and now first time MP Catherine Bell. In the previous 2004 election Bell lost by a mere 483 votes to Duncan. This could be seen as quite an upset to Duncan, who has been in power in this riding for several years and was likely to be in Stephen Harper's cabinet as he was part of Harpers shadow cabinet during the Conservatives time as opposition. Bell won this election by just 1.11%.",Politics and conflicts,True
15221,Torino & Messina thrown out of Italy's Serie A football championship for next season,Sports,"Torino and Messina are facing the risk of expulsion from Serie A because of fraud. Both clubs submitted false financial information to the Serie A management. Covisoc, the body who must ratify that all clubs have the funds necessary to be registered for the new season, have found problems with both outfits. As it stands now, they are not part of the Italian First Division but the pair have submitted an appeal on July 12 against the initial decision. A final verdict on whether the clubs can compete in the top-flight next term is expected on July 15. Numerous other clubs in lower Divisions are facing similar problems, with Perugia and Salernitana risking demotion from Serie B. A total of 20 clubs are in trouble in Serie C.",Economy and business,False
2840616,NASA launches exoplanet-hunting satellite TESS,Science and technology,"On Wednesday at 6:51 p.m. local time (2251 UTC), a SpaceX Falcon 9 rocket launched from Cape Canaveral Air Force Base in Florida, United States, carrying, as a payload for the US National Aeronautics and Space Administration (NASA), the Transiting Exoplanet Survey Satellite (TESS).  NASA designed TESS to search for exoplanets circling stars mostly within 300 light-years of the Sun. Officially a NASA Astrophysics Explorer mission, much of the TESS program is to be run from the Massachusetts Institute of Technology's (MIT) Kavli Institute for Astrophysics and Space Research in cooperation with the Goddard Space Flight Center. ""One of the biggest questions in exoplanet exploration is: If an astronomer finds a planet in a star's habitable zone, will it be interesting from a biologist's point of view?"" TESS principal investigator George Ricker told the press, ""We expect TESS will discover a number of planets whose atmospheric compositions, which hold potential clues to the presence of life, could be precisely measured by future observers."" A little more than an hour after launch, NASA and SpaceX teams announced the satellite was up and functioning and had deployed its solar panels. Most launches have a roughly two-hour period during which the mission can be executed, but this one had a window of only thirty seconds because this satellite must use the Moon's gravity to reach the desired orbit. TESS is slated to enter a high orbit distinct from the geosynchronous orbits used by many other satellites.  TESS instrument scientist Joel Villasenor, also of MIT, explained, ""The Moon and the satellite are in a sort of dance. The Moon pulls the satellite on one side, and by the time TESS completes one orbit, the Moon is on the other side tugging in the opposite direction. The overall effect is the Moon's pull is evened out, and it's a very stable configuration over many years. Nobody's done this before, and I suspect other programs will try to use this orbit later on."" If all goes according to plan, TESS will circle the Earth for 60 days to establish its 13.7-day orbit and test its machinery before beginning its mission: using its four cameras to analyze stars for decreases in brightness that may be caused by a planet passing between us and them, a technique called the transit method.  TESS's launch comes just as the Kepler space telescope, launched into orbit around the Sun 2009, is about to run out of fuel.  Scientists used Kepler to identify at least over 2300, perhaps over 4500 planets and gather data on stars and black holes.  TESS is designed to cover 400 times as much of the sky as Kepler, and is capable of viewing 85% of the sky.  Scientists expect it to find 1500 planets during its two-year mission, 300 Earth-like, but believe it may find many more. Because TESS's cameras can cover a wide range of radiant energy, including infrared, scientists believe it may be able to detect planets orbiting red dwarf stars, which scientists consider likely to host rocky, Earth-like planets with the right mass for an atmosphere and the right temperature to host liquid water, a range called the habitable zone. The data collected by TESS are to be publicly accessible so anyone who wishes may participate in the search. NASA plans to process the data, about 27 gigabytes collected per day, using a supercomputer called Pleiades. The original schedule had launch at 6:32 p.m. on Monday evening but it was postponed so the SpaceX team could perform more guidance navigation control tests before launch. SpaceX is a private company that has partnered with NASA before on such missions as resupplying the International Space Station.",Science and technology,True
57507,Slovenia adopts euro,Economy and business,"On January 1 2007, Slovenia officially joined the Eurozone and adopted the euro as its new official currency. At the same time, Slovenian euro coins, which were available as a ""starter kit"" from December 15, became legal tender everywhere in the Eurozone. A period of dual circulation, when both the former currency, the tolar and the euro will be accepted, will only last until January 14. All banks are going to exchange tolars into euros at the official rate of 239.64 SIT per 1 EUR at no commission until March 1, 2007. After that date it will be possible to exchange tolar banknotes (unlimited) and coins (until 2016) only at the Bank of Slovenia. Most ATMs already dispense euro banknotes with the rest to follow in the following days. Commercial banks automatically converted all tolar accounts into euros and online banking systems will be accessible to their users again on January 3. Even though January 1 and 2 are non-working days in Slovenia, many banks will be opened from 10:00 to 14:00 on both days, available only for one service: exchanging tolars to euros and larger euro banknotes into smaller units.",Economy and business,True
119982,Obama to Muslims: 'Americans are not your enemy',Politics and conflicts,"President Barack Obama of the United States had his first full interview since his inauguration, on Al Arabiya television. The Dubai television network in the United Arab Emirates had exclusive access to the President. During the interview, Obama repeated a campaign promise to deliver a speech in a Muslim capital, and urged that the peace process between Israel and Palestine resume. ""We cannot tell either the Israelis or the Palestinians what's best for them. They're going to have to make some decisions. But I do believe that the moment is ripe for both sides to realize that the path that they are on is one that is not going to result in prosperity and security for their people,"" Obama said. The President pointed out that he had lived for years in Indonesia, the world's most populous Muslim-majority country. This experience taught him that people share the same hopes and dreams regardless of their faith, he said. ""My job to the Muslim world is to communicate that the Americans are not your enemy — we sometimes make mistakes — we have not been perfect,"" said Obama. ""But if you look at the track record... America was not born as a colonial power, and that the same respect and partnership that America had with the Muslim world as recently as 20 or 30 years ago, there's no reason why we can't restore that."" Obama also spoke about al-Qaeda and, according to Al Arabiya, former President George W. Bush's ""war on terror"". ""[What] we need to understand is, is that there are extremist organizations — whether Muslim or any other faith in the past — that will use faith as a justification for violence. Our administration [will] be very clear in distinguishing between organizations like al Qaeda — that espouse violence, espouse terror and act on it — and people who may disagree with my administration and certain actions."" Obama also stated that he ""cannot respect terrorist organizations that would kill innocent civilians and we will hunt them down."" On the topic of Iran, Obama stated that the country has not been conducive to peace, and that, ""if countries like Iran are willing to unclench their fist, they will find an extended hand from us."" ""If we start the steady progress on these issues, I'm absolutely confident that the United States, working in tandem with the European Union, with Russia, with all the Arab States in the region — I'm absolutely certain that we can make significant progress,"" Obama told the interviewer. Immediately prior to the interview, Obama met with George J. Mitchell, his special envoy to the Middle East. Mitchell then embarked on his diplomatic mission with visits to Israel, the West Bank, Jordan, Egypt, Saudi Arabia, France and the United Kingdom.",Politics and conflicts,True
7105,Australian Treasurer told to 'try harder on welfare',Economy and business,"A professor from Australia's most prestigious university said yesterday that Australian Treasurer, Peter Costello, ""must try harder on welfare."" Professor Bob Gregory of the Australian National University and leading economist said, ""If people could not hide on disability and sole parent pensions then [Mr Costello] couldn't claim credit for the fall in unemployment."" ""In my view, the Treasurer has to come out openly and say that he has not been able to produce full-time jobs at a sufficient rate to get people off welfare. Either he has to wait until the economy generates unskilled jobs or he has to play around with the wage system."" Another report relating to the Australian Social Security system was released yesterday by researchers at the University of Melbourne. It found that care-givers who look after mentally ill dependents claim significantly less stress when they engaged in work outside the home.",Economy and business,True
300577,Diamonds: Anglo American to pay US$5.1 billion for 40% of De Beers,Economy and business,"Anglo American PLC has negotiated a price of US$5.1 billion to buy 40% of diamond giant De Beers from the Oppenheimer family. Anglo's stake will jump from 45% to either 75% or 85%; the Botswanan government has an option to increase its own stake. ""This has been a momentous and difficult decision as my family has been in the diamond industry for more than 100 years and part of De Beers for over 80 years,"" said De Beers chairman Nicky Oppenheimer. The Oppenheimers are selling their entire remaining stake in the company they took over in the 1920s. They retain 2% of Anglo, founded in 1917 by Sir Ernest Oppenheimer. Until Nicky's resignation this year Anglo's board has always featured an Oppenheimer. As-of June De Beers assets totalled US$8.2 billion with US$1.2 billion pre-tax profit over the prior six months, compared to a US$863 million pre-tax profit last year. The firm owns two Canadian mines and one in South Africa, along with joint ownership with Botswana in two of the world's biggest diamond mines. Part of the sale deal promises the Oppenheimers will be given part of any value increase if the firm is floated within two years. Nonetheless, Anglo CEO Cynthia Carroll denied this means a flotation is planned. She also said there is no connection between the purchase, which is set to be finalised next year, and Chilean state-owned copper firm Coldeco's recent major purchase of 49% of various Anglo property. The Oppenheimers receive 20% of any price increase if a float occurs within a year, and 10% if one happens the year after.",Economy and business,True
104294,Zimbabwe begins vote recount,Politics and conflicts,"Zimbabwe election officials have today begun to recount 23 out of 210 constituencies' ballots after president Robert Mugabe's Zanu-PF party accused the opposition party, the Movement for Democratic Change (MDC), of bribing election officials. Several arrests have since been made in relation to the recount. The ballots are from the parliamentary elections held on March 29. The opposing MDC made an appeal to Harare's High Court for the recount to be stopped. However it was rejected, Justice Antonia Guvava saying ""I find no merit in the application... Accordingly, the application is dismissed with costs."" Despite this MDC leader Morgan Tsvangirai, who is currently staying in South Africa for his own safety, claims to have won both parliamentary and presidential elections outright. Opponents of Mugabe's regime have accused him of being biased and are certain that he will cheat. ""Clearly these guys have tampered with the boxes. They can't deny that,"" the MDC's spokesman Nelson Chamisa said. ""How do you expect us to have confidence in the process?"". British prime minister Gordon Brown also criticised Mugabe, claiming before the United Nations Security Council in New York on Wednesday that ""no one thinks"" he won the election. Mr. Mugabe needs 9 of the 23 recounted ballots to be in his party's favour to retain a parliamentary majority. ""The vote recounting process has started, and it's going to be a thorough exercise. We expect it to take about three days,"" a Zimbabwe Electoral Commission official told Reuters earlier today. A team from the international Southern African Development Community as well as various diplomats are observing the recounts. This recount comes after a chain of controversies in Zimbabwe including arms deals with China, suspected violent intimidation of opposition and denunciation of international opponents.",Politics and conflicts,True
2187955,Kerry hospitalized after cycling accident,Politics and conflicts,"U.S. Secretary of State John Kerry had a cycling accident yesterday and as a result has broken his right leg. The accident happened near Scionzier, France; reportedly he may have hit a curb. Kerry was in Geneva on Saturday for talks with the Iranian Foreign Minister, Muhammad Javad Zarif, on the Iranian nuclear program.
As a result of the accident Kerry has canceled his official trips, including an international conference on Islamic State (ISIS). Kerry was taken to Geneva's HUG medical centre by helicopter and after an X-ray examination it was confirmed his right femur is fractured.
John Kirby, a State Department spokesman, said
""The secretary is stable and never lost consciousness, his injury is not life-threatening and he is expected to make a full recovery"". Kerry is expected to receive further treatment in Boston by a doctor there who operated on him for a previous hip injury located, Kirby said, near the current injury.",Economy and business,False
73948,Cyprus and Malta to adopt the euro,Economy and business,"The European Union's Council of Ministers has approved the entry of Mediterranean islands Cyprus and Malta into the Eurozone. They will begin to use the euro from January 1, 2008. European finance ministers (collectively known as Ecofin) set fixed rates of one euro to 0.585274 Cypriot pounds and 0.4293 to the Maltese lira. Slovenia was the first new country to join, which adopted it in January of 2007. No other country has yet met the strict entry criteria into the Eurozone, including inflation, which prevented the entry of states such as Estonia, Latvia and Lithuania. The news comes amid a rising value of the euro, on the same day it reached a new all-time high of 1.37 U.S. dollars.",Economy and business,True
110218,Minimum wage in United States increases to $6.55,Economy and business,"The federal minimum wage in the United States increased Thursday by 70 cents from US$5.85 to $6.55. This is the second of three increases to take place each year in the federal minimum wage under a law passed by Congress in 2007. Next year, the federal minimum wage is scheduled to increase to $7.25. Twenty-four states and the District of Columbia already have higher minimum wage settings than that of the Federal Government. The new minimum wage can be considered to be less than the wage level of 1997, which when adjusted for inflation, was the equivalent of $7.02. Adjusting for inflation the minimum wage 40 years ago was the equivalent of $10.06 in today's dollars, according to the U.S. Labor Department. District of Columbia law sets its minimum wage to automatically be $1.00 higher than the federal minimum. Eight states will have their state minimums increase to the federal minimum. 18 states automatically follow the federal minimum, while 24 already have minimum wage rates higher than the federal minimum. These range from Washington state at $8.07, California and New York at $8.00, to Florida at $6.79. Nevada sets its minimum wage at $6.85 unless health benefits are included, in which case the minimum is $5.85. Several states have their state minimums indexed to inflation. South Carolina, Tennessee, Alabama, Mississippi, and Louisiana are the only states yet to set a minimum wage law. A number of cities, including San Francisco and New York, also have local minimum wage laws which set the minimum wage for jobs in those cities to figures higher than the federal minimum, and in some cases higher than the state minimum. About two million workers will get an increase as a result of the change. Approximately five million will receive an increase from next year's minimum wage increase. A number of small businesses will have difficulties raising prices to cover the increase in costs, while other businesses in tight labor markets indicate the increase is irrelevant as employees are already being paid more than the federal minimum. ""Government price-setting has never been good for the economy, and they are setting the price of labor,"" said William Dunkelberg, chief economist for the National Federation of Independent Business. ""If you want more people hired, you don't make it more expensive to hire them.""",Economy and business,True
57998,Sunday Times says Israel is planning nuclear strike against Iran,Politics and conflicts,"According to The Sunday Times, Israel is planning to use nuclear bunker busters to destroy Iran's nuclear facilities. The newspaper cites several Israeli military sources. The report says that Israeli airforce squadrons at Hatzerim and Tel Nof Airbase are training to use low-yield nuclear ""bunker-busters"". Some of Iran's facilities have been built underground and would thus be difficult to hit using conventional weapons. Targets would include the uranium enrichment facilities of Natanz, a site near Isfahan where gas for the enrichment process have been stored underground, and a heavy water reactor in Arak. ""As soon as the green light is given, it will be one mission, one strike and the Iranian nuclear project will be demolished."" said a source. The tactical nuclear weapons would only be used if conventional weapons were ""ruled out"" and if the United States ""declined to intervene"", the article continues, based on ""senior"" military sources. Military analysts say that disclosure of the plans could be intended to put pressure on Iran to halt enrichment (which Iran says is for peaceful purposes), prod the United States into action or soften up world opinion in advance of an Israeli attack, according to the report. On December 24, Iranian president, Mahmoud Ahmadinejad dismissed a resolution passed by the United Nations Security Council imposing sanctions on Iran, calling it a ""piece of paper"". The Iranian Ambassador to the UN responded to the sanctions saying ""A nation is being punished for exercising its inalienable rights."" accusing the council of acting at the ""behest of a dangerous regime with aggression and war crimes as its signature brand of behavior."", referring to Israel. Most members of the Israeli government and military refused to comment on the report. Foreign Ministry spokesman Mark Regev denied the plans for a military intervention, saying that Israel is supporting diplomatic efforts. Ephraim Kam, a strategic expert at Tel Aviv University's Institute for National Strategic Studies and a former senior army intelligence officer, also dismissed the report. ""No reliable source would ever speak about this, certainly not to the Sunday Times,"" Kam told the Associated Press.",Politics and conflicts,True
47551,NASA discovers new evidence of dark matter,Science and technology,"New observations of the distribution of mass show clear evidence of the separation of dark matter and normal matter, according to NASA scientists. ""This is the most energetic cosmic event, besides the Big Bang, which we know about,"" said Maxim Markevitch of the Harvard-Smithsonian Center for Astrophysics and member of the NASA team that studied images collected with the Chandra X-ray observatory, the Hubble Space Telescope, the European Southern Observatory's Very Large Telescope and the Magellan optical telescopes. The observation supports the theory that the bulk of the universe is made up of invisible dark matter, which was detected by observing the gravitational force it exerted on visible matter. ""A universe that's dominated by dark stuff seems preposterous, so we wanted to test whether there were any basic flaws in our thinking,"" said team leader Doug Clowe of the University of Arizona at Tucson. ""These results are direct proof that dark matter exists."" Because the force of gravity can bend light, the team was able to detect the presence of dark matter through gravitational lensing.  Light emitted by objects that lie on the far side of the galaxy was distorted by a gravitational force in excess of the distortion expected by the visible matter present in the galactic collision. To make their discovery, the scientists trained their telescopes on a cluster of galaxies officially designated 1E0657-56, informally known as the bullet cluster because of its shape. The bullet shape is the result of the violent collision of a small galaxy cluster with another, larger cluster as normal matter in the galaxies interacts during the collision. Dark matter, however, does not experience any of the forces that affect normal matter, other than gravity, and ended up separating from the normal matter during the event. These results will be published in an upcoming issue of Astrophysical Journal Letters.",Science and technology,True
82495,American trio wins the 2007 Nobel Prize in Economics,Economy and business,"Stockholm, Sweden —
The 2007 Nobel Prize in Economics has been awarded to three Americans – Leonid Hurwicz, Eric S. Maskin and Roger B. Myerson – ""for having laid the foundations of mechanism design theory."" The Nobel Prize, which includes ten million Swedish Crowns (US$1.54 million), was assigned by the Royal Swedish Academy of Sciences on behalf of the Bank of Sweden, which instituted the prize in 1968 in memoriam of Alfred Nobel. ""Mechanism design theory, initiated by Leonid Hurwicz and further developed by Eric Maskin and Roger Myerson, has greatly enhanced our understanding of optimal allocation mechanisms in such situations, accounting for individuals' incentives and private information,"" said the jury while assigning the prize. Furthermore, the Royal Swedish Academy of Sciences added that the theory ""allows us to distinguish the situations in which the markets work fine from those in which they work bad."" The attribution of this Nobel Prize closes the 2007 Nobel Prize awarding; prizes will be handed on December 10, 2007, in Stockholm, Sweden, on Alfred Nobel's death anniversary.",Science and technology,False
55258,French postal service is back on the rails,Economy and business,"The French postal service La Poste has reached agreement with SNCF, the national rail company, to create a joint rail-based high-speed courier service.  The planned joint venture was announced on Monday by the two state-owned businesses. La Poste's return to rail was prompted by stiff competition and rulings of the European Commission.  In the late 1990s, mail train services were largely replaced by road and air shipment.  Faced with European prohibitions on night flights, and the harmful effects of carbon emissions, La Poste changed its policy. There will be 3 TGV high-speed mail trains in the new fleet, soon expanding to 10.  Environmentally speaking, the trains will contribute a reduction in atmospheric pollution from fossil fuels.",Economy and business,True
8081,British Airways launches three new weekly flights from Bucharest to London,Economy and business,"Due to greater consumer demand, British Airways announced yesterday that it would run a further three flights weekly on the route from Bucharest (Henri Coandă International) to London (Gatwick). The Bucharest-London flights will run on Monday, Thursday and Saturday, while the return flights will run on Wednesday, Friday and Sunday. The extra flights will mean that British Airways will now fly from Bucharest to London, and back, ten times a week.",Economy and business,True
28104,"Mozilla, Internet Explorer adopt universal RSS symbol",Science and technology,"Jane Kim, the program manager for RSS in Microsoft's Internet Explorer 7, announced recently that her team had chosen a graphical representation of Web syndication feeds — one popularized by its competitor. Microsoft employees have been posting variations of conceptual designs since earlier this year, but have now announced that they chose an icon used by the rival browser, Mozilla Firefox. The Microsoft team collaborated with Mozilla staff during the selection process. ""I'm excited to announce that we're adopting the icon used in Firefox,"" wrote Kim. ""We'll be using the icon in the IE7 command bar whenever a page has a feed associated with it, and we'll also use it in other places in the browser whenever we need a visual to represent RSS and feeds."" Microsoft is poised to release IE7 with many of the new features popularized in Firefox, such as browser tabs, feed support, full PNG and CSS support, and other improvements.",Economy and business,False
56740,Camel sacrificed at major Turkish airport,Economy and business,"After finding out that he will not have to service a troublesome brand of British-made planes, RJ-100, at the airport, Şükrü Can, the manager of Turkish Airlines maintenance service, decided to slaughter a camel right on the tarmac of Istanbul's Ataturk Airport. Airport manager Vedat Muftuoglu was quoted to say: Turkish minister of transportation Binali Yildirim has characterized the sacrifice an ""example of tactless behavior."" After the managerial staff at the airport heard about the incident, Can's sacrifice claimed his job. Animal slaughter is not a rare incident in Turkey. Sheep and other animals are frequently slaughtered, especially during the Islamic Sacrifice Feast. However sacrificing a camel is highly unusual in Turkey, and not a common practice.",Politics and conflicts,False
78169,New species of dart frog discovered in Colombia,Science and technology,"Scientists have discovered a new species of venomous dart frog in Colombia. The new species, dubbed the 'golden frog of Supatá', is 2cm (0.8 inch) long and has a range of just 50 acres (20 hectares), which is believed to be the reason why the frog remained undiscovered until now. The frog was found in February during an expedition arranged by the Conservation Leadership Program (CLP), a nonprofit organization, but the discovery has only just been announced. However, according to Giovanni Chaves, a biologist from the CLP, the frog is in imminent danger. ""This frog exists in a little fragment of cloud forest that is under intense {{w|anthropogenic]] pressure, mainly the destruction of the forest for cattle-raising and agriculture,"" he said. ""This discovery allows us to know a little more about the ecology of these beautiful animals, and it will also allow us to use it as a symbol to carry out campaigns of environmental education in this area, to show the need to protect and to conserve the fauna and flora of this region of Colombia."" Colombia has one of the richest diversities of amphibians in the world, with more than 583 known species.",Science and technology,True
2468551,NASA announces water on Mars,Science and technology,"On Monday, NASA announced that signs of liquid water have been found on Mars. The Mars Reconnaissance Orbiter spacecraft found evidence of the liquid on the Martian surface, in long dark spots on the Red Planet thought to be formed because of water flow. In a news conference, NASA's planetary science director, Jim Green said, ""We now know Mars was once a planet very much like Earth with warm salty seas and fresh water lakes [...] but something has happened to Mars, it lost its water."" Water is thought to flow down slopes in the warm summer months and dry up as the temperature drops seasonally. Scientists have different theories about the water's origin, as perhaps from the Martian atmosphere or from ice below the surface. In 2011, Lujendra Ojha proposed the theory of water on the Martian surface, after studying salt samples from Martian soil. The temperature of Mars is close to the freezing point of water, but the presence of salt lowers the freezing point. Alfred McEwen, professor of planetary geology at the University of Arizona, described the water as ""briny"". Moreover, the recurring slope lineae (RSL) on the surface of Mars are found to slide down the slope in the hotter season indicating the presence of water. NASA's associate administrator John Grunsfeld said those observations gave a better picture about the planet's resources that could be helpful in the future. Grunsfeld tweeted Water on Mars, not just frozen. Is anything drinking it? Someday we wil find out on our #JourneyToMars. To mark this discovery, Google created a doodle in which Mars is sipping water.",Science and technology,True
10522,UEFA Women's Cup: Potsdam wins Women's Cup against Stockholm,Sports,"POTSDAM, Germany — After a 3-1 victory in the 2nd game of the UEFA-Women's Cup final 2005 the players of the 1. FFC Turbine Potsdam have won the European championship against the Swedish team of Djurgården / Älvsjö - the UEFA Women's cup.",Sports,True
2830341,"Apple, Inc. confirms acquisition of Shazam",Economy and business,"On Monday, US-based tech company Apple, Inc. confirmed acquisition of UK-based song identification application Shazam. According to reports, the deal is worth US$400 million. ""We are thrilled that Shazam and its talented team will be joining Apple [...] and we can't imagine a better home for Shazam to enable us to continue innovating and delivering magic for our users."", Shazam spokesperson Giovanni Bossio said. Shazam has over one hundred million users. Founded in West London in 1999 by Avery Wang, Chris Barton, Dhiraj Mukharjee, and Philip Inghelbrecht, Shazam creates a ""digital fingerprint of the audio""  and recognises a song, and provides other information including artist's name, album, lyrics, release year and record label company. It also provides links to music streaming services including Apple Music, Google Play Music and Spotify. Shazam generates revenue from advertisements and commission from streaming services. Shazam is integrated with Apple's voice assistant Siri. Apple spokesperson Tom Neumayr said, ""Apple Music and Shazam are a natural fit, sharing a passion for music discovery and delivering great music experiences to our users. We have exciting plans in store, and we look forward to combining with Shazam upon approval of today's agreement.""  Apple Music has about 27 million subscribers, while its competitor Spotify has about 60 million. California-based company Apple, Inc. acquired Dr. Dre's Beats Electronics three years ago for US$3 billion.",Economy and business,True
287096,Apple Inc. co-founder Steve Jobs dies aged 56,Economy and business,"The co-founder and former chief executive officer of Apple Inc. Steve Jobs has died yesterday at the age of 56, according to the company website. On August 24, Jobs resigned from his post as CEO. He has been fighting pancreatic cancer since 2004. Jobs, born in San Francisco on February 24, 1955, has built the most valuable technology company in the world, with a market value of $348.8 billion. He started Apple in 1976, and in 1984 the first Macintosh personal computer was released to the public. One year later he was fired from the company and he founded NeXT. In 1986 he bought Pixar which was acquired by The Walt Disney Company in 2005. In 1996, following Apple Computer's purchase of NeXT, Jobs returned to Apple and soon after reassumed the role of CEO. In 1998 Apple introduced the iMac personal computer, in 2001 the iPod music player and the following year the Mac OS X operating system was released. 2007 was the year of the iPhone smartphone, then the iPad tablet computer in 2010. A statement on Apple's website, the homepage of which currently displays a black and white photograph and the text ""Steve Jobs 1955-2011"", states: “Apple has lost a visionary and creative genius, and the world has lost an amazing human being. Those of us who have been fortunate enough to know and work with Steve have lost a dear friend and an inspiring mentor. Steve leaves behind a company that only he could have built, and his spirit will forever be the foundation of Apple.” United States President Barack Obama said ""Steve was among the greatest of American innovators — brave enough to think differently, bold enough to believe he could change the world, and talented enough to do it"". Former Microsoft CEO Bill Gates responded to Jobs' death with a statement on his blog: ""The world rarely sees someone who has had the profound impact Steve has had, the effects of which will be felt for many generations to come. ... I will miss Steve immensely."" The current Microsoft CEO Steve Ballmer also expressed condolences for Jobs and described him as ""one of the founders of our industry and a true visionary"".",Economy and business,True
51612,Barcelona win Champions League,Sports,"Barcelona defeated Arsenal to win the UEFA Champions League for the first time since 1992. They had to come from a goal down to triumph against ten-man Arsenal. Jens Lehmann became the first player to be sent off in a final through bringing down Samuel Eto'o. Sol Campbell headed Arsenal into the lead from a Thierry Henry freekick, Samuel Eto'o equalized and later Juliano Belletti scored the decisive winner for Barcelona.",Sports,True
27717,Football: World Cup Draw for 2006,Sports,Groups for 2006 Football World Cup in Germany were drawn yesterday in Leipzig. The groups are:,Sports,True
2873317,"Boris Johnson elected Conservative leader, slated to be Britain's next Prime Minister",Politics and conflicts,"Conservative Party members voted on Tuesday to elect Boris Johnson — former Foreign Secretary, mayor of London, and member of Parliament — as the new Conservative leader. Current Prime Minister Theresa May is to step down today, with Johnson succeeding her as the Prime Minister of Great Britain. Johnson competed for the role against Jeremy Hunt, who succeeded him as Foreign Secretary, the United Kingdom's chief diplomat. He won with 92,153 votes, out of roughly 160,000 members of the Conservative Party that were eligible to vote. In his victory speech, Johnson stressed his support for the Brexit movement, and reiterated that he plans on leaving the European Union even if no agreement has been reached regarding future relations. Parliament, however, has repeatedly voted against a ""no deal"" Brexit. Johnson first entered politics when elected in 2001 as a member of Parliament. He then served eight years as the mayor of London, from 2008 to 2016, before rejoining Parliament. Following the UK's Brexit vote, Theresa May appointed him Foreign Secretary, which he served as until 2018, resigning in protest to May's negotiated Brexit agreement. Citizens of the United Kingdom do not elect the Prime Minister directly. Rather, the official leader of the party with the most seats in Parliament is appointed Prime Minister by the King or Queen, currently Queen Elizabeth II. In this way, the British Prime Minister is elected indirectly, as the people vote for their members of Parliament.",Politics and conflicts,True
2907605,"Wikinews interviews Jo Jorgensen, U.S. Libertarian Party presidential nominee",Politics and conflicts,"Professor Jo Jorgensen of South Carolina, the U.S. Libertarian Party's 2020 presidential nominee, answered some questions about her campaign from Wikinews accredited reporter William S. Saturn. Jorgensen is a psychology professor at Clemson University.   In 1992, with the Libertarian Party's backing, she ran for public office, seeking South Carolina's 4th congressional seat in the United States House of Representatives.  She finished the race in third place with almost 2.16 percent of the total vote. Four years later, the Libertarian Party tapped Jorgensen to be its vice presidential nominee.  She joined a ticket with the late Harry Browne.  Browne-Jorgensen appeared on every state ballot and received a total of 485,798 votes, which was roughly 0.5 percent. This marked the best performance for the party since 1980 and would not be topped percentage-wise until 2012 when former New Mexico governor Gary Johnson attained 0.99 percent of the vote.  Johnson bested that performance in 2016 as the party's presidential nominee for a second time, earning 3.27 percent of the vote, the highest percentage for the party  since its 1971 inception. For the 2020 nomination, Jorgensen navigated through a primary campaign that featured the short-lived campaigns of former Rhode Island governor Lincoln Chafee and Congressman Justin Amash of Michigan, the first sitting Congressman to be a member of the Libertarian Party.  At the virtual 2020 Libertarian National Convention, Jorgensen won the nomination on the fourth ballot, edging attorney Jacob Hornberger, performance artist Vermin Supreme and activist Adam Kokesh, among others.  Podcaster Spike Cohen, originally the running mate of Supreme, was picked to be the party's vice presidential nominee.  Cohen spoke to Wikinews back in June.  The Jorgensen-Cohen ticket has since secured ballot access in all 50 states and the District of Columbia. As a libertarian, an ideology that advocates for lesser government, both in the social and economic realms, Jorgensen's issue positions include a mix of traditionally liberal and conservative stances.  She supports both LGBT rights and gun rights.  She opposes the police state and the taxing authority equally.  And, she supports an open immigration policy while arguing against the welfare state. With Wikinews, Jorgensen discusses her background, COVID-19, her potential cabinet, gridlock, and an assortment of issues including climate change, foreign affairs, free speech, and race relations. ((WSS)) : Which past U.S. president(s) do you most admire and why? ((WSS)) : How have your past experiences prepared you for the job of President? ((WSS)) : How would you describe your style of leadership?  How does it compare to the leadership styles of President Donald Trump and former President Barack Obama? ((WSS)) : If you were president, how would you have handled the coronavirus pandemic differently than President Trump? ((WSS)) : How has the pandemic affected your campaign and your ability to reach out to voters? ((WSS)) : In 2016, Libertarian presidential nominee Gary Johnson, the former Governor of New Mexico, received about 3.28 percent of the popular vote, a record for the party.  Based on your polling and general feeling on the ground, what percentage of the popular vote do you expect to receive in the 2020 election? ((WSS)) : During the 2016 campaign, Gary Johnson responded to a reporter's question about the Syrian city of Aleppo with ""What is Aleppo?""  This seems to be one thing people most remember about Johnson.  If there's one thing the public will remember about you and your campaign, what do you want it to be?  What do you expect it to be? ((WSS)) : What would a Jorgensen administration look like?  Which specific individuals would you ask to be in your cabinet? ((WSS)) : There is currently only one Libertarian in Congress, Justin Amash.  He is not seeking re-election.  If you win the election, the government will remain divided.  How will you work with Congress to avoid gridlock and pass your agenda? ((WSS)) : What should be done, from the government's perspective, to combat global climate change? ((WSS)) : What are your views on the conflict between Armenia and Azerbaijan?  What would you do as president to help resolve the conflict and how does that comport with your overarching philosophy on foreign affairs? ((WSS)) : Are you concerned about the deplatforming and social media censorship of notable conservatives and libertarians?  How would you address this issue as president? ((WSS)) : What can you do, as president, to improve race relations in the United States?",Politics and conflicts,True
252515,Qatar becomes first Arab country to fly fighter jets over Libya,Politics and conflicts,"Qatar participated in a combat mission  to enforce a no-fly zone over Libya on Friday, one day after NATO agreed to take command. Qatar is  the first Arab country to take part in the  operation against Moammar Gadhafi's regime. The French Defence Ministry said two Qatai Mirage 2000 interceptor fighters flew Qatar's first sortie over Libya  accompanied by a French jet. Besides Qatar, the United Arab Emirates has agreed to  send 12 warplanes to support the international no-fly alliance.  No other countries from the Arab League have agreed to join so far. Qatar's combat deployment as the first by an Arab or Muslim-majority country  thus is of  critical impact. Qatar's participation has great  diplomatic importance. Major General Margaret Woodward, Commander of U.S. Air Forces Africa, stated: ""Having our first Arab nation join and start flying with us emphasizes that the world wants the innocent Libyan people protected from the atrocities perpetrated by pro-regime forces"". The emir of Qatar has typically preferred subtle diplomacy  rather than confrontation, as Qatar is vulnerable because of its tiny size and its position on the tip of the Arabian peninsula.  Qatar's decision to send planes is  related to its need to  maintain  its independence from its bigger  neighbors like  Iran and Saudi Arabia, according to  The Guardian. France, the United Kingdom and the United States are among thirteen states which have so far joined the no-fly mission over Libya. The no-fly zone over Libya was established by the UN Security Council on March 17.",Politics and conflicts,True
57228,European telescope searches for planets,Science and technology,"A telescope designed to find earth-like planets outside our solar system was launched on a Soyuz rocket from Baikonur Cosmodrome inside the country of Kazakhstan. The project, which is known as COROT or COnvection ROtation and planetary Transits, is led by the French. ""Our Corot satellite has been put into orbit today perfectly by a Soyuz rocket,"" said president of National French Space Studies Center, Yannick d’Escatha. The telescope will remain in space for at least 2 years to hunt down and find other planets. The telescope will begin to first monitor the Milky Way. After approximately 150 days of monitoring, the telescope will then begin to watch the constellation Orion. Every 150 days the telescope is expected to monitor a new area of space. The telescope will take images of light that a star puts off and then watch for the brightness of that star to dim, which usually means a planet has crossed in front of the star. Scientists hope to find at least 10-40 planets, and additional gas giants. ""These create a 'starquake' that sends ripples across the star’s surface, altering its brightness. The exact nature of the ripples allows astronomers to calculate the star’s precise mass, age and chemical composition,"" said a European Space Agency spokesman. ""Such planets would represent a new, as yet undiscovered, class of world that astronomers believe exists. With Corot, astronomers expect to find between 10-40 of them, together with tens of new gas giants,"" said a spokesman for the E.S.A.. The telescope contains a camera, equipment to communicate with the scientists, direction controls and temperature detection. ""Corot will be able to find extra-solar planets of all sizes and natures, contrary to what we can do from the ground at the moment. We expect to obtain a better vision of planet systems beyond the solar system, about the distribution of planet sizes. And finally, it will allow us to estimate the likelihood of there existing planets resembling the Earth in the neighbourhood of the sun or further away in the galaxy,"" said one researcher on the project, Claude Catala. The telescope weighs nearly 1,500 pounds.",Science and technology,True
80619,"2007 Rugby World Cup: South Africa, Australia and New Zealand qualify",Sports,"In the 2007 Rugby World Cup, the three major southern hemisphere nations secured qualification to the quarter final stage of the competition. Meanwhile, defending champions England kept their hopes alive with a comfortable 44-22 victory against Samoa, while Argentina pushed for the quarter finals with a comprehensive victory against Namibia. In Pool A, South Africa overcame Tonga 30-25 after falling behind early in the second half. Having led 7-3 at half time thanks to a Ruan Pienaar try, the Springboks stumbled when Kisi Pulu scored a try for Tonga. However Juan Smith, Bobby Skinstad and Ruan Pienaar all added tries in the second half to secure a bonus point for South Africa. Tonga made a late breakthrough with two tries in quick succession from Sukanaivalu Hufanga and Viliami Vaki but it was not enough to overcome the deficit. England defeated Samoa 44-22 to claim a vital bonus point and keep the defence of their title on track. Tries from Martin Corry and Paul Sackey helped England to a 23-12 lead at half time as Loki Crichton kept Samoa in the match with the boot. Junior Polu reduced the deficit to four points with a try for Samoa, but Corry and Sackey added tries for England while Jonny Wilkinson kicked 24 points to take England to victory. Argentina scored nine tries in their 63-3 victory over Namibia. Morne Schreuder opened the scoring with a penalty for Namibia, but Argentina prevented them from scoring again. Argentina remain at the top of Pool D to stake a claim to a quarter final place. Australia scored seven tries as they secured top spot in Pool B with a 55-12 victory over Fiji. Tries from Adam Ashley-Cooper and Stephen Hoiles, two from Matt Giteau and a hat trick from D Mitchell won the match for Australia. Fiji's only scores came from Isoa Neivua and Aca Ratuva but they never looked like threatening the Wallabies. New Zealand did not concede any points as they defeated Scotland 40-0 to top Pool C. Scotland struggled against a dominant New Zealand side, who scored six tries. Richie McCaw, Doug Howlett (2), Byron Kelleher, Ali Williams and Daniel Carter were New Zealand's scorers.",Sports,True
1895857,Fire ravages large academic library in Moscow,Science and technology,"A fire Friday night and Saturday morning caused major damage to the Institute of Scientific Information on Social Sciences in Moscow, Russia. It is among the nation's largest academic libraries. The fire began at 10p.m. local time on the third floor, damaging much of one wing.  Russian Academy of Sciences boss Vladimir Fortov called it ""a great loss to science"". He said around 15% of the library's 14.2 million books and other documents are likely damaged. Russia Today said 147 personnel battled the blaze with 38 vehicles. The emergency ministry puts the number of firefighters at over 200. The blaze left no injuries and was contained by around midnight. Thought to have escaped the fire are the library's collection of rare and ancient Slavic manuscripts. Other documents housed include Russia's largest repository of articles from the United Nations and UNESCO in particular, and UN precursor the League of Nations. Large numbers of other documents in old and modern languages from across Asia and Europe are on-site, as are reports from national legislatures. Parliamentary documents held include Italian documents from 1897, US documents from 1789, and UK documents from 1803. Founded in 1918 and boasting 49,000 readers served by 330 staff, the library has lost around 2,000 square metres. The roof has partially collapsed. Arson has been ruled out with an official telling Ria Novosti an electrical fault is considered likely.",Science and technology,True
85222,Pat Robertson endorses Rudy Giuliani for President,Politics and conflicts,"Conservative evangelical preacher Pat Robertson has endorsed Rudy Giuliani's bid for the 2008 U.S. Presidential election. Robertson said that he was supporting the former New York City mayor, despite their disagreements on social issues, because Giuliani was the best hope for the United States against ""the blood lust of Islamic terrorists"". Robertson said that Giuliani was a ""proven leader who is not afraid of what lies ahead, and who will cast a hopeful vision for all Americans."" Although Robertson's influence in the religious right is not as strong as it once was, his endorsement is still important to Republican candidates. Giuliani is pro-choice while Robertson is pro-life. Giuliani also favors extending rights to gays although does not favor allowing gay marriage. Giuliani has had a turbulent family life. Giuliani is on his third marriage and after one divorce was living with two gay roommates. The Religious Right in the United States, including Robertson, often emphasizes what they call traditional family values and frown on divorce and non-standard home arrangements. The religious right in the United States has been under stress in this election over whom to support. James Dobson, another prominent and controversial evangelical leader has warned that although the Religious Right has for a long time supported the Republican Party, they may vote for a third party candidate if the Republican Party Presidential candidate does not share their views on social issues.",Politics and conflicts,True
274921,Jenson Button wins Hungarian Grand Prix,Sports,"Jenson Button of McLaren-Mercedes took first place in Sunday's Hungarian Grand Prix at the Hungaroring, marking his 200th grand prix race in style. Sebastian Vettel of Red Bull-Renault came in second, extending his lead in the 2011 Driver's Championship to 85 points. Fernanado Alonso of Ferrari took the third place on the podium. The race was affected by intermittent wet weather, with tyre choice playing a crucial role in the result. Button's teammate Lewis Hamilton held the lead at times, but suffered from mistimed tyre changes, as well as a spin on lap 47 and a drive through penalty. He was closely followed over the line by Mark Webber of Red Bull. Felipe Massa took sixth place for Ferrari, followed by Force India's Paul di Resta scoring the highest placing of his career so far. Sébastien Buemi, Nico Rosberg and Jaime Alguersuari rounded out the top ten. Four drivers did not finish the race, including Michael Schumacher whose car suffered a gearbox failure, and Nick Heidfeld. Heidfeld's Renault overheated during a longer than usual pit-stop, catching fire when emerging from the pit-lane. The driver escaped unhurt, though as marshals were tackling the fire an air bottle on the car exploded. The incident did not affect the rest of the race, with the safety car not being deployed. In 2006, with similar weather conditions, the Hungarian circuit was the scene of Button's first F1 victory. Combining his triumph today with the celebrations of his 200th race, Button quipped that he was looking forward to the drivers' brief holiday before the next race. ""It’s great to have a couple of weeks break. It might take me that long to get over tonight.""",Sports,True
2286596,Chile beats Argentina to win first Copa America title,Sports,"On Saturday, host nation Chile defeated Argentina 4–1 over penalties in the 2015 Copa América ((en))Spanish language: ‍America Cup, which was held in Estadio Nacional located in the Chilean city of Santiago, to clinch the title for the very first time. The first half saw 3 yellow cards. In total, both halves, 49 fouls were committed. Nobody scored in the first half of the match. Chile had 57% possession of the ball. The second half saw 4 yellow cards, but neither team could find the net. Since the second half ended in 0–0, the match proceeded to extra time. Gonzalo Higuaín missed some chances to score a goal for Argentina. Argentina has not won any major trophy in the past 22 years. Chile began the penalty-shootout. Chilean players converted each penalty kick into goal, whereas except for FC Barcelona star Lionel Messi, no other Argentine could score a penalty. Misses by Higuaín and Banega turned out to be costly for Argentina and the final strike by Arsenal forward Alexis Sanchez sealed the victory by the host nation. Chilean captain Claudio Bravo won the golden glove trophy and Eduardo Vargas won top scorer award.",Sports,True
14252,Blair: G8 leaders announce $50 billion aid increase; talks on trade and climate change,Economy and business,"British Prime Minister Tony Blair announced at a press conference today the results of the 31st G8 summit in Gleneagles, Scotland. Blair, the seven other leaders of the G8 nations, and the leaders of Algeria, Ethiopia, Ghana, Nigeria, Senegal, South Africa and Tanzania stood on the step of Gleneagles to address the press. The Prime Minster said ""We speak today in the shadow of terrorism but it will not obscure what we came here to achieve."" Among the decisions made was a commitment to another $48 billion (£28.8 billion) per year by 2010 in aid which Blair says can indeed, in time and if properly seen through, will make ""very substantial progress"" towards ""making poverty history"". The deal was secured following a last-minute commitment by Japan. Half of this aid will be sent to Africa. Some analysts have raised fears that African economies will not be able to absorb so much aid so quickly, and that the money could fuel corruption. Only $20 billion of this deal is new money - the rest has already been pledged on previous occasions. The US, Germany and Italy rejected a plan by Blair to double aid immediately by borrowing against future aid budgets. ""It isn't the end of poverty in Africa, but it is the hope that it can be ended,"" Blair said. ""It isn't all everyone wanted, but it is progress - real and achievable progress. It is the definitive expression of our collective will to act in the face of death and disease and conflict that is preventable"" There will also be further pushes towards ending the debt of the poorest nations, but only confirmed a earlier deal to cancel the debts of 18 countries. Campaigners have welcomed the news, but have said that it does not go far enough, falling short of the hopes of the people who had embraced the Live 8 and Make Poverty History drives. ""Today the G8 have chosen not to do all that campaigners insist is necessary to free people trapped in the prison of poverty,"" the Make Poverty History read this evening. ""But more action is urgently needed if they are to play their role in bringing about real change for the world's poorest people."" The leaders also pledged to end farm subsidies - but did not say by when. However, they called for talks on trade liberalisation to reach a conclusion by the end of 2006. The Prime Minister was cautious not to ""over-sell"" the decisions that had been made but he was resolute and confident in the possibilities for progress in the future. Less progress was made in the realm of climate change with countries agreeing that climate change was a problem but without any concrete decisions. Talks will be held on the matter, particularly with China and India, beginning in November. The G8 have also announced a $3 billion aid package for the Palestinian Authority.",Economy and business,True
48834,Astronomers witness supernova,Science and technology,"Scientists using NASA's Swift Satellite and other telescopes have observed a supernova in near real time occurring in the constellation of Aries. The explosion is said to be the most powerful explosion known to scientists, which consists of a gamma-ray burst or an x-ray blast. Scientists say that bursts signal the beginning of a star's death. Swift first detected the explosion on February 18 (it was given a designation GRB 060218), which allowed telescopes and satellites to watch the event as it happened. The blast lasted for more than 2,000 seconds (33 minutes). ""This is totally new and unexpected. This is the type of unscripted event in our nearby universe that we hoped Swift could catch,"" said Neil Gehrels, Swift principal investigator at NASA's Goddard Space Flight Center in Greenbelt, Maryland. ""Those observations capture the time when the star collapsed, ejected its outer envelope and most of its mass and left a compact remnant behind. And we think that compact remnant is a neutron star,"" said an author writing for journal Nature, where the report will be published on Thursday. Scientists are also planning on using the Hubble Space Telescope and the Chandra X-ray Observatory in an attempt to get more images of the event. The star is at least 440 million light years from Earth. The group of scientists was led by Sergio Campana of the Italian National Institute for Astrophysics and Alicia Soderberg, a graduate student at Caltech in Pasadena, California. Swift was launched in November of 2004.",Science and technology,True
2824148,Football: German goalkeeper Manuel Neuer sidelined until 2018 after leg injury,Sports,"On Tuesday, German football club Bayern Munich announced Manuel Neuer, their goalkeeper and captain, had surgery on his left foot and is expected to miss footballing action for the rest of the year. The club announced it via their website. 31-year-old Neuer suffered injury from Monday's training for their match against Schalke 04. His hairline fracture of the metatarsal of his left foot was treated on Tuesday by Doctor Ulrich Stöckle in Tübingen. Bayern Munich AG's CEO Karl-Heinz Rummenigge said, ""Manuel Neuer has sustained another injury and we're incredibly sorry for him. The operation went perfectly, whch is the most important thing for now. We and our captain are now looking to the future. Manuel will be back to his previous best and available to us again in January."" ((de))German language: ‍Dass Manuel Neuer sich erneut eine Verletzung zugezogen hat, tut uns wahnsinnig leid für ihn. Die Operation ist optimal verlaufen und das ist jetzt das Wichtigste. Wir sehen jetzt gemeinsam mit unserem Kapitän nach vorne. Manuel wird uns im Januar in alter Stärke wieder zur Verfügung stehen. Former Stuttgart goalie Sven Ulreich, who played only twelve games since joining Bayern in 2015 until Monday,  is likely to fill Neuer's place until Neuer returns. Baryern faces Celtic as well as Paris-Saint Germain in the group stage of UEFA Champions League. FC Barcelona's shotstopper Marc-André ter Stegen is expected to guard the German nets for the upcoming FIFA World Cup qualifiers for next year's tournament in Russia. Neuer suffered a toe injury in March, and a fracture after the second leg of UEFA Champions League quarter-final against Real Madrid in April. Neuer recovered from the original fracture from April, and joined the team late last month. His club and national teammates including Robert Lewandowski, Thomas Müller,  Franck Ribéry, Jerome Boateng, Mario Götze, and Toni Kroos wished him a speedy recovery via Twitter.",Sports,True
2872001,"Benin, Nigeria join African Union continental free trade bloc",Economy and business,"Leaders of African Union (AU) member states met in Niamey, Niger's capital, for an AU summit where on Sunday Presidents Muhammadu Buhari of Nigeria and Patrice Talon of Benin signed the African Continental Free Trade Area (AfCFTA) agreement. Nigeria previously announced it planned to join the AfCFTA in the week leading up to the summit. AU trade and industry commissioner Albert Muchanga announced Benin was to join. The commissioner said, ""We haven't yet agreed on rules of origin and tariff con[c]essions, but the framework we have is enough to start trading on July 1, 2020"". Niger's president Mahamadou Issoufou said, ""Nigeria is Africa's biggest economy and most populous country. Without Nigeria the free trade zone would've been handicapped."" The agreement seeks to remove tariffs on 90 percent of commodities and better intregrate African economies. At the opening of the AU summit, AU chairperson President Abdel Fattah el-Sisi of Egypt said, ""The success of the AfCFTA will be the real test to achieve the economic growth that will turn our people's dream of welfare and quality of life into a reality"". With Sunday's signings, all but one of the member states of the 55-member AU have signed on to the agreement, with Eritrea the only state unsigned. African leaders have negotiated the deal over the last four years. While 54 nations have signed onto the AfCFTA, only 27 have ratified the agreement. While many transactions in Africa occur using U.S. dollars or euros, the AU announced an electronic pan-African payment system.
African Export–Import Bank president Okey Oramah said the use of third-party currencies ""costs Africa between $5 and $7 billion,"" further saying, ""Beyond that, it also reduces trade because Africa has a scarcity of foreign exchange."" There are reportedly 1.3 billion people in the free trade area, with the combined economies of the countries worth US$3.4 trillion. One of the stated goals of AfCFTA is to encourage more intra-Africa trade. Currently about 16–17 percent of African trade occurs between African countries. This is in contrast to the European Union members, where intra-European trade accounts for over 60 percent of trade. The International Monetary Fund said in May the AfCFTA might be for African countries comparable to the European and North American trade blocs as an ""economic game changer"". Seven members states had bid to host the AfCFTA secretariat, the operational organ of the free trade agreement, with Ghana winning the bid.",Economy and business,True
7679,Mozilla Foundation prepares third Firefox security update,Science and technology,"The Mozilla Foundation is in the final stages of preparing the third security update to the popular free Internet browser Firefox. This update will fix a security issue highlighted by Internet security firm Secunia which allows remote users to read the memory of a computer running earlier versions of Firefox. Information such as the websites the user has recently visited or their e-mail addresses can easily be recovered. Users can visit the Secunia website and use a test page to see if they are vulnerable and to study the kind of information that the flaw discloses. Secunia currently recommends disabling Javascript in the browser as a short-term measure against the bug. The release will also fix some bugs discovered in version 1.0.2 and a selection of other security issues. The third release, to be known as 1.0.3, comes hot on the heels of 1.0.2, released on March 23. As before, users will need to download and install the entire 4.7MB program from mozilla.org, rather than download a Microsoft-style patch. Mozilla is working on an update system that will make updating via smaller patches possible in the future. This release has had a difficult birth, with initial versions preventing many popular Extensions (user-installed sub-programs that enhance the capabilities of the browser) from operating. Mozilla developers have worked hard on the issue and are now confident that they have plugged security holes in a way which will not cause inconvenience to users.",Science and technology,True
1734356,Philae space probe lands on comet,Science and technology,"Scientists from the European Space Agency (ESA) announced yesterday the Philae space probe, as part of the Rosetta mission, has landed on a comet called Comet 67P/Churyumov–Gerasimenko. 
It is the first time ever a controlled landing has been made on a comet. Scientists say the anchors that hold the probe on the comet's surface malfunctioned and they are investigating this. Although the anchors malfunctioned, many have treated the mission as a success. The ESA director general said, ""Our ambitious Rosetta mission has secured a place in the history books"". The space probe took a decade and traveled six billion kilometers to reach the comet, as it orbited through the solar system. The purpose of the Rosetta mission is to learn how a comet works and to investigate the origins of planets. Scientists plan on gathering data on the comet from the probe for about a year. They plan to see how the comet interacts with the sun's solar winds. Comets may possibly have been a source of water delivery to the earth along with organic matter that can form proteins and support life. Scientists hope to understand how planets form, especially how the Earth formed, since comets collided with the Earth long ago.",Science and technology,True
114864,Global markets plunge,Economy and business,"Stock markets across the world have fallen sharply with several seeing the biggest drop in their history. Asian markets saw the biggest sell-off. The Nikkei dropped 9.62% to reach a 20 year low. Japan also saw a collapse of a mid-size insurance company, Yamato Life Insurance Company, which declared bankruptcy.  The Hang Seng, which was one of the few markets that was positive yesterday, fell 7.19%. Australia dropped by 8.4% and South Korea saw a 9% fall. In Europe, markets dropped at the open with the FTSE losing 11%. They have recovered only sightly with all European markets losing more than 5%. The European sell off was more about the Asian lows then any specific news. European banks and financial institutes saw the most selling. Also, oil related companies saw large drops as an result of an expected decrease in oil consumption. The U.S. markets opened lower with the Dow Jones Industrial Average falling below 8,000, before recovering slightly.  President George W. Bush made an address on the economy and said markets were being ""driven by uncertainty and fear."" Oil has seen losses of more than US$6 in trading with the current price of a barrel of oil less than $80. This is a year low for oil. News also came out that OPEC will hold an emergency meeting on November 18 to discuss the falling price of oil. Charities, such as Cats Protection, today said that they have lost much of their funds in collapsing banks. Cats Protection had a total of £11.2 million saved in the now-collapsed Kaupthing bank. The British National Council for Voluntary Organisations said that 60 of its 6,500 have lost money due to the collapse of banks. The Dow Jones Industrial Average fell to its lowest level in five years at 8,579.19, falling 679 points in one day. This, at 7.3%, is the eleventh largest percentage fall in the history of the index. The growth then continued, with the index being up over 150 points on the start of the day at one point. The index, did however, recover, and as of 19:30 UTC was up 17.68 points, or 0.21%, pushing the index up to almost 8600. Peter Cardillo, chief market economist at Avalon Partners, commented on these massive falls. ""What we've seen here was one big margin call that just kept feeding on itself, so the opposite could happen. But you need a catalyst,"" he said. ""I'm more convinced now than ever that this market has made a bottom. The capitulation came when we breached 8,000,"" he continued. ""It doesn't mean we can't go back and revisit that level."" The UK's FTSE 100 index fell dramatically to close below 4000, in the index's worst week in history. This is despite the fact that just a few days ago the index was above 5000, and the index peaked above 5500 in September.The FTSE 100 index has fallen by 41% this year. Barclays Wealth analyst Henk Potts commented on this massive fall. “We are drowning in a sea of red numbers,” he claimed. “Investors are concerned about the exacerbation of the credit crunch and the gloomy forecasts for economic growth. The reality is that most investors have been spooked by the sheer pressure that the credit crunch is putting on the global economy.” The Japanese Nikkei 225 has recorded it's third biggest drop in history with a massive sell-off in the exchange that has resulted in USD 250 billion being knocked of the index's value. Toyota, which is the second largest carmaker in the world, fell by the largest amount in 21 years, while Elpida Memory, the world's largest manufacturer of computer memory, dropped in value to a record low. Masafumi Oshiden, a fund manager in Toyota commented on the drop.""It's capitulation,"" he said. ""There are lots of forced sellers. If you're a fund that's going bust you need to close out all your positions."" George W. Bush commented on the financial situation earlier today. ""Over the past few days, we have witnessed a startling drop in the stock market -- much of it driven by uncertainty and fear,"" he said. ""This has been a deeply unsettling period for the American people. Many of our citizens have serious concerns about their retirement accounts, their investments, and their economic well-being."" Bush then continued by promoting the government's plan's to get through the crises. ""Here's what the American people need to know: that the United States government is acting; we will continue to act to resolve this crisis and restore stability to our markets. We are a prosperous nation with immense resources and a wide range of tools at our disposal. We're using these tools aggressively."" Gordon Brown, the UK Prime Minister, also spoke on the economy. “I think we quickly realised that we cannot solve the problems we have got as a result of the sub-prime market collapse simply by improving liquidity,"" he said speaking in Birmingham to business leaders earlier today. “That would simply not be enough to deal with the bigger problem of rebuilding the banking system for the future and restoring trust is a fundamental element of that.” Jim Flaherty, the Canadian minister for finance, also commented today on the recent incidents in the economy. ""It is important to underline that Canada's banks and other financial institutions are sound, well capitalized and less leveraged than their international peers,"" he claimed. ""Our mortgage system is sound. Canadian households have smaller mortgages relative both to the value of their homes and to their disposable incomes than in the U.S."" """"However, it is becoming increasingly clear that the continuing disruption of global credit markets, which has been severe and protracted, is making it difficult for our financial institutions to raise long-term funding. This is beginning to affect the availability of mortgage loans and other types of credit in Canada,"" he continued. ""The Government has therefore decided to act to address the current scarcity of private sector lending to Canadian mortgage markets and lending markets overall. This is going to make loans and mortgages more available and more affordable for ordinary Canadians and businesses.""",Economy and business,True
114957,"G7 says ""all available tools"" will be used to solve crisis",Economy and business,"In the midst of the intensifying global financial crisis, finance ministers and central bankers of the G7 nations – Canada, France, Germany, Italy, Japan, the United States, and the United Kingdom – met in Washington, D.C. and released a joint statement. With failures of large financial institutions in the United States, the crisis rapidly evolved into a global crisis resulting in bank failures in Europe and the Americas, and sharp reductions in the value of stocks and commodities worldwide. The crisis further lead to a liquidity problem and the de-leveraging of world assets, which further accelerated the problem. The crisis has roots in the subprime mortgage crisis and is an acute phase of the financial crisis of 2007–2008. After the meeting, a joint statement was released with a commitment to ""stabilize financial markets and restore the flow of credit."" The statement outlined five steps to achieve these goals: ""Central banks from around the world have acted together to provide additional liquidity for financial institutions, taking the necessary steps to support the global economy,"" said US Secretary of the Treasury Henry Paulson in a statement after the meeting. ""We have taken a lot of actions,"" said European Central Bank President Jean-Claude Trichet. ""My experience of markets is that it always takes a little time to capture the elements [of the decisions taken]."" The Governor of the Bank of England Mervyn King said: ""Central banks will work together as we demonstrated this week, to ensure sufficient short term liquidity is provided to stabilise banking systems. But it is also vital that governments work together to ensure their banking systems are recapitalised to enable them to lend to finance spending in the real economy.""",Economy and business,True
33271,"Steve Fossett breaks record for longest nonstop flight, lands safely",Science and technology,"Steve Fossett, 61, has broken the record for flying the longest nonstop flight in aviation history and has landed safely in England although, Steve Ridgeway chief executive of Virgin Atlantic, the company sponsoring Fossett's record bid said, ""he burst two tires on landing and the poor GlobalFlyer had to be dragged off the runway."" Fossett had to land at Bournemouth Airport in Dorset instead of his planned destination of Manston Airport in Kent, because of generator problems. After the flight, Fossett told the press, ""I was really lucky to make it here today, there was a lot going on. The tension of the final part really took it out of me, but I will be fine in the morning."" Fossett broke the previous record of 25,361 miles (40,210 km) (set by Dick Rutan flying the lightweight Voyager aircraft in 1986) when he passed over Shannon Ireland, even though he lost 750 pounds of fuel just after take-off from Kennedy Space Center Wednesday. His record has been recorded to have been broken at; 11:59am on February 11, 2006, (EST). His trip has taken about 80 hours (3 1/2 days) and covered 26,389.3 miles (42,469 km). The plane Fossett was flying is a lightweight experimental aircraft. The GlobalFlyer is the only plane to make a non-stop circumnavigation of the earth on one tank of fuel. Fossett has broken 110 world records.",Science and technology,True
69070,Thomson Corporation and Reuters agree to merge,Economy and business,"The Thomson Corporation and Reuters Group PLC announced Tuesday that they have agreed to combine the two companies. The boards of both Thomson and Reuters will recommend the merger to their shareholders. The Canadian Thomson-family holding company Woodbridge, which controls 70% of Thomson, has agreed to vote in favour of the deal and the Reuters Founders Share Company, which controls a special share in Reuters, will also support the merger. Based on the TSX CA$46.36 closing share price of Thomson on May 14, 2007, each Reuters share would be valued at 691 pence and, therefore, the full capital of Reuters valued at approximately £8.7 billion. Cash requirements for the deal are to be provided by Thomson. Woodbridge will own approximately 53 percent of the combined company, other Thomson shareholders 23 percent and Reuters shareholders about 24 percent. The merger arrangement will leave two separate companies that will be operated as a single entity. The boards of the two companies will be identical as will the senior executive management team. Thomson will be renamed to Thomson-Reuters Corporation, and will be listed on both the TSX and the NYSE. Thomson-Reuters PLC will list on the London Stock Exchange and the NYSE. Reuters current CEO, Tom Glocer, will become CEO of the combined company while Thomson President and CEO Richard J. Harrington will retire at the completion of the merger. Thomson has currently 32,000 employees worldwide, with operations in 37 countries and  revenues of US$6.6 billion in 2006. Thomson's major business operations centre around financial information and legal services, with smaller ventures in tax accounting, health care, and the scientific field. Thomson is headquartered in Stamford, Connecticut, in the United States. Reuters is one of the world's largest news agencies, with a total of 16,800 staff in all divisions, but derives more than 90 percent of its revenue from its financial service business. It is the merger of Thomson and Reuter's financial services divisions that may have been the genesis of the talks. It has been suggested that both companies wanted a better economy of scale to compete with Bloomberg, the American financial services giant. ""We are enormously proud of the evolution of The Thomson Corporation and the value it has created for all our shareholders,"" said David Thomson, Chairman of Thomson. ""We recognize the rich history of Reuters and are committed to uphold the Reuters Trust Principles."" The chairman of Reuters, Niall FitzGerald, expressed his satisfaction with the merger. ""The shared expertise and complementary strengths of these two companies makes for a strategically compelling and financially attractive combination,"" said FitzGerald in a joint press release. ""I am especially proud that Reuters journalism will continue to be governed by the powerful Reuter Trust Principles of independence, integrity and freedom from bias."" The new company is projecting efficiencies of greater than US$500 million per year, by the end of the third year after closing the deal. Criticisms were raised by Reuters journalists, who voiced concerns in an open letter to the Reuters Founders Share Company. They worried whether or not ""a reconstituted Reuters would maintain the high standards of journalism and the integrity, independence and freedom from bias that have shaped the company's 156-year-old reputation."" It is expected that the merger will draw the attention of regulators due to the size and nature of the transaction. ""Antitrust authorities in Europe and the U.S. are almost certain to apply a more detailed and lengthy review of the acquisition than is typical, because of the limited number of companies that supply prices, data, news and financial tools,"" said Simon Baker, analyst, Credit Suisse in London.",Economy and business,True
781603,Nineteenth Maccabiah Games open in Jerusalem,Sports,"The nineteenth edition of the Maccabiah Games, one of the largest sporting events in the world, was inaugurated Thursday in Jerusalem's Teddy Kollek Stadium. Jewish athletes from all over the globe take part in this event every four years. US gold Olympic gymnast Aly Raisman lit the Maccabi cauldron. The ceremony was attended by the President of Israel, Shimon Peres, along with Israeli Prime Minister Benjamin Netanyahu and Jerusalem's mayor, Nir Barkat.  This year, over 40 sports are scheduled to be contested by more than 70 countries.",Sports,True
13146,Maciej Zurawski accepts Celtic's offer,Sports,"Forward Maciej Żurawski, one of the most famous Polish footballers, accepted a contract offer from Celtic yesterday. He is now waiting for agreement between Celtic and his former club, Wisla Krakow, where he played for nearly 6 years. Wisła wants to receive a lump sum payment at once, but Celtic would like to pay circa 3 millions euro in installments. Żurawski, the star of Polish national football team, rejected an offer from Trabzonspor. The Turks had offered approximately 100 thousand euro more for him. If he had accepted this offer, he would play alongside former Wisła's player, Mirosław Szymkowiak. Many people, including former Celtic star Dariusz Wdowczyk, believe he made the right decision. He will play for a club with a long history of international presence, and with chances of appearing in the Champions League this year, something Żurawski's expressed as his dream. Celtic will be Żurawski's fourth club in his career. He has played for Warta Poznan, Lech Poznan, and for Wisla. He will earn over €700 thousands per year.",Sports,True
2845310,Spanish Football Federation sacks Lopetegui as team's head coach one day before FIFA World Cup,Sports,"Today, the Real Federación Española de Fútbol (Royal Spanish Football Federation; RFEF) announced sacking Julen Lopetegui as the manager of Spanish men's national football team. This announcement came just a day after Spanish capital-football club Real Madrid announced reaching an agreement with Lopetegui as club's new head coach after the World Cup ends. This year's FIFA World Cup is to begin from tomorrow. Yesterday, via their official website, Real Madrid announced Lopetegui to coach the first team for the next three seasons. To manage the national team, Lopetegui should not have a contract with any football club. Speaking at a press conference at Krasnodar, RFEF's head Luis Rubiales said, ""I found out five minutes before Real Madrid made the announcement [about Lopetegui]. I asked that nothing was to be done until the team arrives at Krasnodar. But this is not possible"" ((es))Spanish language: ‍Me enteré cinco minutos antes que el Real Madrid lo anunciara. Pedí que no se hiciera nada hasta llegar a Krasnodar. Pero no fue posible. Rubiales said, ""I do not feel betrayed. While he has been with us, Lopetegui has done an impeccable job."" ((es))Spanish language: ‍No me siento traicionado. Lopetegui, mientras ha estado con nosotros, ha hecho un trabajo impecable. Sporting director Fernando Hierro was named as the national team's new head coach. Julen Lopetegui was announced La Roja's manager on July 21, 2016. Lopetegui has been in-charge of the national team for 20 matches, winning fourteen and drawing the remaining six. Lopetegui was the manager of Spain's U-19 team from 2010 till 2012. Later, he handled sub-20 before moving to the U-21 team. He has also coached Portuguese club Porto FC. In the press conference, Rubiales said, ""Winning is very important, but there are more important things, like the way of work. So despite Lopetegui being a 'top' coach, we have been forced to make this decision"" ((es))Spanish language: ‍Ganar es muy importante, pero hay cosas más importantes aún, como las formas de trabajar. Por ello, pese a que Lopetegui es un entrenador 'top', nos hemos visto obligados a tomar esta decisión. Spain is scheduled to play their first group stage match against Portugal on Friday in Sochi. On May 22, RFEF announced Lopetegui renewing his contract, extending it to 2020.",Sports,True
